company_name,inventory_month,month,total_opening_value,total_issue_value,total_closing_value,inventory_turnover_ratio
3M,2022-04-01,April,0.0,600.0,0.0,""
3M,2022-05-01,May,0.0,1200.0,0.0,""
3M,2022-10-01,October,0.0,600.0,0.0,""
3M,2022-12-01,December,0.0,636.0,0.0,""
3M,2023-03-01,March,0.0,1272.0,0.0,""
3M,2023-12-01,December,0.0,0.0,1540.0,0.0
3M,2024-01-01,January,1540.0,0.0,1540.0,0.0
3M,2024-02-01,February,1540.0,0.0,1540.0,0.0
3M,2024-03-01,March,1540.0,0.0,0.0,0.0
3MIL,2023-11-01,November,0.0,470.0,0.0,""
3MIL,2024-01-01,January,0.0,0.0,270.0,0.0
3MIL,2024-02-01,February,270.0,0.0,270.0,0.0
3MIL,2024-03-01,March,270.0,0.0,270.0,0.0
3MIL,2024-04-01,April,270.0,0.0,270.0,0.0
3MIL,2024-05-01,May,270.0,0.0,270.0,0.0
ABBOTT HEALTHCARE PVT. LTD,2022-09-01,September,0.0,609.0,0.0,""
AICE HEALTH CARE PVT LTD,2023-12-01,December,0.0,4303.28,8713.88,0.99
AICE HEALTH CARE PVT LTD,2024-01-01,January,8713.88,8629.12,9453.17,0.95
AICE HEALTH CARE PVT LTD,2024-02-01,February,9453.17,4865.78,23563.8,0.29
AICE HEALTH CARE PVT LTD,2024-03-01,March,23563.8,11438.03,24494.46,0.48
AICE HEALTH CARE PVT LTD,2024-04-01,April,23120.78,2865.19,20537.45,0.13
AICE HEALTH CARE PVT LTD,2024-05-01,May,20537.45,8799.79,19887.02,0.44
AJANTA PHARMA LTD,2022-04-01,April,0.0,1868.96,4737.56,0.79
AJANTA PHARMA LTD,2022-05-01,May,4737.56,6756.34,8607.66,1.01
AJANTA PHARMA LTD,2022-06-01,June,8607.66,5570.23,15786.27,0.46
AJANTA PHARMA LTD,2022-07-01,July,15786.27,6762.38,9299.91,0.54
AJANTA PHARMA LTD,2022-08-01,August,9299.91,0.0,9299.91,0.0
AJANTA PHARMA LTD,2022-09-01,September,9299.91,3157.99,6270.82,0.41
AJANTA PHARMA LTD,2022-10-01,October,6270.82,0.0,6270.82,0.0
AJANTA PHARMA LTD,2022-12-01,December,5440.99,250.12,5198.6,0.05
AJANTA PHARMA LTD,2023-01-01,January,5198.6,0.0,5198.6,0.0
AJANTA PHARMA LTD,2023-02-01,February,5198.6,0.0,5198.6,0.0
AJANTA PHARMA LTD,2023-03-01,March,5198.6,0.0,5198.6,0.0
AJANTA PHARMA LTD,2023-04-01,April,5198.6,2857.74,2457.5,0.75
AJANTA PHARMA LTD,2023-05-01,May,2457.5,0.0,2457.5,0.0
AJANTA PHARMA LTD,2023-06-01,June,2457.5,0.0,2457.5,0.0
AJANTA PHARMA LTD,2023-09-01,September,813.8,623.88,856.9,0.75
AJANTA PHARMA LTD,2023-10-01,October,856.9,510.0,406.9,0.81
AJANTA PHARMA LTD,2023-11-01,November,406.9,0.0,856.9,0.0
AJANTA PHARMA LTD,2023-12-01,December,856.9,510.0,406.9,0.81
AJANTA PHARMA LTD,2024-01-01,January,406.9,0.0,406.9,0.0
AJANTA PHARMA LTD,2024-02-01,February,406.9,0.0,406.9,0.0
AJANTA PHARMA LTD,2024-03-01,March,406.9,0.0,406.9,0.0
AJANTA PHARMA LTD,2024-04-01,April,406.9,0.0,406.9,0.0
AJANTA PHARMA LTD,2024-05-01,May,406.9,0.0,406.9,0.0
ALKEM HEALTH SCIENCES,2022-04-01,April,0.0,687.5,0.0,""
ALKEM HEALTH SCIENCES,2022-05-01,May,0.0,330.0,0.0,""
ALKEM LABORATORIES LTD,2022-04-01,April,0.0,175.0,0.0,""
ALKEM LABORATORIES LTD,2022-06-01,June,0.0,110.0,0.0,""
ALKEM LABORATORIES LTD,2022-08-01,August,0.0,206.0,0.0,""
ALKEM LABORATORIES LTD,2022-09-01,September,0.0,301.0,187.0,3.22
ALKEM LABORATORIES LTD,2022-10-01,October,187.0,220.0,206.0,1.12
ALKEM LABORATORIES LTD,2022-11-01,November,206.0,348.0,0.0,3.38
ALKEM LABORATORIES LTD,2022-12-01,December,0.0,308.0,0.0,""
ALKEM LABORATORIES LTD,2023-02-01,February,0.0,210.0,0.0,""
ALKEM LABORATORIES LTD,2023-08-01,August,0.0,210.0,0.0,""
ALKEM LABORATORIES LTD,2023-10-01,October,0.0,130.0,228.0,1.14
ALKEM LABORATORIES LTD,2023-11-01,November,228.0,260.0,0.0,2.28
ALKEM LABORATORIES LTD,2024-01-01,January,0.0,130.0,0.0,""
ALKEM LABORATORIES LTD,2024-02-01,February,0.0,294.0,0.0,""
ALKEM LABORATORIES LTD,2024-05-01,May,0.0,260.0,0.0,""
ALLERGAN INDIA PVT LTD,2022-04-01,April,18130.37,7802.63,15788.37,0.46
ALLERGAN INDIA PVT LTD,2022-05-01,May,15788.37,2726.11,12996.4,0.19
ALLERGAN INDIA PVT LTD,2022-06-01,June,12996.4,14158.43,18660.75,0.89
ALLERGAN INDIA PVT LTD,2022-07-01,July,18660.75,9373.73,14902.71,0.56
ALLERGAN INDIA PVT LTD,2022-08-01,August,14902.71,5980.19,15801.95,0.39
ALLERGAN INDIA PVT LTD,2022-09-01,September,15801.95,8927.53,13535.87,0.61
ALLERGAN INDIA PVT LTD,2022-10-01,October,13535.87,9767.69,13151.47,0.73
ALLERGAN INDIA PVT LTD,2022-11-01,November,13151.47,7136.91,6388.47,0.73
ALLERGAN INDIA PVT LTD,2022-12-01,December,6388.47,1493.74,4983.2,0.26
ALLERGAN INDIA PVT LTD,2023-01-01,January,4983.2,1145.8,3899.63,0.26
ALLERGAN INDIA PVT LTD,2023-02-01,February,3899.63,1102.22,2860.36,0.33
ALLERGAN INDIA PVT LTD,2023-03-01,March,2860.36,0.0,2860.36,0.0
ALLERGAN INDIA PVT LTD,2023-04-01,April,2860.35,0.0,2860.35,0.0
ALLERGAN INDIA PVT LTD,2023-05-01,May,2860.35,0.0,2860.35,0.0
ALLERGAN INDIA PVT LTD,2023-06-01,June,2860.35,0.0,2860.35,0.0
ALLERGAN INDIA PVT LTD,2023-07-01,July,2860.35,0.0,2860.35,0.0
ALLERGAN INDIA PVT LTD,2023-08-01,August,2860.35,0.0,2860.35,0.0
ALLERGAN INDIA PVT LTD,2023-09-01,September,2860.35,0.0,2860.35,0.0
ALLERGAN INDIA PVT LTD,2023-10-01,October,2860.35,0.0,2860.35,0.0
ALLERGAN INDIA PVT LTD,2023-11-01,November,2860.35,0.0,2860.35,0.0
ALLERGAN INDIA PVT LTD,2023-12-01,December,2860.35,0.0,0.0,0.0
AMERICAN PHARMA REMEDIES L,2022-07-01,July,0.0,212.5,0.0,""
AMERICAN PHARMA REMEDIES L,2022-09-01,September,0.0,0.0,400.0,0.0
AMERICAN PHARMA REMEDIES L,2022-10-01,October,400.0,425.0,0.0,2.13
AMERICAN PHARMA REMEDIES L,2023-01-01,January,0.0,212.5,0.0,""
AMNEAL HEALTHCARE PVT LTD,2024-01-01,January,0.0,0.0,44386.0,0.0
AMNEAL HEALTHCARE PVT LTD,2024-02-01,February,44386.0,0.0,44386.0,0.0
AMNEAL HEALTHCARE PVT LTD,2024-03-01,March,44386.0,4296.0,40090.0,0.1
AMNEAL HEALTHCARE PVT LTD,2024-04-01,April,40090.0,0.0,40090.0,0.0
AMNEAL HEALTHCARE PVT LTD,2024-05-01,May,40090.0,9172.5,29807.0,0.26
APPASAMY OCULAR DEVICES P,2022-04-01,April,24946.83,43977.24,40148.21,1.35
APPASAMY OCULAR DEVICES P,2022-05-01,May,40148.21,42930.14,55482.79,0.9
APPASAMY OCULAR DEVICES P,2022-06-01,June,55482.79,62891.71,50891.52,1.18
APPASAMY OCULAR DEVICES P,2022-07-01,July,50891.52,45260.98,53955.53,0.86
APPASAMY OCULAR DEVICES P,2022-08-01,August,53955.53,56917.88,28673.84,1.38
APPASAMY OCULAR DEVICES P,2022-09-01,September,28673.84,113558.9,29130.08,3.93
APPASAMY OCULAR DEVICES P,2022-10-01,October,29130.08,41930.9,44978.55,1.13
APPASAMY OCULAR DEVICES P,2022-11-01,November,44978.55,49679.96,42522.9,1.14
APPASAMY OCULAR DEVICES P,2022-12-01,December,42522.9,72540.93,40213.66,1.75
APPASAMY OCULAR DEVICES P,2023-01-01,January,40213.66,71872.16,52682.26,1.55
APPASAMY OCULAR DEVICES P,2023-02-01,February,52682.26,63585.22,49730.74,1.24
APPASAMY OCULAR DEVICES P,2023-03-01,March,49730.74,79130.61,29550.91,2.0
APPASAMY OCULAR DEVICES P,2023-04-01,April,30005.1,35573.59,44835.56,0.95
APPASAMY OCULAR DEVICES P,2023-05-01,May,44835.56,55833.46,41480.36,1.29
APPASAMY OCULAR DEVICES P,2023-06-01,June,41480.36,53152.38,42746.35,1.26
APPASAMY OCULAR DEVICES P,2023-07-01,July,42746.35,63076.89,38160.0,1.56
APPASAMY OCULAR DEVICES P,2023-08-01,August,38160.0,75899.31,37240.99,2.01
APPASAMY OCULAR DEVICES P,2023-09-01,September,37240.99,68310.58,60268.79,1.4
APPASAMY OCULAR DEVICES P,2023-10-01,October,60268.79,76899.83,62301.8,1.25
APPASAMY OCULAR DEVICES P,2023-11-01,November,62301.8,74772.37,75813.07,1.08
APPASAMY OCULAR DEVICES P,2023-12-01,December,75813.07,74750.69,62494.29,1.08
APPASAMY OCULAR DEVICES P,2024-01-01,January,62494.29,80213.38,57210.4,1.34
APPASAMY OCULAR DEVICES P,2024-02-01,February,57210.4,85126.89,76602.0,1.27
APPASAMY OCULAR DEVICES P,2024-03-01,March,76602.08,68111.09,53469.65,1.05
APPASAMY OCULAR DEVICES P,2024-04-01,April,54587.92,39507.27,57362.5,0.71
APPASAMY OCULAR DEVICES P,2024-05-01,May,57362.5,84758.21,25510.32,2.05
APPLE PHARMACEUTICALS,2022-04-01,April,2951.28,12152.0,5358.96,2.92
APPLE PHARMACEUTICALS,2022-05-01,May,5358.96,0.0,5358.96,0.0
APPLE PHARMACEUTICALS,2022-06-01,June,5358.96,11868.2,4066.02,2.52
APPLE PHARMACEUTICALS,2022-07-01,July,4066.02,0.0,9511.02,0.0
APPLE PHARMACEUTICALS,2022-08-01,August,9511.02,5537.0,4066.02,0.82
APPLE PHARMACEUTICALS,2022-09-01,September,4066.02,0.0,4066.02,0.0
APPLE PHARMACEUTICALS,2022-10-01,October,4066.02,0.0,9511.02,0.0
APPLE PHARMACEUTICALS,2022-11-01,November,9511.02,9439.0,900.0,1.81
APPLE PHARMACEUTICALS,2022-12-01,December,900.0,3518.2,900.0,3.91
APPLE PHARMACEUTICALS,2023-01-01,January,900.0,0.0,900.0,0.0
APPLE PHARMACEUTICALS,2023-02-01,February,900.0,0.0,900.0,0.0
APPLE PHARMACEUTICALS,2023-03-01,March,900.0,5668.32,4370.94,2.15
APPLE PHARMACEUTICALS,2023-04-01,April,4370.94,0.0,4370.94,0.0
APPLE PHARMACEUTICALS,2023-05-01,May,4370.94,0.0,4370.94,0.0
APPLE PHARMACEUTICALS,2023-06-01,June,4370.94,3778.88,900.0,1.43
APPLE PHARMACEUTICALS,2023-07-01,July,900.0,17368.32,900.0,19.3
APPLE PHARMACEUTICALS,2023-08-01,August,900.0,3518.2,4167.0,1.39
APPLE PHARMACEUTICALS,2023-09-01,September,4167.0,6760.0,8785.35,1.04
APPLE PHARMACEUTICALS,2023-10-01,October,8785.35,5066.6,4132.35,0.78
APPLE PHARMACEUTICALS,2023-11-01,November,4132.35,5600.0,9577.35,0.82
APPLE PHARMACEUTICALS,2023-12-01,December,9577.35,12161.8,3394.8,1.88
APPLE PHARMACEUTICALS,2024-01-01,January,3394.8,0.0,13636.35,0.0
APPLE PHARMACEUTICALS,2024-02-01,February,13636.35,3518.2,10404.0,0.29
APPLE PHARMACEUTICALS,2024-03-01,March,10404.0,5929.0,4959.0,0.77
APPLE PHARMACEUTICALS,2024-04-01,April,4959.0,14580.0,5487.43,2.79
APPLE PHARMACEUTICALS,2024-05-01,May,5487.43,6468.0,8719.78,0.91
AUROLAB,2022-04-01,April,14727.56,6190.37,11973.81,0.46
AUROLAB,2022-05-01,May,11973.81,6493.68,11376.32,0.56
AUROLAB,2022-06-01,June,11376.32,389.1,14883.79,0.03
AUROLAB,2022-07-01,July,14883.79,3202.32,11926.99,0.24
AUROLAB,2022-08-01,August,11926.99,5540.32,12601.99,0.45
AUROLAB,2022-09-01,September,12601.99,10206.48,21194.24,0.6
AUROLAB,2022-10-01,October,21194.24,19800.0,9862.24,1.28
AUROLAB,2022-11-01,November,9862.24,9965.92,5020.1,1.34
AUROLAB,2022-12-01,December,5020.1,6956.96,4120.1,1.52
AUROLAB,2023-01-01,January,4120.1,8326.08,7353.35,1.45
AUROLAB,2023-02-01,February,7353.35,5189.94,7510.67,0.7
AUROLAB,2023-03-01,March,7510.67,5757.78,6199.98,0.84
AUROLAB,2023-04-01,April,6644.55,2590.0,12197.74,0.27
AUROLAB,2023-05-01,May,12197.74,7204.4,6067.95,0.79
AUROLAB,2023-06-01,June,6067.95,6022.84,6900.87,0.93
AUROLAB,2023-07-01,July,6900.87,10223.61,4167.93,1.85
AUROLAB,2023-08-01,August,4167.93,6668.8,5726.73,1.35
AUROLAB,2023-09-01,September,5726.73,6302.12,6337.59,1.04
AUROLAB,2023-10-01,October,6337.59,520.0,5875.86,0.09
AUROLAB,2023-11-01,November,5875.86,10166.8,7090.51,1.57
AUROLAB,2023-12-01,December,7090.51,15442.7,7482.45,2.12
AUROLAB,2024-01-01,January,7482.45,14700.53,12555.64,1.47
AUROLAB,2024-02-01,February,12555.64,11317.02,10889.28,0.97
AUROLAB,2024-03-01,March,10889.28,22529.4,6989.12,2.52
AUROLAB,2024-04-01,April,7057.72,8083.16,8498.4,1.04
AUROLAB,2024-05-01,May,8498.4,12336.4,8393.28,1.46
AUSTRAK PHARMA,2023-04-01,April,0.0,472.51,1457.39,0.65
AUSTRAK PHARMA,2023-05-01,May,1457.39,1296.42,433.95,1.37
AUSTRAK PHARMA,2023-06-01,June,433.95,189.0,289.3,0.52
AUSTRAK PHARMA,2023-07-01,July,289.3,0.0,289.3,0.0
AUSTRAK PHARMA,2023-08-01,August,289.3,0.0,289.3,0.0
AUSTRAK PHARMA,2023-09-01,September,289.3,0.0,2847.9,0.0
AUSTRAK PHARMA,2023-10-01,October,2847.9,2925.24,289.3,1.86
AUSTRAK PHARMA,2023-11-01,November,289.3,0.0,545.16,0.0
AUSTRAK PHARMA,2023-12-01,December,545.16,0.0,630.45,0.0
AUSTRAK PHARMA,2024-01-01,January,630.45,0.0,630.45,0.0
AUSTRAK PHARMA,2024-02-01,February,630.45,0.0,630.45,0.0
AUSTRAK PHARMA,2024-03-01,March,630.45,0.0,289.3,0.0
AUSTRAK PHARMA,2024-04-01,April,289.3,0.0,289.3,0.0
AUSTRAK PHARMA,2024-05-01,May,289.3,0.0,289.3,0.0
BARODA SURGICAL BIOMEDS,2022-07-01,July,0.0,625.0,0.0,""
BARODA SURGICAL BIOMEDS,2022-08-01,August,0.0,567.0,0.0,""
BARODA SURGICAL BIOMEDS,2022-09-01,September,0.0,63.0,0.0,""
BARODA SURGICAL BIOMEDS,2022-11-01,November,0.0,64.0,0.0,""
BARODA SURGICAL BIOMEDS,2023-08-01,August,0.0,120.0,0.0,""
BAXTER INDIA PVT LTD,2023-03-01,March,0.0,0.0,49.0,0.0
BAXTER INDIA PVT LTD,2023-04-01,April,49.0,0.0,49.0,0.0
BAXTER INDIA PVT LTD,2023-05-01,May,49.0,0.0,49.0,0.0
BAXTER INDIA PVT LTD,2023-06-01,June,49.0,0.0,49.0,0.0
BAXTER INDIA PVT LTD,2023-07-01,July,49.0,0.0,49.0,0.0
BAXTER INDIA PVT LTD,2023-08-01,August,49.0,0.0,49.0,0.0
BAXTER INDIA PVT LTD,2023-09-01,September,49.0,0.0,49.0,0.0
BAXTER INDIA PVT LTD,2023-10-01,October,49.0,0.0,49.0,0.0
BAXTER INDIA PVT LTD,2023-11-01,November,49.0,0.0,49.0,0.0
BAXTER INDIA PVT LTD,2023-12-01,December,49.0,0.0,49.0,0.0
BAXTER INDIA PVT LTD,2024-01-01,January,49.0,0.0,49.0,0.0
BAXTER INDIA PVT LTD,2024-02-01,February,49.0,0.0,49.0,0.0
BAXTER INDIA PVT LTD,2024-03-01,March,49.0,0.0,0.0,0.0
BECTON DICKINSON & COMPANY,2023-10-01,October,0.0,720.0,0.0,""
BECTON DICKINSON & COMPANY,2023-11-01,November,0.0,3600.0,2010.0,3.58
BECTON DICKINSON & COMPANY,2023-12-01,December,2010.0,2160.0,0.0,2.15
BECTON DICKINSON & COMPANY,2024-02-01,February,0.0,720.0,0.0,""
BECTON DICKINSON & COMPANY,2024-03-01,March,0.0,1800.0,0.0,""
BECTON DICKINSON & COMPANY,2024-04-01,April,0.0,370.0,0.0,""
BERRY&HERBS PHARMA PVT LTD,2023-07-01,July,0.0,0.0,34157.52,0.0
BERRY&HERBS PHARMA PVT LTD,2023-08-01,August,34157.59,15620.91,21439.69,0.56
BERRY&HERBS PHARMA PVT LTD,2023-09-01,September,21439.69,7952.99,25984.27,0.34
BERRY&HERBS PHARMA PVT LTD,2023-10-01,October,25984.27,0.0,25984.27,0.0
BERRY&HERBS PHARMA PVT LTD,2023-11-01,November,25984.27,6059.42,20790.46,0.26
BERRY&HERBS PHARMA PVT LTD,2023-12-01,December,20790.46,3621.3,34324.66,0.13
BERRY&HERBS PHARMA PVT LTD,2024-01-01,January,34324.73,7295.12,27625.06,0.24
BERRY&HERBS PHARMA PVT LTD,2024-02-01,February,27625.13,84506.19,44169.94,2.35
BERRY&HERBS PHARMA PVT LTD,2024-03-01,March,44170.04,44809.16,36861.34,1.11
BERRY&HERBS PHARMA PVT LTD,2024-04-01,April,36023.93,23579.21,49143.94,0.55
BERRY&HERBS PHARMA PVT LTD,2024-05-01,May,49143.98,52915.69,80051.84,0.82
BORN HEALTHCARE PVT LTD,2022-04-01,April,23.5,230.5,23.5,9.81
BORN HEALTHCARE PVT LTD,2022-05-01,May,23.5,0.0,23.5,0.0
BORN HEALTHCARE PVT LTD,2022-06-01,June,23.5,360.0,23.5,15.32
BORN HEALTHCARE PVT LTD,2022-07-01,July,23.5,72.0,23.5,3.06
BORN HEALTHCARE PVT LTD,2022-08-01,August,23.5,500.0,23.5,21.28
BORN HEALTHCARE PVT LTD,2022-09-01,September,23.5,50.0,23.5,2.13
BORN HEALTHCARE PVT LTD,2022-10-01,October,23.5,125.0,23.5,5.32
BORN HEALTHCARE PVT LTD,2022-11-01,November,23.5,0.0,23.5,0.0
BORN HEALTHCARE PVT LTD,2022-12-01,December,23.5,375.0,23.5,15.96
BORN HEALTHCARE PVT LTD,2023-01-01,January,23.5,250.0,23.5,10.64
BORN HEALTHCARE PVT LTD,2023-02-01,February,23.5,194.45,23.5,8.27
BORN HEALTHCARE PVT LTD,2023-03-01,March,23.5,250.0,23.5,10.64
BORN HEALTHCARE PVT LTD,2023-04-01,April,25.25,0.0,25.25,0.0
BORN HEALTHCARE PVT LTD,2023-05-01,May,25.25,0.0,277.75,0.0
BORN HEALTHCARE PVT LTD,2023-06-01,June,277.75,410.0,25.25,2.71
BORN HEALTHCARE PVT LTD,2023-07-01,July,25.25,280.0,25.25,11.09
BORN HEALTHCARE PVT LTD,2023-08-01,August,25.25,280.0,25.25,11.09
BORN HEALTHCARE PVT LTD,2023-09-01,September,25.25,280.0,25.25,11.09
BORN HEALTHCARE PVT LTD,2023-10-01,October,25.25,140.0,25.25,5.54
BORN HEALTHCARE PVT LTD,2023-11-01,November,25.25,0.0,25.25,0.0
BORN HEALTHCARE PVT LTD,2023-12-01,December,25.25,280.0,25.25,11.09
BORN HEALTHCARE PVT LTD,2024-01-01,January,25.25,420.0,25.25,16.63
BORN HEALTHCARE PVT LTD,2024-02-01,February,25.25,0.0,25.25,0.0
BORN HEALTHCARE PVT LTD,2024-03-01,March,25.25,0.0,0.0,0.0
BORN HEALTHCARE PVT LTD,2024-04-01,April,0.0,560.0,0.0,""
BORN HEALTHCARE PVT LTD,2024-05-01,May,0.0,700.0,0.0,""
CADILA,2022-06-01,June,0.0,67.5,0.0,""
CADILA,2022-07-01,July,0.0,67.5,0.0,""
CADILA,2022-08-01,August,0.0,337.5,0.0,""
CADILA,2022-09-01,September,0.0,0.0,63.0,0.0
CADILA,2022-10-01,October,63.0,140.0,63.0,2.22
CADILA,2022-11-01,November,63.0,210.0,0.0,6.67
CADILA,2022-12-01,December,0.0,70.0,0.0,""
CADILA,2023-01-01,January,0.0,70.0,126.0,1.11
CADILA,2023-02-01,February,126.0,140.0,0.0,2.22
CADILA,2023-03-01,March,0.0,70.0,0.0,""
CADILA,2023-04-01,April,0.0,210.0,0.0,""
CADILA,2023-07-01,July,0.0,140.0,0.0,""
CADILA,2023-08-01,August,0.0,280.0,0.0,""
CADILA,2023-09-01,September,0.0,280.0,0.0,""
CADILA,2023-10-01,October,0.0,350.0,0.0,""
CADILA,2024-03-01,March,0.0,140.0,0.0,""
CADILA,2024-04-01,April,0.0,0.0,126.0,0.0
CADILA,2024-05-01,May,126.0,140.0,0.0,2.22
CARE GROUP,2022-04-01,April,34451.54,11830.18,57642.24,0.26
CARE GROUP,2022-05-01,May,57642.24,16136.12,53309.29,0.29
CARE GROUP,2022-06-01,June,53309.29,5069.96,45322.91,0.1
CARE GROUP,2022-07-01,July,45322.91,21810.93,25727.66,0.61
CARE GROUP,2022-08-01,August,25727.66,88.2,25658.71,0.0
CARE GROUP,2022-09-01,September,25658.71,3919.0,17211.06,0.18
CARE GROUP,2022-10-01,October,17211.06,2850.0,17811.06,0.16
CARE GROUP,2022-11-01,November,17811.06,4581.0,19211.06,0.25
CARE GROUP,2022-12-01,December,19211.06,360.0,18911.06,0.02
CARE GROUP,2023-01-01,January,18911.06,355.0,18611.06,0.02
CARE GROUP,2023-02-01,February,18611.06,3320.0,18611.06,0.18
CARE GROUP,2023-03-01,March,18611.06,6423.0,5758.0,0.53
CARE GROUP,2023-04-01,April,5758.0,4165.0,8718.0,0.58
CARE GROUP,2023-05-01,May,8718.0,2550.0,6498.0,0.34
CARE GROUP,2023-06-01,June,6498.0,0.0,9458.0,0.0
CARE GROUP,2023-07-01,July,9458.0,4470.0,10311.82,0.45
CARE GROUP,2023-08-01,August,10311.82,4290.0,9110.12,0.44
CARE GROUP,2023-09-01,September,9110.12,1600.0,7578.12,0.19
CARE GROUP,2023-10-01,October,7578.12,2550.0,5358.12,0.39
CARE GROUP,2023-11-01,November,5358.12,1650.0,3878.12,0.36
CARE GROUP,2023-12-01,December,3878.12,3060.0,1396.3,1.16
CARE GROUP,2024-01-01,January,1396.3,720.0,752.3,0.67
CARE GROUP,2024-02-01,February,752.3,6742.4,2319.74,4.39
CARE GROUP,2024-03-01,March,2319.74,0.0,6759.74,0.0
CARE GROUP,2024-04-01,April,6759.74,170.0,6611.74,0.03
CARE GROUP,2024-05-01,May,6611.74,4620.0,2467.74,1.02
CHC,2023-04-01,April,0.0,360.0,0.0,""
CHC,2023-06-01,June,0.0,180.0,140.0,2.57
CHC,2023-07-01,July,140.0,400.0,280.0,1.9
CHC,2023-08-01,August,280.0,740.0,420.0,2.11
CHC,2023-09-01,September,420.0,800.0,140.0,2.86
CHC,2023-10-01,October,140.0,760.0,0.0,10.86
CHC,2023-11-01,November,0.0,580.0,700.0,1.66
CHC,2023-12-01,December,700.0,1100.0,0.0,3.14
CHC,2024-01-01,January,0.0,360.0,0.0,""
CHC,2024-02-01,February,0.0,540.0,0.0,""
CHC,2024-03-01,March,0.0,440.0,0.0,""
CIPLA,2022-04-01,April,2369.66,0.0,2369.66,0.0
CIPLA,2022-05-01,May,2369.66,0.0,2369.66,0.0
CIPLA,2022-06-01,June,2369.66,0.0,2369.66,0.0
CIPLA,2022-07-01,July,2369.66,0.0,2369.66,0.0
CIPLA,2022-08-01,August,2369.66,0.0,2369.66,0.0
CIPLA,2022-09-01,September,2369.66,0.0,2369.66,0.0
CIPLA,2022-10-01,October,2369.66,0.0,2369.66,0.0
CIPLA,2022-11-01,November,2369.66,0.0,2369.66,0.0
CIPLA,2022-12-01,December,2369.66,0.0,2369.66,0.0
CIPLA,2023-01-01,January,2369.66,0.0,2369.66,0.0
CIPLA,2023-02-01,February,2369.66,0.0,2369.66,0.0
CIPLA,2023-03-01,March,2369.66,0.0,2369.66,0.0
CIPLA,2023-04-01,April,2369.66,0.0,2369.66,0.0
CIPLA,2023-05-01,May,2369.66,0.0,2369.66,0.0
CIPLA,2023-06-01,June,2369.66,0.0,2369.66,0.0
CIPLA,2023-07-01,July,2369.66,0.0,2369.66,0.0
CIPLA,2023-08-01,August,2369.66,0.0,2369.66,0.0
CIPLA,2023-09-01,September,2369.66,0.0,2369.66,0.0
CIPLA,2023-10-01,October,2369.66,0.0,2369.66,0.0
CIPLA,2023-11-01,November,2369.66,0.0,2369.66,0.0
CIPLA,2023-12-01,December,2369.66,0.0,2369.66,0.0
CIPLA,2024-01-01,January,2369.66,0.0,2369.66,0.0
CIPLA,2024-02-01,February,2369.66,0.0,2369.66,0.0
CIPLA,2024-03-01,March,2369.66,0.0,0.0,0.0
CLARIS OSTUKA,2022-04-01,April,0.0,369.0,0.0,""
CLARIS OSTUKA,2022-05-01,May,0.0,901.5,0.0,""
CLARIS OSTUKA,2022-06-01,June,0.0,550.6,3210.0,0.34
CLARIS OSTUKA,2022-07-01,July,3210.0,2516.4,107.0,1.52
CLARIS OSTUKA,2022-08-01,August,107.0,2048.0,107.0,19.14
CLARIS OSTUKA,2022-09-01,September,107.0,1325.0,0.0,24.77
CLARIS OSTUKA,2022-10-01,October,0.0,1894.0,214.0,17.7
CLARIS OSTUKA,2022-11-01,November,214.0,1903.0,0.0,17.79
CLARIS OSTUKA,2022-12-01,December,0.0,1284.0,0.0,""
CLARIS OSTUKA,2023-01-01,January,0.0,1683.0,0.0,""
CLARIS OSTUKA,2023-02-01,February,0.0,2113.0,107.0,39.5
CLARIS OSTUKA,2023-03-01,March,107.0,1798.0,0.0,33.61
CLARIS OSTUKA,2023-04-01,April,0.0,2068.0,0.0,""
CLARIS OSTUKA,2023-05-01,May,0.0,0.0,112.0,0.0
CLARIS OSTUKA,2023-06-01,June,112.0,941.0,905.8,1.85
CLARIS OSTUKA,2023-07-01,July,905.8,3390.0,1017.8,3.52
CLARIS OSTUKA,2023-08-01,August,1017.8,5730.0,0.0,11.26
CLARIS OSTUKA,2023-09-01,September,0.0,6070.0,560.0,21.68
CLARIS OSTUKA,2023-10-01,October,560.0,8125.0,224.0,20.73
CLARIS OSTUKA,2023-11-01,November,224.0,2830.0,560.0,7.22
CLARIS OSTUKA,2023-12-01,December,560.0,9275.0,270.0,22.35
CLARIS OSTUKA,2024-01-01,January,270.0,780.0,0.0,5.78
CLARIS OSTUKA,2024-02-01,February,0.0,1200.0,224.0,10.71
CLARIS OSTUKA,2024-03-01,March,224.0,450.0,0.0,4.02
CLARIS OSTUKA,2024-04-01,April,0.0,420.0,0.0,""
CLARIS OSTUKA,2024-05-01,May,0.0,420.0,0.0,""
COASTAL HEALTH CARE,2022-06-01,June,0.0,0.0,44.0,0.0
COASTAL HEALTH CARE,2022-07-01,July,44.0,0.0,44.0,0.0
COASTAL HEALTH CARE,2022-08-01,August,44.0,0.0,44.0,0.0
COASTAL HEALTH CARE,2022-09-01,September,44.0,0.0,44.0,0.0
COASTAL HEALTH CARE,2022-10-01,October,44.0,0.0,44.0,0.0
COASTAL HEALTH CARE,2022-11-01,November,44.0,0.0,44.0,0.0
COASTAL HEALTH CARE,2022-12-01,December,44.0,0.0,44.0,0.0
COASTAL HEALTH CARE,2023-01-01,January,44.0,0.0,44.0,0.0
COASTAL HEALTH CARE,2023-02-01,February,44.0,44.0,0.0,2.0
DIAMOND MEDI CARE,2022-05-01,May,0.0,2710.0,0.0,""
DIAMOND MEDI CARE,2022-06-01,June,0.0,4380.0,1720.0,5.09
DIAMOND MEDI CARE,2022-07-01,July,1720.0,3540.0,1160.0,2.46
DIAMOND MEDI CARE,2022-08-01,August,1160.0,3590.0,3600.0,1.51
DIAMOND MEDI CARE,2022-09-01,September,3600.0,8980.0,500.0,4.38
DIAMOND MEDI CARE,2022-10-01,October,500.0,180.0,500.0,0.36
DIAMOND MEDI CARE,2022-11-01,November,500.0,350.0,500.0,0.7
DIAMOND MEDI CARE,2022-12-01,December,500.0,0.0,500.0,0.0
DIAMOND MEDI CARE,2023-01-01,January,500.0,0.0,500.0,0.0
DIAMOND MEDI CARE,2023-02-01,February,500.0,0.0,500.0,0.0
DIAMOND MEDI CARE,2023-03-01,March,500.0,0.0,500.0,0.0
DIAMOND MEDI CARE,2023-04-01,April,500.0,0.0,500.0,0.0
DIAMOND MEDI CARE,2023-05-01,May,500.0,0.0,500.0,0.0
DIAMOND MEDI CARE,2023-06-01,June,500.0,0.0,500.0,0.0
DIAMOND MEDI CARE,2023-07-01,July,500.0,0.0,500.0,0.0
DIAMOND MEDI CARE,2023-08-01,August,500.0,0.0,500.0,0.0
DIAMOND MEDI CARE,2023-09-01,September,500.0,0.0,500.0,0.0
DIAMOND MEDI CARE,2023-10-01,October,500.0,600.0,0.0,2.4
DISPOVAN,2022-04-01,April,0.0,1565.0,350.0,8.94
DISPOVAN,2022-05-01,May,350.0,1195.0,246.0,4.01
DISPOVAN,2022-06-01,June,246.0,3293.0,410.0,10.04
DISPOVAN,2022-07-01,July,410.0,2862.5,235.0,8.88
DISPOVAN,2022-08-01,August,235.0,3335.0,410.0,10.34
DISPOVAN,2022-09-01,September,410.0,3697.5,410.0,9.02
DISPOVAN,2022-10-01,October,410.0,1613.0,940.0,2.39
DISPOVAN,2022-11-01,November,940.0,3937.5,0.0,8.38
DISPOVAN,2022-12-01,December,0.0,3867.5,71.0,108.94
DISPOVAN,2023-01-01,January,71.0,2031.2,603.5,6.02
DISPOVAN,2023-02-01,February,603.5,1470.5,563.0,2.52
DISPOVAN,2023-03-01,March,563.0,3462.5,0.0,12.3
DISPOVAN,2023-04-01,April,0.0,1437.5,179.0,16.06
DISPOVAN,2023-05-01,May,179.0,585.0,358.0,2.18
DISPOVAN,2023-06-01,June,358.0,1125.0,358.0,3.14
DISPOVAN,2023-07-01,July,358.0,3425.0,187.5,12.56
DISPOVAN,2023-08-01,August,187.5,2625.0,70.0,20.39
DISPOVAN,2023-09-01,September,70.0,3285.0,1750.0,3.61
DISPOVAN,2023-10-01,October,1750.0,3920.0,1320.0,2.55
DISPOVAN,2023-11-01,November,1320.0,3863.0,2046.5,2.29
DISPOVAN,2023-12-01,December,2046.5,3870.0,179.0,3.48
DISPOVAN,2024-01-01,January,179.0,3015.0,0.0,33.69
DISPOVAN,2024-02-01,February,0.0,2340.0,0.0,""
DISPOVAN,2024-03-01,March,0.0,1140.0,0.0,""
DISPOVAN,2024-04-01,April,0.0,465.0,358.0,2.6
DISPOVAN,2024-05-01,May,358.0,1050.0,0.0,5.87
DYNAMIC TECHNO MEDICALS PV,2022-04-01,April,175.0,0.0,175.0,0.0
DYNAMIC TECHNO MEDICALS PV,2022-05-01,May,175.0,0.0,175.0,0.0
DYNAMIC TECHNO MEDICALS PV,2022-06-01,June,175.0,0.0,175.0,0.0
DYNAMIC TECHNO MEDICALS PV,2022-07-01,July,175.0,0.0,175.0,0.0
DYNAMIC TECHNO MEDICALS PV,2022-08-01,August,175.0,0.0,175.0,0.0
DYNAMIC TECHNO MEDICALS PV,2022-09-01,September,175.0,0.0,175.0,0.0
DYNAMIC TECHNO MEDICALS PV,2022-10-01,October,175.0,0.0,175.0,0.0
DYNAMIC TECHNO MEDICALS PV,2022-11-01,November,175.0,0.0,175.0,0.0
DYNAMIC TECHNO MEDICALS PV,2022-12-01,December,175.0,0.0,175.0,0.0
DYNAMIC TECHNO MEDICALS PV,2023-01-01,January,175.0,0.0,175.0,0.0
DYNAMIC TECHNO MEDICALS PV,2023-02-01,February,175.0,180.0,0.0,2.06
DYNAMIC TECHNO MEDICALS PV,2023-07-01,July,0.0,0.0,180.0,0.0
DYNAMIC TECHNO MEDICALS PV,2023-08-01,August,180.0,0.0,180.0,0.0
DYNAMIC TECHNO MEDICALS PV,2023-09-01,September,180.0,180.0,0.0,2.0
DYNAMIC TECHNO MEDICALS PV,2024-01-01,January,0.0,0.0,200.0,0.0
DYNAMIC TECHNO MEDICALS PV,2024-02-01,February,200.0,0.0,200.0,0.0
DYNAMIC TECHNO MEDICALS PV,2024-03-01,March,200.0,0.0,0.0,0.0
ENTOD GLOTEK DIVISION,2022-04-01,April,5877.03,11717.95,12382.81,1.28
ENTOD GLOTEK DIVISION,2022-05-01,May,12382.81,15672.1,12478.04,1.26
ENTOD GLOTEK DIVISION,2022-06-01,June,12478.04,31580.62,24501.8,1.71
ENTOD GLOTEK DIVISION,2022-07-01,July,24501.8,42060.5,23956.68,1.74
ENTOD GLOTEK DIVISION,2022-08-01,August,23956.68,36109.03,14174.05,1.89
ENTOD GLOTEK DIVISION,2022-09-01,September,14174.05,45119.31,22436.99,2.46
ENTOD GLOTEK DIVISION,2022-10-01,October,22436.99,35025.92,17320.4,1.76
ENTOD GLOTEK DIVISION,2022-11-01,November,17320.4,49120.68,16242.86,2.93
ENTOD GLOTEK DIVISION,2022-12-01,December,16242.86,51489.79,32005.28,2.13
ENTOD GLOTEK DIVISION,2023-01-01,January,32005.31,34900.88,7055.31,1.79
ENTOD GLOTEK DIVISION,2023-02-01,February,7055.31,35426.74,14636.71,3.27
ENTOD GLOTEK DIVISION,2023-03-01,March,14636.71,26785.57,9140.66,2.25
ENTOD GLOTEK DIVISION,2023-04-01,April,9491.24,53169.18,8407.2,5.94
ENTOD GLOTEK DIVISION,2023-05-01,May,8407.2,19757.17,8895.82,2.28
ENTOD GLOTEK DIVISION,2023-06-01,June,8895.82,32362.35,7560.01,3.93
ENTOD GLOTEK DIVISION,2023-07-01,July,7560.01,35643.3,12444.73,3.56
ENTOD GLOTEK DIVISION,2023-08-01,August,12444.73,47280.46,8911.85,4.43
ENTOD GLOTEK DIVISION,2023-09-01,September,8911.85,22168.27,16911.88,1.72
ENTOD GLOTEK DIVISION,2023-10-01,October,16911.88,31541.3,16990.09,1.86
ENTOD GLOTEK DIVISION,2023-11-01,November,16990.09,29435.74,15063.07,1.84
ENTOD GLOTEK DIVISION,2023-12-01,December,15063.07,44551.15,17383.3,2.75
ENTOD GLOTEK DIVISION,2024-01-01,January,17383.3,10866.4,25335.17,0.51
ENTOD GLOTEK DIVISION,2024-02-01,February,25335.17,35008.63,17989.09,1.62
ENTOD GLOTEK DIVISION,2024-03-01,March,17989.09,17279.55,14679.05,1.06
ENTOD GLOTEK DIVISION,2024-04-01,April,14139.75,35194.58,29265.04,1.62
ENTOD GLOTEK DIVISION,2024-05-01,May,29265.04,34423.41,38291.59,1.02
ENTOD PHAMA(ENSIGHT),2022-04-01,April,25119.02,30653.12,30632.01,1.1
ENTOD PHAMA(ENSIGHT),2022-05-01,May,30632.01,57624.1,56054.95,1.33
ENTOD PHAMA(ENSIGHT),2022-06-01,June,56054.95,94481.44,57101.2,1.67
ENTOD PHAMA(ENSIGHT),2022-07-01,July,57101.2,92236.16,85517.65,1.29
ENTOD PHAMA(ENSIGHT),2022-08-01,August,85517.67,118707.42,74448.01,1.48
ENTOD PHAMA(ENSIGHT),2022-09-01,September,74448.01,108936.83,62061.92,1.6
ENTOD PHAMA(ENSIGHT),2022-10-01,October,62061.92,110816.53,68757.72,1.69
ENTOD PHAMA(ENSIGHT),2022-11-01,November,68757.72,149637.27,69515.55,2.16
ENTOD PHAMA(ENSIGHT),2022-12-01,December,69515.55,111240.6,73285.57,1.56
ENTOD PHAMA(ENSIGHT),2023-01-01,January,73285.57,70080.51,45419.18,1.18
ENTOD PHAMA(ENSIGHT),2023-02-01,February,45419.18,142011.57,55393.1,2.82
ENTOD PHAMA(ENSIGHT),2023-03-01,March,55393.1,103466.26,55022.92,1.87
ENTOD PHAMA(ENSIGHT),2023-04-01,April,57264.89,138659.98,58422.89,2.4
ENTOD PHAMA(ENSIGHT),2023-05-01,May,58422.89,146047.32,45781.8,2.8
ENTOD PHAMA(ENSIGHT),2023-06-01,June,45781.8,83579.54,52139.39,1.71
ENTOD PHAMA(ENSIGHT),2023-07-01,July,52139.39,146691.31,64452.46,2.52
ENTOD PHAMA(ENSIGHT),2023-08-01,August,64452.46,148740.74,64440.48,2.31
ENTOD PHAMA(ENSIGHT),2023-09-01,September,64440.48,105574.33,82455.87,1.44
ENTOD PHAMA(ENSIGHT),2023-10-01,October,82455.95,129990.08,100073.75,1.42
ENTOD PHAMA(ENSIGHT),2023-11-01,November,100073.85,155917.81,82299.24,1.71
ENTOD PHAMA(ENSIGHT),2023-12-01,December,82299.24,131132.81,67179.01,1.75
ENTOD PHAMA(ENSIGHT),2024-01-01,January,67179.07,103938.48,84414.33,1.37
ENTOD PHAMA(ENSIGHT),2024-02-01,February,84414.37,141983.94,69681.0,1.84
ENTOD PHAMA(ENSIGHT),2024-03-01,March,69681.1,132537.66,77440.36,1.8
ENTOD PHAMA(ENSIGHT),2024-04-01,April,79397.39,78207.71,79379.14,0.99
ENTOD PHAMA(ENSIGHT),2024-05-01,May,79379.23,138024.33,52435.16,2.09
ENTOD PHARMA-G TECH,2022-04-01,April,17383.66,48784.41,41152.92,1.67
ENTOD PHARMA-G TECH,2022-05-01,May,41152.94,44756.55,42574.48,1.07
ENTOD PHARMA-G TECH,2022-06-01,June,42574.48,50664.95,50538.1,1.09
ENTOD PHARMA-G TECH,2022-07-01,July,50538.1,64095.23,59134.44,1.17
ENTOD PHARMA-G TECH,2022-08-01,August,59134.44,40525.86,40353.9,0.81
ENTOD PHARMA-G TECH,2022-09-01,September,40353.9,58119.14,50817.13,1.27
ENTOD PHARMA-G TECH,2022-10-01,October,50817.22,52518.57,38132.9,1.18
ENTOD PHARMA-G TECH,2022-11-01,November,38132.9,30204.56,28956.39,0.9
ENTOD PHARMA-G TECH,2022-12-01,December,28956.39,37076.34,31964.15,1.22
ENTOD PHARMA-G TECH,2023-01-01,January,31964.15,18947.11,24398.92,0.67
ENTOD PHARMA-G TECH,2023-02-01,February,24398.92,34171.58,29421.92,1.27
ENTOD PHARMA-G TECH,2023-03-01,March,29421.92,20253.61,9245.24,1.05
ENTOD PHARMA-G TECH,2023-04-01,April,9345.57,40582.72,11051.3,3.98
ENTOD PHARMA-G TECH,2023-05-01,May,11051.3,25107.08,32351.95,1.16
ENTOD PHARMA-G TECH,2023-06-01,June,32351.99,20610.2,23498.57,0.74
ENTOD PHARMA-G TECH,2023-07-01,July,23498.6,25087.83,28609.01,0.96
ENTOD PHARMA-G TECH,2023-08-01,August,28609.01,37865.25,38605.77,1.13
ENTOD PHARMA-G TECH,2023-09-01,September,38605.77,29617.05,23590.14,0.95
ENTOD PHARMA-G TECH,2023-10-01,October,23590.14,19652.58,32202.6,0.7
ENTOD PHARMA-G TECH,2023-11-01,November,32202.67,20238.76,31145.96,0.64
ENTOD PHARMA-G TECH,2023-12-01,December,31145.96,35229.87,32898.16,1.1
ENTOD PHARMA-G TECH,2024-01-01,January,32898.16,28323.1,38278.49,0.8
ENTOD PHARMA-G TECH,2024-02-01,February,38278.49,37515.68,32726.27,1.06
ENTOD PHARMA-G TECH,2024-03-01,March,32726.27,28361.89,19244.4,1.09
ENTOD PHARMA-G TECH,2024-04-01,April,18009.86,42803.1,29597.43,1.8
ENTOD PHARMA-G TECH,2024-05-01,May,29597.46,48218.17,32450.03,1.55
ENTOD PHARMACEUTICALS LTD,2022-04-01,April,53413.09,66646.63,46323.06,1.34
ENTOD PHARMACEUTICALS LTD,2022-05-01,May,46323.06,60309.14,32069.23,1.54
ENTOD PHARMACEUTICALS LTD,2022-06-01,June,32069.23,53469.98,37629.47,1.53
ENTOD PHARMACEUTICALS LTD,2022-07-01,July,37629.47,46411.98,38589.86,1.22
ENTOD PHARMACEUTICALS LTD,2022-08-01,August,38589.86,45059.82,43605.38,1.1
ENTOD PHARMACEUTICALS LTD,2022-09-01,September,43605.38,47661.92,34042.2,1.23
ENTOD PHARMACEUTICALS LTD,2022-10-01,October,34042.2,39783.35,55588.64,0.89
ENTOD PHARMACEUTICALS LTD,2022-11-01,November,55588.67,58182.81,65731.63,0.96
ENTOD PHARMACEUTICALS LTD,2022-12-01,December,65731.73,43781.55,55829.91,0.72
ENTOD PHARMACEUTICALS LTD,2023-01-01,January,55829.94,30166.13,35945.82,0.66
ENTOD PHARMACEUTICALS LTD,2023-02-01,February,35945.82,16658.66,34383.02,0.47
ENTOD PHARMACEUTICALS LTD,2023-03-01,March,34383.02,7818.5,18904.48,0.29
ENTOD PHARMACEUTICALS LTD,2023-04-01,April,18649.7,18979.4,24717.9,0.88
ENTOD PHARMACEUTICALS LTD,2023-05-01,May,24717.9,39782.04,23182.38,1.66
ENTOD PHARMACEUTICALS LTD,2023-06-01,June,23182.38,21810.44,21363.29,0.98
ENTOD PHARMACEUTICALS LTD,2023-07-01,July,21363.29,14333.3,20643.45,0.68
ENTOD PHARMACEUTICALS LTD,2023-08-01,August,20643.45,32705.63,26016.22,1.4
ENTOD PHARMACEUTICALS LTD,2023-09-01,September,26016.22,3838.16,32802.85,0.13
ENTOD PHARMACEUTICALS LTD,2023-10-01,October,32802.85,22421.23,24678.09,0.78
ENTOD PHARMACEUTICALS LTD,2023-11-01,November,24678.09,9351.05,41210.13,0.28
ENTOD PHARMACEUTICALS LTD,2023-12-01,December,41210.13,44269.43,36115.67,1.15
ENTOD PHARMACEUTICALS LTD,2024-01-01,January,36115.67,36026.13,28188.99,1.12
ENTOD PHARMACEUTICALS LTD,2024-02-01,February,28188.99,24916.64,65753.01,0.53
ENTOD PHARMACEUTICALS LTD,2024-03-01,March,65753.09,28120.65,39761.0,0.53
ENTOD PHARMACEUTICALS LTD,2024-04-01,April,39804.49,55810.65,38251.31,1.43
ENTOD PHARMACEUTICALS LTD,2024-05-01,May,38251.31,51916.12,32938.92,1.46
ETHICON,2022-08-01,August,0.0,680.0,0.0,""
ETHICON,2022-12-01,December,0.0,7320.0,0.0,""
ETHICON,2023-07-01,July,0.0,7410.0,0.0,""
ETHICON,2023-08-01,August,0.0,7320.0,0.0,""
ETHICON,2024-01-01,January,0.0,0.0,3174.7,0.0
ETHICON,2024-02-01,February,3174.7,1340.0,3174.7,0.42
ETHICON,2024-03-01,March,3174.7,9360.0,3174.7,2.95
ETHICON,2024-04-01,April,3174.7,0.0,3174.7,0.0
ETHICON,2024-05-01,May,3174.7,0.0,3174.7,0.0
EXELTIS,2022-04-01,April,0.0,7680.0,1577.04,9.74
EXELTIS,2022-05-01,May,1577.04,14999.04,0.0,19.02
EXELTIS,2022-06-01,June,0.0,9600.0,15770.3,1.22
EXELTIS,2022-07-01,July,15770.38,10066.2,7885.19,0.85
EXELTIS,2022-08-01,August,7885.19,19040.0,131.42,4.75
EXELTIS,2022-09-01,September,131.42,0.0,131.42,0.0
EXELTIS,2022-10-01,October,131.42,0.0,131.42,0.0
EXELTIS,2022-11-01,November,131.42,19200.0,131.42,146.1
EXELTIS,2022-12-01,December,131.42,0.0,131.42,0.0
EXELTIS,2023-01-01,January,131.42,3612.8,131.42,27.49
EXELTIS,2023-02-01,February,131.42,160.0,0.0,2.43
EYEKENZ HEALTHCARE PVT LTD,2024-04-01,April,0.0,33259.6,321434.32,0.21
EYEKENZ HEALTHCARE PVT LTD,2024-05-01,May,321434.52,106614.87,300553.17,0.34
EZTEST,2023-06-01,June,0.0,5800.0,0.0,""
EZTEST,2024-01-01,January,0.0,2800.0,0.0,""
FDC,2022-12-01,December,0.0,439.82,632.81,1.39
FDC,2023-01-01,January,632.81,448.8,210.94,1.06
FDC,2023-02-01,February,210.94,179.52,42.19,1.42
FDC,2023-03-01,March,42.19,0.0,42.19,0.0
FDC,2023-04-01,April,42.19,0.0,42.19,0.0
FDC,2023-05-01,May,42.19,0.0,42.19,0.0
FDC,2023-06-01,June,42.19,0.0,42.19,0.0
FDC,2023-07-01,July,42.19,0.0,42.19,0.0
FDC,2023-08-01,August,42.19,0.0,42.19,0.0
FDC,2023-09-01,September,42.19,0.0,42.19,0.0
FDC,2023-10-01,October,42.19,0.0,42.19,0.0
FDC,2023-11-01,November,42.19,0.0,42.19,0.0
FDC,2023-12-01,December,42.19,0.0,42.19,0.0
FDC,2024-01-01,January,42.19,0.0,42.19,0.0
FDC,2024-02-01,February,42.19,0.0,42.19,0.0
FDC,2024-03-01,March,42.19,0.0,42.19,0.0
FDC,2024-04-01,April,42.19,0.0,42.19,0.0
FDC,2024-05-01,May,42.19,0.0,42.19,0.0
FSD CARE PHRAMA PVT LTD,2022-04-01,April,6208.2,0.0,6208.2,0.0
FSD CARE PHRAMA PVT LTD,2022-05-01,May,6208.2,0.0,6208.2,0.0
FSD CARE PHRAMA PVT LTD,2022-06-01,June,6208.2,0.0,6208.2,0.0
FSD CARE PHRAMA PVT LTD,2022-07-01,July,6208.2,0.0,6208.2,0.0
FSD CARE PHRAMA PVT LTD,2022-08-01,August,6208.2,0.0,6208.2,0.0
FSD CARE PHRAMA PVT LTD,2022-09-01,September,6208.2,0.0,6208.2,0.0
FSD CARE PHRAMA PVT LTD,2022-10-01,October,6208.2,0.0,6208.2,0.0
FSD CARE PHRAMA PVT LTD,2022-11-01,November,6208.2,0.0,6208.2,0.0
FSD CARE PHRAMA PVT LTD,2022-12-01,December,6208.2,0.0,6208.2,0.0
FSD CARE PHRAMA PVT LTD,2023-01-01,January,6208.2,0.0,6208.2,0.0
FSD CARE PHRAMA PVT LTD,2023-02-01,February,6208.2,0.0,6208.2,0.0
FSD CARE PHRAMA PVT LTD,2023-03-01,March,6208.2,0.0,6208.2,0.0
FSD CARE PHRAMA PVT LTD,2023-04-01,April,6208.2,0.0,6208.2,0.0
FSD CARE PHRAMA PVT LTD,2023-05-01,May,6208.2,0.0,6208.2,0.0
FSD CARE PHRAMA PVT LTD,2023-06-01,June,6208.2,0.0,6208.2,0.0
FSD CARE PHRAMA PVT LTD,2023-07-01,July,6208.2,0.0,6208.2,0.0
FSD CARE PHRAMA PVT LTD,2023-08-01,August,6208.2,0.0,6208.2,0.0
FSD CARE PHRAMA PVT LTD,2023-09-01,September,6208.2,0.0,6208.2,0.0
FSD CARE PHRAMA PVT LTD,2023-10-01,October,6208.2,0.0,6208.2,0.0
FSD CARE PHRAMA PVT LTD,2023-11-01,November,6208.2,0.0,6208.2,0.0
FSD CARE PHRAMA PVT LTD,2023-12-01,December,6208.2,0.0,6208.2,0.0
FSD CARE PHRAMA PVT LTD,2024-01-01,January,6208.2,0.0,6208.2,0.0
FSD CARE PHRAMA PVT LTD,2024-02-01,February,6208.2,0.0,6208.2,0.0
FSD CARE PHRAMA PVT LTD,2024-03-01,March,6208.2,0.0,6208.2,0.0
FSD CARE PHRAMA PVT LTD,2024-04-01,April,6208.2,0.0,6208.2,0.0
FSD CARE PHRAMA PVT LTD,2024-05-01,May,6208.2,0.0,6208.2,0.0
G.T.RAJ TEX,2022-04-01,April,0.0,198.0,0.0,""
G.T.RAJ TEX,2022-05-01,May,0.0,396.0,0.0,""
G.T.RAJ TEX,2022-08-01,August,0.0,198.0,0.0,""
G.T.RAJ TEX,2022-09-01,September,0.0,198.0,0.0,""
G.T.RAJ TEX,2022-10-01,October,0.0,198.0,376.0,1.05
G.T.RAJ TEX,2022-11-01,November,376.0,396.0,0.0,2.11
G.T.RAJ TEX,2022-12-01,December,0.0,198.0,0.0,""
G.T.RAJ TEX,2023-01-01,January,0.0,198.0,0.0,""
G.T.RAJ TEX,2023-02-01,February,0.0,0.0,188.0,0.0
G.T.RAJ TEX,2023-03-01,March,188.0,0.0,376.0,0.0
G.T.RAJ TEX,2023-04-01,April,420.0,200.0,630.0,0.38
G.T.RAJ TEX,2023-05-01,May,630.0,0.0,630.0,0.0
G.T.RAJ TEX,2023-06-01,June,630.0,0.0,630.0,0.0
G.T.RAJ TEX,2023-07-01,July,630.0,0.0,630.0,0.0
G.T.RAJ TEX,2023-08-01,August,630.0,200.0,840.0,0.27
G.T.RAJ TEX,2023-09-01,September,840.0,796.0,420.0,1.26
G.T.RAJ TEX,2023-10-01,October,420.0,920.0,210.0,2.92
G.T.RAJ TEX,2023-11-01,November,210.0,230.0,420.0,0.73
G.T.RAJ TEX,2023-12-01,December,420.0,460.0,0.0,2.19
G.T.RAJ TEX,2024-01-01,January,0.0,730.0,0.0,""
G.T.RAJ TEX,2024-02-01,February,0.0,500.0,0.0,""
G.T.RAJ TEX,2024-04-01,April,0.0,250.0,0.0,""
G.T.RAJ TEX,2024-05-01,May,0.0,750.0,0.0,""
GERMAN REMEDIES,2022-08-01,August,0.0,130.0,0.0,""
GERMAN REMEDIES,2023-11-01,November,0.0,280.0,0.0,""
GERMAN REMEDIES PHARMACEUT,2023-09-01,September,0.0,0.0,390.0,0.0
GERMAN REMEDIES PHARMACEUT,2023-10-01,October,390.0,880.0,0.0,4.51
GERMAN REMEDIES PHARMACEUT,2024-02-01,February,0.0,440.0,0.0,""
GLASS VAN,2022-04-01,April,0.0,270.0,0.0,""
GLASS VAN,2022-06-01,June,0.0,25.0,0.0,""
GLASS VAN,2022-07-01,July,0.0,250.0,0.0,""
GLASS VAN,2022-11-01,November,0.0,540.0,0.0,""
GLASS VAN,2023-12-01,December,0.0,290.0,0.0,""
GLASS VAN,2024-01-01,January,0.0,290.0,0.0,""
HICARE PHARMA,2022-04-01,April,24376.48,2182.46,38688.58,0.07
HICARE PHARMA,2022-05-01,May,38688.58,3719.19,37491.19,0.1
HICARE PHARMA,2022-06-01,June,37491.19,4283.97,35253.49,0.12
HICARE PHARMA,2022-07-01,July,35253.49,6559.34,35879.37,0.18
HICARE PHARMA,2022-08-01,August,35879.37,9474.76,41439.99,0.25
HICARE PHARMA,2022-09-01,September,41439.99,12355.01,42230.09,0.3
HICARE PHARMA,2022-10-01,October,42230.09,21743.51,48421.68,0.48
HICARE PHARMA,2022-11-01,November,48421.68,31992.7,23222.06,0.89
HICARE PHARMA,2022-12-01,December,23222.06,20042.52,18409.04,0.96
HICARE PHARMA,2023-01-01,January,18409.04,13787.89,27297.71,0.6
HICARE PHARMA,2023-02-01,February,27297.71,47614.16,17583.98,2.12
HICARE PHARMA,2023-03-01,March,17583.98,22598.2,10913.79,1.59
HICARE PHARMA,2023-04-01,April,10019.43,1146.6,37638.18,0.05
HICARE PHARMA,2023-05-01,May,37638.25,26521.76,44851.81,0.64
HICARE PHARMA,2023-06-01,June,44851.81,34008.29,38432.34,0.82
HICARE PHARMA,2023-07-01,July,38432.37,23424.34,64296.25,0.46
HICARE PHARMA,2023-08-01,August,64296.38,42729.41,55990.49,0.71
HICARE PHARMA,2023-09-01,September,55990.57,40746.95,43118.58,0.82
HICARE PHARMA,2023-10-01,October,43118.61,20424.16,51367.14,0.43
HICARE PHARMA,2023-11-01,November,51367.22,43177.34,33854.99,1.01
HICARE PHARMA,2023-12-01,December,33854.99,16704.0,25420.01,0.56
HICARE PHARMA,2024-01-01,January,25420.01,8908.02,41546.39,0.27
HICARE PHARMA,2024-02-01,February,41546.46,41117.85,34634.85,1.08
HICARE PHARMA,2024-03-01,March,34634.85,58988.47,9087.04,2.7
HICARE PHARMA,2024-04-01,April,8894.3,13708.79,16092.09,1.1
HICARE PHARMA,2024-05-01,May,16092.09,15464.21,28329.65,0.7
HIMEDIA LABORATORIES PVT L,2022-04-01,April,1168.75,0.0,1168.75,0.0
HIMEDIA LABORATORIES PVT L,2022-05-01,May,1168.75,0.0,1168.75,0.0
HIMEDIA LABORATORIES PVT L,2022-06-01,June,1168.75,0.0,1168.75,0.0
HIMEDIA LABORATORIES PVT L,2022-07-01,July,1168.75,0.0,1168.75,0.0
HIMEDIA LABORATORIES PVT L,2022-08-01,August,1168.75,0.0,1168.75,0.0
HIMEDIA LABORATORIES PVT L,2022-09-01,September,1168.75,0.0,1168.75,0.0
HIMEDIA LABORATORIES PVT L,2022-10-01,October,1168.75,0.0,1168.75,0.0
HIMEDIA LABORATORIES PVT L,2022-11-01,November,1168.75,0.0,1168.75,0.0
HIMEDIA LABORATORIES PVT L,2022-12-01,December,1168.75,0.0,1168.75,0.0
HIMEDIA LABORATORIES PVT L,2023-01-01,January,1168.75,0.0,1168.75,0.0
HIMEDIA LABORATORIES PVT L,2023-02-01,February,1168.75,0.0,1168.75,0.0
HIMEDIA LABORATORIES PVT L,2023-03-01,March,1168.75,0.0,1168.75,0.0
HIMEDIA LABORATORIES PVT L,2023-04-01,April,1168.75,0.0,1168.75,0.0
HIMEDIA LABORATORIES PVT L,2023-05-01,May,1168.75,0.0,1168.75,0.0
HIMEDIA LABORATORIES PVT L,2023-06-01,June,1168.75,0.0,1168.75,0.0
HIMEDIA LABORATORIES PVT L,2023-07-01,July,1168.75,0.0,1168.75,0.0
HIMEDIA LABORATORIES PVT L,2023-08-01,August,1168.75,0.0,1168.75,0.0
HIMEDIA LABORATORIES PVT L,2023-09-01,September,1168.75,0.0,1168.75,0.0
HIMEDIA LABORATORIES PVT L,2023-10-01,October,1168.75,0.0,1168.75,0.0
HIMEDIA LABORATORIES PVT L,2023-11-01,November,1168.75,0.0,1168.75,0.0
HIMEDIA LABORATORIES PVT L,2023-12-01,December,1168.75,0.0,1168.75,0.0
HIMEDIA LABORATORIES PVT L,2024-01-01,January,1168.75,0.0,1168.75,0.0
HIMEDIA LABORATORIES PVT L,2024-02-01,February,1168.75,0.0,1168.75,0.0
HIMEDIA LABORATORIES PVT L,2024-03-01,March,1168.75,0.0,0.0,0.0
HINDUSTAN SYRINGS & MEDICA,2022-04-01,April,0.0,54.0,0.0,""
HINDUSTAN SYRINGS & MEDICA,2023-02-01,February,0.0,270.0,0.0,""
HINDUSTAN SYRINGS & MEDICA,2023-12-01,December,0.0,290.0,0.0,""
HINDUSTAN SYRINGS & MEDICA,2024-01-01,January,0.0,290.0,0.0,""
HIS EYENESS OPTHALMICS,2022-04-01,April,224931.5,121287.86,240429.09,0.52
HIS EYENESS OPTHALMICS,2022-05-01,May,240429.5,93571.91,209721.57,0.42
HIS EYENESS OPTHALMICS,2022-06-01,June,209721.9,106849.73,156556.83,0.58
HIS EYENESS OPTHALMICS,2022-07-01,July,156557.06,107500.66,169671.88,0.66
HIS EYENESS OPTHALMICS,2022-08-01,August,169672.16,114605.62,188597.68,0.64
HIS EYENESS OPTHALMICS,2022-09-01,September,188597.93,165922.74,193194.83,0.87
HIS EYENESS OPTHALMICS,2022-10-01,October,193195.18,123486.64,225994.52,0.59
HIS EYENESS OPTHALMICS,2022-11-01,November,225995.02,186520.24,276574.45,0.74
HIS EYENESS OPTHALMICS,2022-12-01,December,276575.05,184243.28,245092.65,0.71
HIS EYENESS OPTHALMICS,2023-01-01,January,245093.14,161350.76,242623.95,0.66
HIS EYENESS OPTHALMICS,2023-02-01,February,242624.33,303700.65,288989.73,1.14
HIS EYENESS OPTHALMICS,2023-03-01,March,288990.16,203321.54,294760.01,0.7
HIS EYENESS OPTHALMICS,2023-04-01,April,305841.07,195715.22,321447.94,0.62
HIS EYENESS OPTHALMICS,2023-05-01,May,321448.29,173844.96,330994.54,0.53
HIS EYENESS OPTHALMICS,2023-06-01,June,330994.96,158184.15,255876.44,0.54
HIS EYENESS OPTHALMICS,2023-07-01,July,255876.76,150409.42,265510.59,0.58
HIS EYENESS OPTHALMICS,2023-08-01,August,265511.02,160354.27,221172.19,0.66
HIS EYENESS OPTHALMICS,2023-09-01,September,221172.41,85139.78,234082.85,0.37
HIS EYENESS OPTHALMICS,2023-10-01,October,234083.15,124697.76,205395.14,0.57
HIS EYENESS OPTHALMICS,2023-11-01,November,205395.22,81192.7,133875.79,0.48
HIS EYENESS OPTHALMICS,2023-12-01,December,133875.92,117235.72,102802.4,0.99
HIS EYENESS OPTHALMICS,2024-01-01,January,102802.44,69265.78,169360.6,0.51
HIS EYENESS OPTHALMICS,2024-02-01,February,169360.72,121118.57,173329.5,0.71
HIS EYENESS OPTHALMICS,2024-03-01,March,173329.79,120958.34,193991.74,0.66
HIS EYENESS OPTHALMICS,2024-04-01,April,195224.6,157519.2,237584.14,0.73
HIS EYENESS OPTHALMICS,2024-05-01,May,237584.3,136468.15,180175.17,0.65
INTAS PHARMACEUTICALS PVT,2023-03-01,March,0.0,500.0,0.0,""
INTAS PHARMACEUTICALS PVT,2023-08-01,August,0.0,600.0,0.0,""
INTAS PHARMACEUTICALS PVT,2024-01-01,January,0.0,600.0,0.0,""
JMS CO LTD,2022-04-01,April,0.0,4965.0,0.0,""
JMS CO LTD,2022-05-01,May,0.0,2485.0,0.0,""
JMS CO LTD,2022-07-01,July,0.0,3905.0,0.0,""
JMS CO LTD,2022-08-01,August,0.0,3550.0,0.0,""
JMS CO LTD,2022-09-01,September,0.0,2130.0,708.0,6.02
JMS CO LTD,2022-10-01,October,708.0,2585.0,1770.0,2.09
JMS CO LTD,2022-11-01,November,1770.0,5920.0,0.0,6.69
JMS CO LTD,2022-12-01,December,0.0,760.0,0.0,""
JMS CO LTD,2023-01-01,January,0.0,2220.0,708.0,6.27
JMS CO LTD,2023-02-01,February,708.0,370.0,354.0,0.7
JMS CO LTD,2023-03-01,March,354.0,3730.0,0.0,21.07
JMS CO LTD,2023-04-01,April,0.0,370.0,0.0,""
JMS CO LTD,2023-06-01,June,0.0,375.0,398.0,1.88
JMS CO LTD,2023-07-01,July,398.0,1130.0,0.0,5.68
JMS CO LTD,2023-08-01,August,0.0,1125.0,0.0,""
JMS CO LTD,2023-09-01,September,0.0,1170.0,0.0,""
JMS CO LTD,2023-10-01,October,0.0,6740.0,0.0,""
JMS CO LTD,2023-12-01,December,0.0,2200.0,0.0,""
JMS CO LTD,2024-02-01,February,0.0,2200.0,0.0,""
JMS CO LTD,2024-03-01,March,0.0,1320.0,0.0,""
JMS CO LTD,2024-04-01,April,0.0,440.0,0.0,""
JOHNSON & JOHNSON,2022-04-01,April,0.0,5650.72,0.0,""
JOHNSON & JOHNSON,2022-06-01,June,0.0,927.92,0.0,""
JOHNSON & JOHNSON,2022-12-01,December,0.0,1620.0,0.0,""
JOHNSON & JOHNSON,2023-10-01,October,0.0,0.0,6527.04,0.0
JOHNSON & JOHNSON,2023-11-01,November,6527.04,7680.0,0.0,2.35
KALPAS INDUSTRIES,2022-05-01,May,0.0,550.0,0.0,""
KALPAS INDUSTRIES,2023-11-01,November,0.0,600.0,0.0,""
KLARSEHEN,2023-01-01,January,0.0,7726.0,0.0,""
KLARSEHEN,2023-04-01,April,0.0,4828.75,0.0,""
LAVUE PHARMA. PVT LTD,2024-04-01,April,0.0,0.0,35140.6,0.0
LAVUE PHARMA. PVT LTD,2024-05-01,May,35140.6,12077.45,41574.35,0.31
LENORA GLOVE PVT.LTD,2022-04-01,April,662.5,0.0,662.5,0.0
LENORA GLOVE PVT.LTD,2022-05-01,May,662.5,0.0,662.5,0.0
LENORA GLOVE PVT.LTD,2022-06-01,June,662.5,0.0,662.5,0.0
LENORA GLOVE PVT.LTD,2022-07-01,July,662.5,0.0,662.5,0.0
LENORA GLOVE PVT.LTD,2022-08-01,August,662.5,0.0,662.5,0.0
LENORA GLOVE PVT.LTD,2022-09-01,September,662.5,0.0,662.5,0.0
LENORA GLOVE PVT.LTD,2022-10-01,October,662.5,0.0,662.5,0.0
LENORA GLOVE PVT.LTD,2022-11-01,November,662.5,0.0,662.5,0.0
LENORA GLOVE PVT.LTD,2022-12-01,December,662.5,0.0,662.5,0.0
LENORA GLOVE PVT.LTD,2023-01-01,January,662.5,0.0,662.5,0.0
LENORA GLOVE PVT.LTD,2023-02-01,February,662.5,0.0,662.5,0.0
LENORA GLOVE PVT.LTD,2023-03-01,March,662.5,0.0,662.5,0.0
LENORA GLOVE PVT.LTD,2023-04-01,April,662.5,0.0,662.5,0.0
LENORA GLOVE PVT.LTD,2023-05-01,May,662.5,0.0,662.5,0.0
LENORA GLOVE PVT.LTD,2023-06-01,June,662.5,0.0,662.5,0.0
LENORA GLOVE PVT.LTD,2023-07-01,July,662.5,0.0,662.5,0.0
LENORA GLOVE PVT.LTD,2023-08-01,August,662.5,0.0,662.5,0.0
LENORA GLOVE PVT.LTD,2023-09-01,September,662.5,0.0,662.5,0.0
LENORA GLOVE PVT.LTD,2023-10-01,October,662.5,0.0,662.5,0.0
LENORA GLOVE PVT.LTD,2023-11-01,November,662.5,0.0,662.5,0.0
LENORA GLOVE PVT.LTD,2023-12-01,December,662.5,0.0,662.5,0.0
LENORA GLOVE PVT.LTD,2024-01-01,January,662.5,0.0,662.5,0.0
LENORA GLOVE PVT.LTD,2024-02-01,February,662.5,0.0,662.5,0.0
LENORA GLOVE PVT.LTD,2024-03-01,March,662.5,0.0,0.0,0.0
LUPIN LTD,2023-01-01,January,0.0,100.0,0.0,""
LUPIN LTD,2023-02-01,February,0.0,100.0,0.0,""
LUPIN LTD,2023-06-01,June,0.0,0.0,92.0,0.0
LUPIN LTD,2023-07-01,July,92.0,100.0,0.0,2.17
LUPIN LTD,2023-08-01,August,0.0,200.0,0.0,""
MADHU INSTRUMENTS PVT. LTD,2022-04-01,April,1380.0,0.0,1380.0,0.0
MADHU INSTRUMENTS PVT. LTD,2022-05-01,May,1380.0,1100.0,230.0,1.37
MADHU INSTRUMENTS PVT. LTD,2022-06-01,June,230.0,1100.0,230.0,4.78
MADHU INSTRUMENTS PVT. LTD,2022-07-01,July,230.0,1555.0,0.0,13.52
MADHU INSTRUMENTS PVT. LTD,2022-08-01,August,0.0,1300.0,1150.0,2.26
MADHU INSTRUMENTS PVT. LTD,2022-09-01,September,1150.0,780.0,460.0,0.97
MADHU INSTRUMENTS PVT. LTD,2022-10-01,October,460.0,0.0,460.0,0.0
MADHU INSTRUMENTS PVT. LTD,2022-11-01,November,460.0,0.0,460.0,0.0
MADHU INSTRUMENTS PVT. LTD,2022-12-01,December,460.0,0.0,460.0,0.0
MADHU INSTRUMENTS PVT. LTD,2023-01-01,January,460.0,0.0,460.0,0.0
MADHU INSTRUMENTS PVT. LTD,2023-02-01,February,460.0,430.0,0.0,1.87
MEDIKLIN HEALTHCARE LTD,2022-04-01,April,942.5,500.0,1232.5,0.46
MEDIKLIN HEALTHCARE LTD,2022-05-01,May,1232.5,720.0,1087.5,0.62
MEDIKLIN HEALTHCARE LTD,2022-06-01,June,1087.5,1735.0,362.5,2.39
MEDIKLIN HEALTHCARE LTD,2022-07-01,July,362.5,540.0,507.5,1.24
MEDIKLIN HEALTHCARE LTD,2022-08-01,August,507.5,945.0,797.5,1.45
MEDIKLIN HEALTHCARE LTD,2022-09-01,September,797.5,2230.0,942.5,2.56
MEDIKLIN HEALTHCARE LTD,2022-10-01,October,942.5,360.0,942.5,0.38
MEDIKLIN HEALTHCARE LTD,2022-11-01,November,942.5,0.0,942.5,0.0
MEDIKLIN HEALTHCARE LTD,2022-12-01,December,942.5,530.0,1087.5,0.52
MEDIKLIN HEALTHCARE LTD,2023-01-01,January,1087.5,355.0,1232.5,0.31
MEDIKLIN HEALTHCARE LTD,2023-02-01,February,1232.5,780.0,652.5,0.83
MEDIKLIN HEALTHCARE LTD,2023-03-01,March,652.5,740.0,1087.5,0.85
MEDIKLIN HEALTHCARE LTD,2023-04-01,April,1050.0,760.0,1330.0,0.64
MEDIKLIN HEALTHCARE LTD,2023-05-01,May,1330.0,330.0,1050.0,0.28
MEDIKLIN HEALTHCARE LTD,2023-06-01,June,1050.0,360.0,910.0,0.37
MEDIKLIN HEALTHCARE LTD,2023-07-01,July,910.0,380.0,1050.0,0.39
MEDIKLIN HEALTHCARE LTD,2023-08-01,August,1050.0,1325.0,910.0,1.35
MEDIKLIN HEALTHCARE LTD,2023-09-01,September,910.0,1190.0,140.0,2.27
MEDIKLIN HEALTHCARE LTD,2023-10-01,October,140.0,1150.0,700.0,2.74
MEDIKLIN HEALTHCARE LTD,2023-11-01,November,700.0,1960.0,720.0,2.76
MEDIKLIN HEALTHCARE LTD,2023-12-01,December,720.0,960.0,560.0,1.5
MEDIKLIN HEALTHCARE LTD,2024-01-01,January,560.0,525.0,700.0,0.83
MEDIKLIN HEALTHCARE LTD,2024-02-01,February,700.0,1320.0,700.0,1.89
MEDIKLIN HEALTHCARE LTD,2024-03-01,March,700.0,0.0,140.0,0.0
MEDIKLIN HEALTHCARE LTD,2024-04-01,April,140.0,0.0,140.0,0.0
MEDIKLIN HEALTHCARE LTD,2024-05-01,May,140.0,0.0,140.0,0.0
MEDIPRIDE,2022-07-01,July,0.0,0.0,258.0,0.0
MEDIPRIDE,2022-08-01,August,258.0,275.0,0.0,2.13
MURALI TRADERS,2022-08-01,August,0.0,35.0,0.0,""
MURALI TRADERS,2023-08-01,August,0.0,35.0,0.0,""
NEOMEDIX HEALTHCARE INDIA,2024-02-01,February,0.0,9110.0,30925.72,0.59
NEOMEDIX HEALTHCARE INDIA,2024-03-01,March,30925.72,1987.0,28065.02,0.07
NEOMEDIX HEALTHCARE INDIA,2024-04-01,April,28065.02,4487.0,63749.42,0.1
NEOMEDIX HEALTHCARE INDIA,2024-05-01,May,63749.42,0.0,63749.42,0.0
NEON LABORATORIES LTD,2022-04-01,April,0.0,7097.5,0.0,""
NEON LABORATORIES LTD,2022-06-01,June,0.0,1320.0,425.0,6.21
NEON LABORATORIES LTD,2022-07-01,July,425.0,977.5,425.0,2.3
NEON LABORATORIES LTD,2022-08-01,August,425.0,426.25,850.0,0.67
NEON LABORATORIES LTD,2022-09-01,September,850.0,1813.5,0.0,4.27
NEON LABORATORIES LTD,2022-10-01,October,0.0,1120.0,671.0,3.34
NEON LABORATORIES LTD,2022-11-01,November,671.0,1384.0,0.0,4.13
NEON LABORATORIES LTD,2022-12-01,December,0.0,2111.0,0.0,""
NEON LABORATORIES LTD,2023-01-01,January,0.0,1960.0,850.0,4.61
NEON LABORATORIES LTD,2023-02-01,February,850.0,3239.75,0.0,7.62
NEON LABORATORIES LTD,2023-03-01,March,0.0,3104.5,201.0,30.89
NEON LABORATORIES LTD,2023-04-01,April,201.0,2301.5,0.0,22.9
NEON LABORATORIES LTD,2023-05-01,May,0.0,0.0,919.5,0.0
NEON LABORATORIES LTD,2023-06-01,June,919.5,1913.0,0.0,4.16
NEON LABORATORIES LTD,2023-07-01,July,0.0,3826.0,919.5,8.32
NEON LABORATORIES LTD,2023-08-01,August,919.5,8312.0,0.0,18.08
NEON LABORATORIES LTD,2023-09-01,September,0.0,4882.5,0.0,""
NEON LABORATORIES LTD,2023-10-01,October,0.0,8872.5,843.0,21.05
NEON LABORATORIES LTD,2023-11-01,November,843.0,10825.0,1098.0,11.15
NEON LABORATORIES LTD,2023-12-01,December,1098.0,4882.5,843.0,5.03
NEON LABORATORIES LTD,2024-01-01,January,843.0,3966.0,178.5,7.77
NEON LABORATORIES LTD,2024-02-01,February,178.5,12779.5,127.5,83.53
NEON LABORATORIES LTD,2024-03-01,March,127.5,2420.0,0.0,37.96
OCUZEN HEALTH CARE,2022-04-01,April,16751.08,9535.2,7514.18,0.79
OCUZEN HEALTH CARE,2022-05-01,May,7514.18,4719.11,9571.38,0.55
OCUZEN HEALTH CARE,2022-06-01,June,9571.38,10565.51,8405.63,1.18
OCUZEN HEALTH CARE,2022-07-01,July,8405.63,12163.87,7954.4,1.49
OCUZEN HEALTH CARE,2022-08-01,August,7954.4,8560.67,5568.0,1.27
OCUZEN HEALTH CARE,2022-09-01,September,5568.0,0.0,5568.0,0.0
OCUZEN HEALTH CARE,2022-10-01,October,5568.0,0.0,5568.0,0.0
OCUZEN HEALTH CARE,2022-11-01,November,5568.0,0.0,5568.0,0.0
OCUZEN HEALTH CARE,2022-12-01,December,5568.0,0.0,5568.0,0.0
OCUZEN HEALTH CARE,2023-01-01,January,5568.0,0.0,5568.0,0.0
OCUZEN HEALTH CARE,2023-02-01,February,5568.0,0.0,5568.0,0.0
OCUZEN HEALTH CARE,2023-03-01,March,5568.0,0.0,0.0,0.0
OCUZEN HEALTH CARE,2023-07-01,July,0.0,595.97,1554.28,0.77
OCUZEN HEALTH CARE,2023-08-01,August,1554.28,1217.86,804.58,1.03
OCUZEN HEALTH CARE,2023-09-01,September,804.58,594.14,2358.88,0.38
OCUZEN HEALTH CARE,2023-10-01,October,2358.88,1185.84,1627.48,0.59
OCUZEN HEALTH CARE,2023-11-01,November,1627.48,1815.05,2432.06,0.89
OCUZEN HEALTH CARE,2023-12-01,December,2432.06,954.04,1846.94,0.45
OCUZEN HEALTH CARE,2024-01-01,January,1846.94,2289.94,2578.34,1.03
OCUZEN HEALTH CARE,2024-02-01,February,2578.34,1311.5,1773.8,0.6
OCUZEN HEALTH CARE,2024-03-01,March,1773.8,3188.72,2980.58,1.34
OCUZEN HEALTH CARE,2024-04-01,April,2980.58,3241.54,4150.82,0.91
OCUZEN HEALTH CARE,2024-05-01,May,4150.82,4047.96,1408.06,1.46
OTHERS,2022-04-01,April,0.0,0.0,175.0,0.0
OTHERS,2022-05-01,May,175.0,0.0,175.0,0.0
OTHERS,2022-06-01,June,175.0,0.0,175.0,0.0
OTHERS,2022-07-01,July,175.0,0.0,1210.0,0.0
OTHERS,2022-08-01,August,1210.0,0.0,1210.0,0.0
OTHERS,2022-09-01,September,1210.0,0.0,1210.0,0.0
OTHERS,2022-10-01,October,1210.0,0.0,1243.0,0.0
OTHERS,2022-11-01,November,1243.0,39.0,1210.0,0.03
OTHERS,2022-12-01,December,1210.0,114.0,2190.0,0.07
OTHERS,2023-01-01,January,2190.0,150.0,2190.0,0.07
OTHERS,2023-02-01,February,2190.0,1207.0,980.0,0.76
OTHERS,2023-03-01,March,980.0,0.0,980.0,0.0
OTHERS,2023-04-01,April,980.0,0.0,980.0,0.0
OTHERS,2023-05-01,May,980.0,0.0,980.0,0.0
OTHERS,2023-06-01,June,980.0,0.0,1048.0,0.0
OTHERS,2023-07-01,July,1048.0,78.0,980.0,0.08
OTHERS,2023-08-01,August,980.0,0.0,980.0,0.0
OTHERS,2023-09-01,September,980.0,980.0,0.0,2.0
PIONEER,2022-08-01,August,0.0,480.0,0.0,""
PIONEER,2022-09-01,September,0.0,960.0,0.0,""
PIONEER,2022-11-01,November,0.0,460.0,0.0,""
PIONEER,2023-07-01,July,0.0,460.0,0.0,""
PRIDE&PRIME PHARMACEUTICAL,2022-04-01,April,14759.21,13357.0,13344.96,0.95
PRIDE&PRIME PHARMACEUTICAL,2022-05-01,May,13344.96,0.0,13344.96,0.0
PRIDE&PRIME PHARMACEUTICAL,2022-06-01,June,13344.96,0.0,13344.96,0.0
PRIDE&PRIME PHARMACEUTICAL,2022-07-01,July,13344.96,0.0,13344.96,0.0
PRIDE&PRIME PHARMACEUTICAL,2022-08-01,August,13344.96,9250.4,10709.31,0.77
PRIDE&PRIME PHARMACEUTICAL,2022-09-01,September,10709.31,0.0,10709.31,0.0
PRIDE&PRIME PHARMACEUTICAL,2022-10-01,October,10709.31,0.0,10709.31,0.0
PRIDE&PRIME PHARMACEUTICAL,2022-11-01,November,10709.31,0.0,10709.31,0.0
PRIDE&PRIME PHARMACEUTICAL,2022-12-01,December,10709.31,0.0,10709.31,0.0
PRIDE&PRIME PHARMACEUTICAL,2023-01-01,January,10709.31,14964.0,10709.31,1.4
PRIDE&PRIME PHARMACEUTICAL,2023-02-01,February,10709.31,0.0,10709.31,0.0
PRIDE&PRIME PHARMACEUTICAL,2023-03-01,March,10709.31,0.0,10709.31,0.0
PRIDE&PRIME PHARMACEUTICAL,2023-04-01,April,10709.31,2828.4,8897.01,0.29
PRIDE&PRIME PHARMACEUTICAL,2023-05-01,May,8897.01,0.0,8897.01,0.0
PRIDE&PRIME PHARMACEUTICAL,2023-06-01,June,8897.01,0.0,8897.01,0.0
PRIDE&PRIME PHARMACEUTICAL,2023-07-01,July,8897.01,0.0,12499.71,0.0
PRIDE&PRIME PHARMACEUTICAL,2023-08-01,August,12499.71,0.0,12499.71,0.0
PRIDE&PRIME PHARMACEUTICAL,2023-09-01,September,12499.71,0.0,12499.71,0.0
PRIDE&PRIME PHARMACEUTICAL,2023-10-01,October,12499.71,0.0,12499.71,0.0
PRIDE&PRIME PHARMACEUTICAL,2023-11-01,November,12499.71,0.0,12499.71,0.0
PRIDE&PRIME PHARMACEUTICAL,2023-12-01,December,12499.71,0.0,12499.71,0.0
PRIDE&PRIME PHARMACEUTICAL,2024-01-01,January,12499.71,0.0,12499.71,0.0
PRIDE&PRIME PHARMACEUTICAL,2024-02-01,February,12499.71,0.0,12499.71,0.0
PRIDE&PRIME PHARMACEUTICAL,2024-03-01,March,12499.71,0.0,12499.71,0.0
PRIDE&PRIME PHARMACEUTICAL,2024-04-01,April,12499.71,0.0,12499.71,0.0
PRIDE&PRIME PHARMACEUTICAL,2024-05-01,May,12499.71,0.0,12499.71,0.0
RAMAN&WEIL PVT LTD,2022-04-01,April,1528.0,635.0,1020.0,0.5
RAMAN&WEIL PVT LTD,2022-05-01,May,1020.0,2070.0,720.0,2.38
RAMAN&WEIL PVT LTD,2022-06-01,June,720.0,1370.0,420.0,2.4
RAMAN&WEIL PVT LTD,2022-07-01,July,420.0,530.0,2544.0,0.36
RAMAN&WEIL PVT LTD,2022-08-01,August,2544.0,0.0,2544.0,0.0
RAMAN&WEIL PVT LTD,2022-09-01,September,2544.0,1900.0,1020.0,1.07
RAMAN&WEIL PVT LTD,2022-10-01,October,1020.0,370.0,720.0,0.43
RAMAN&WEIL PVT LTD,2022-11-01,November,720.0,0.0,720.0,0.0
RAMAN&WEIL PVT LTD,2022-12-01,December,720.0,2230.0,928.0,2.71
RAMAN&WEIL PVT LTD,2023-01-01,January,928.0,120.0,1136.0,0.12
RAMAN&WEIL PVT LTD,2023-02-01,February,1136.0,2390.0,530.0,2.87
RAMAN&WEIL PVT LTD,2023-03-01,March,530.0,2160.0,420.0,4.55
RAMAN&WEIL PVT LTD,2023-04-01,April,420.0,0.0,1090.0,0.0
RAMAN&WEIL PVT LTD,2023-05-01,May,1090.0,740.0,755.0,0.8
RAMAN&WEIL PVT LTD,2023-06-01,June,755.0,740.0,420.0,1.26
RAMAN&WEIL PVT LTD,2023-07-01,July,420.0,2780.0,420.0,6.62
RAMAN&WEIL PVT LTD,2023-08-01,August,420.0,740.0,420.0,1.76
RAMAN&WEIL PVT LTD,2023-09-01,September,420.0,740.0,420.0,1.76
RAMAN&WEIL PVT LTD,2023-10-01,October,420.0,2400.0,2205.0,1.83
RAMAN&WEIL PVT LTD,2023-11-01,November,2205.0,3220.0,755.0,2.18
RAMAN&WEIL PVT LTD,2023-12-01,December,755.0,370.0,1425.0,0.34
RAMAN&WEIL PVT LTD,2024-01-01,January,1425.0,0.0,1425.0,0.0
RAMAN&WEIL PVT LTD,2024-02-01,February,1425.0,3820.0,420.0,4.14
RAMAN&WEIL PVT LTD,2024-03-01,March,420.0,0.0,0.0,0.0
RAMAN&WEIL PVT LTD,2024-04-01,April,0.0,3721.0,0.0,""
RAMAN&WEIL PVT LTD,2024-05-01,May,0.0,2600.0,0.0,""
RAMSONS,2022-04-01,April,0.0,500.0,0.0,""
RAMSONS,2022-05-01,May,0.0,300.0,0.0,""
RAMSONS,2022-06-01,June,0.0,975.0,0.0,""
RAMSONS,2022-08-01,August,0.0,475.0,112.5,8.44
RAMSONS,2022-09-01,September,112.5,285.0,112.5,2.53
RAMSONS,2022-10-01,October,112.5,665.0,112.5,5.91
RAMSONS,2022-11-01,November,112.5,475.0,112.5,4.22
RAMSONS,2022-12-01,December,112.5,190.0,112.5,1.69
RAMSONS,2023-01-01,January,112.5,725.0,112.5,6.44
RAMSONS,2023-02-01,February,112.5,125.0,112.5,1.11
RAMSONS,2023-03-01,March,112.5,190.0,112.5,1.69
RAMSONS,2023-04-01,April,112.5,0.0,900.0,0.0
RAMSONS,2023-05-01,May,900.0,750.0,225.0,1.33
RAMSONS,2023-06-01,June,225.0,0.0,225.0,0.0
RAMSONS,2023-07-01,July,225.0,0.0,225.0,0.0
RAMSONS,2023-08-01,August,225.0,0.0,225.0,0.0
RAMSONS,2023-09-01,September,225.0,225.0,0.0,2.0
RAMSONS,2023-10-01,October,0.0,0.0,337.5,0.0
RAMSONS,2023-11-01,November,337.5,500.0,0.0,2.96
RAMSONS,2023-12-01,December,0.0,250.0,225.0,2.22
RAMSONS,2024-01-01,January,225.0,0.0,225.0,0.0
RAMSONS,2024-02-01,February,225.0,0.0,225.0,0.0
RAMSONS,2024-03-01,March,225.0,0.0,0.0,0.0
RANBAXY,2023-03-01,March,0.0,840.0,0.0,""
RANBAXY,2023-07-01,July,0.0,920.0,0.0,""
RANBAXY,2023-09-01,September,0.0,920.0,850.0,2.16
RANBAXY,2023-10-01,October,850.0,2300.0,0.0,5.41
RANBAXY,2024-01-01,January,0.0,460.0,0.0,""
RANBAXY,2024-02-01,February,0.0,1380.0,0.0,""
REGAL LABORATORIES,2022-07-01,July,0.0,580.0,0.0,""
REGAL LABORATORIES,2022-10-01,October,0.0,620.0,0.0,""
REGAL LABORATORIES,2023-03-01,March,0.0,620.0,0.0,""
REGAL LABORATORIES,2023-07-01,July,0.0,620.0,0.0,""
REGAL LABORATORIES,2023-10-01,October,0.0,620.0,0.0,""
REGAL LABORATORIES,2023-11-01,November,0.0,620.0,0.0,""
REGAL LABORATORIES,2024-01-01,January,0.0,620.0,0.0,""
REGAL LABORATORIES,2024-03-01,March,0.0,1240.0,0.0,""
REGAL LABORATORIES,2024-05-01,May,0.0,620.0,0.0,""
SANGAM HEALTHCARE (SAFTI-N,2022-04-01,April,38.25,0.0,38.25,0.0
SANGAM HEALTHCARE (SAFTI-N,2022-05-01,May,38.25,0.0,38.25,0.0
SANGAM HEALTHCARE (SAFTI-N,2022-06-01,June,38.25,386.4,318.75,2.16
SANGAM HEALTHCARE (SAFTI-N,2022-07-01,July,318.75,277.5,127.5,1.24
SANGAM HEALTHCARE (SAFTI-N,2022-08-01,August,127.5,0.0,127.5,0.0
SANGAM HEALTHCARE (SAFTI-N,2022-09-01,September,127.5,1380.0,127.5,10.82
SANGAM HEALTHCARE (SAFTI-N,2022-10-01,October,127.5,840.0,0.0,13.18
SANGAM HEALTHCARE (SAFTI-N,2022-12-01,December,0.0,140.0,510.0,0.55
SANGAM HEALTHCARE (SAFTI-N,2023-01-01,January,510.0,270.0,255.0,0.71
SANGAM HEALTHCARE (SAFTI-N,2023-02-01,February,255.0,0.0,255.0,0.0
SANGAM HEALTHCARE (SAFTI-N,2023-03-01,March,255.0,690.0,255.0,2.71
SANGAM HEALTHCARE (SAFTI-N,2023-04-01,April,250.0,84.0,175.0,0.4
SANGAM HEALTHCARE (SAFTI-N,2023-05-01,May,175.0,0.0,175.0,0.0
SANGAM HEALTHCARE (SAFTI-N,2023-06-01,June,175.0,0.0,175.0,0.0
SANGAM HEALTHCARE (SAFTI-N,2023-07-01,July,175.0,700.0,175.0,4.0
SANGAM HEALTHCARE (SAFTI-N,2023-08-01,August,175.0,0.0,175.0,0.0
SANGAM HEALTHCARE (SAFTI-N,2023-09-01,September,175.0,70.0,112.5,0.49
SANGAM HEALTHCARE (SAFTI-N,2023-10-01,October,112.5,784.0,662.5,2.02
SANGAM HEALTHCARE (SAFTI-N,2023-11-01,November,662.5,690.0,37.5,1.97
SANGAM HEALTHCARE (SAFTI-N,2023-12-01,December,37.5,0.0,662.5,0.0
SANGAM HEALTHCARE (SAFTI-N,2024-01-01,January,662.5,1540.0,537.5,2.57
SANGAM HEALTHCARE (SAFTI-N,2024-02-01,February,537.5,0.0,537.5,0.0
SANGAM HEALTHCARE (SAFTI-N,2024-03-01,March,537.5,0.0,537.5,0.0
SANGAM HEALTHCARE (SAFTI-N,2024-04-01,April,537.5,0.0,537.5,0.0
SANGAM HEALTHCARE (SAFTI-N,2024-05-01,May,537.5,0.0,537.5,0.0
SEARLE,2022-04-01,April,0.0,65.0,0.0,""
SEARLE,2022-09-01,September,0.0,0.0,57.5,0.0
SEARLE,2022-10-01,October,57.5,0.0,57.5,0.0
SEARLE,2022-11-01,November,57.5,65.0,0.0,2.26
SENSES PHARMACEUTICALS LTD,2022-04-01,April,59534.61,42082.34,59645.22,0.71
SENSES PHARMACEUTICALS LTD,2022-05-01,May,59645.31,30789.11,65401.68,0.49
SENSES PHARMACEUTICALS LTD,2022-06-01,June,65401.77,53120.53,61280.17,0.84
SENSES PHARMACEUTICALS LTD,2022-07-01,July,61280.26,26016.88,58853.72,0.43
SENSES PHARMACEUTICALS LTD,2022-08-01,August,58853.72,40556.39,44176.14,0.79
SENSES PHARMACEUTICALS LTD,2022-09-01,September,44176.14,52248.77,35856.37,1.31
SENSES PHARMACEUTICALS LTD,2022-10-01,October,35856.37,32247.66,53559.05,0.72
SENSES PHARMACEUTICALS LTD,2022-11-01,November,53559.05,46141.9,52454.32,0.87
SENSES PHARMACEUTICALS LTD,2022-12-01,December,52454.32,23712.7,50035.94,0.46
SENSES PHARMACEUTICALS LTD,2023-01-01,January,50035.94,45844.44,52568.21,0.89
SENSES PHARMACEUTICALS LTD,2023-02-01,February,52568.21,38437.68,61780.1,0.67
SENSES PHARMACEUTICALS LTD,2023-03-01,March,61780.1,41442.02,57901.62,0.69
SENSES PHARMACEUTICALS LTD,2023-04-01,April,60720.45,50068.55,56209.95,0.86
SENSES PHARMACEUTICALS LTD,2023-05-01,May,56209.95,53257.07,53005.5,0.98
SENSES PHARMACEUTICALS LTD,2023-06-01,June,53005.52,49005.59,61566.6,0.86
SENSES PHARMACEUTICALS LTD,2023-07-01,July,61566.6,67192.51,61074.81,1.1
SENSES PHARMACEUTICALS LTD,2023-08-01,August,61074.81,65413.14,79327.52,0.93
SENSES PHARMACEUTICALS LTD,2023-09-01,September,79327.53,44595.99,69090.07,0.6
SENSES PHARMACEUTICALS LTD,2023-10-01,October,69090.07,49131.11,73052.6,0.69
SENSES PHARMACEUTICALS LTD,2023-11-01,November,73052.71,54893.64,60627.97,0.82
SENSES PHARMACEUTICALS LTD,2023-12-01,December,60628.03,46785.87,66213.29,0.74
SENSES PHARMACEUTICALS LTD,2024-01-01,January,66213.29,48918.21,53625.49,0.82
SENSES PHARMACEUTICALS LTD,2024-02-01,February,53625.49,42442.59,66756.4,0.71
SENSES PHARMACEUTICALS LTD,2024-03-01,March,66756.45,84914.3,88206.81,1.1
SENSES PHARMACEUTICALS LTD,2024-04-01,April,88021.35,62202.23,67955.72,0.8
SENSES PHARMACEUTICALS LTD,2024-05-01,May,67955.77,58834.69,107172.3,0.67
SENTISS PHARMA PVT LTD,2024-01-01,January,0.0,0.0,38146.57,0.0
SENTISS PHARMA PVT LTD,2024-02-01,February,38146.65,3612.08,92666.23,0.06
SENTISS PHARMA PVT LTD,2024-03-01,March,92666.5,23524.01,129687.9,0.21
SENTISS PHARMA PVT LTD,2024-04-01,April,129170.38,67096.68,154108.29,0.47
SENTISS PHARMA PVT LTD,2024-05-01,May,154108.59,29289.11,189698.97,0.17
SHERINGS,2022-04-01,April,13035.17,15945.89,19843.88,0.97
SHERINGS,2022-05-01,May,19843.88,3320.02,17452.28,0.18
SHERINGS,2022-06-01,June,17452.28,4040.81,17662.18,0.23
SHERINGS,2022-07-01,July,17662.18,11137.87,15816.54,0.67
SHERINGS,2022-08-01,August,15816.54,4425.19,15589.54,0.28
SHERINGS,2022-09-01,September,15589.54,6692.17,13553.39,0.46
SHERINGS,2022-10-01,October,13553.39,26235.0,12052.25,2.05
SHERINGS,2022-11-01,November,12052.25,1244.51,15532.87,0.09
SHERINGS,2022-12-01,December,15532.87,8002.46,9881.28,0.63
SHERINGS,2023-01-01,January,9881.28,5316.92,13736.78,0.45
SHERINGS,2023-02-01,February,13736.78,4192.71,11092.75,0.34
SHERINGS,2023-03-01,March,11092.75,18474.48,8293.5,1.91
SHERINGS,2023-04-01,April,10263.87,8057.49,15925.57,0.62
SHERINGS,2023-05-01,May,15925.57,17568.6,14376.68,1.16
SHERINGS,2023-06-01,June,14376.68,12605.17,14863.96,0.86
SHERINGS,2023-07-01,July,14863.96,3043.86,19018.7,0.18
SHERINGS,2023-08-01,August,19018.7,20360.81,16556.22,1.14
SHERINGS,2023-09-01,September,16556.22,7685.08,48893.96,0.23
SHERINGS,2023-10-01,October,48893.96,50510.19,23489.25,1.4
SHERINGS,2023-11-01,November,23489.25,25663.98,21213.52,1.15
SHERINGS,2023-12-01,December,21213.52,42036.13,30151.14,1.64
SHERINGS,2024-01-01,January,30151.14,23817.12,18585.75,0.98
SHERINGS,2024-02-01,February,18585.75,22045.38,29138.02,0.92
SHERINGS,2024-03-01,March,29138.02,21841.06,17580.46,0.94
SHERINGS,2024-04-01,April,17367.57,13785.73,18796.42,0.76
SHERINGS,2024-05-01,May,18796.42,18424.61,29904.55,0.76
SHERWYN PHARMA(GENORA),2022-04-01,April,38.58,0.0,38.58,0.0
SHERWYN PHARMA(GENORA),2022-05-01,May,38.58,0.0,38.58,0.0
SHERWYN PHARMA(GENORA),2022-06-01,June,38.58,0.0,38.58,0.0
SHERWYN PHARMA(GENORA),2022-07-01,July,38.58,0.0,38.58,0.0
SHERWYN PHARMA(GENORA),2022-08-01,August,38.58,0.0,38.58,0.0
SHERWYN PHARMA(GENORA),2022-09-01,September,38.58,0.0,38.58,0.0
SHERWYN PHARMA(GENORA),2022-10-01,October,38.58,0.0,38.58,0.0
SHERWYN PHARMA(GENORA),2022-11-01,November,38.58,0.0,38.58,0.0
SHERWYN PHARMA(GENORA),2022-12-01,December,38.58,0.0,38.58,0.0
SHERWYN PHARMA(GENORA),2023-01-01,January,38.58,0.0,38.58,0.0
SHERWYN PHARMA(GENORA),2023-02-01,February,38.58,0.0,38.58,0.0
SHERWYN PHARMA(GENORA),2023-03-01,March,38.58,0.0,38.58,0.0
SHERWYN PHARMA(GENORA),2023-04-01,April,38.58,0.0,38.58,0.0
SHERWYN PHARMA(GENORA),2023-05-01,May,38.58,0.0,38.58,0.0
SHERWYN PHARMA(GENORA),2023-06-01,June,38.58,0.0,38.58,0.0
SHERWYN PHARMA(GENORA),2023-07-01,July,38.58,0.0,38.58,0.0
SHERWYN PHARMA(GENORA),2023-08-01,August,38.58,0.0,38.58,0.0
SHERWYN PHARMA(GENORA),2023-09-01,September,38.58,0.0,38.58,0.0
SHERWYN PHARMA(GENORA),2023-10-01,October,38.58,0.0,38.58,0.0
SHERWYN PHARMA(GENORA),2023-11-01,November,38.58,0.0,38.58,0.0
SHERWYN PHARMA(GENORA),2023-12-01,December,38.58,0.0,38.58,0.0
SHERWYN PHARMA(GENORA),2024-01-01,January,38.58,0.0,38.58,0.0
SHERWYN PHARMA(GENORA),2024-02-01,February,38.58,0.0,38.58,0.0
SHERWYN PHARMA(GENORA),2024-03-01,March,38.58,0.0,0.0,0.0
SHERWYN PHARMACEUTICALS PV,2022-04-01,April,515.9,0.0,515.9,0.0
SHERWYN PHARMACEUTICALS PV,2022-05-01,May,515.9,0.0,515.9,0.0
SHERWYN PHARMACEUTICALS PV,2022-06-01,June,515.9,0.0,515.9,0.0
SHERWYN PHARMACEUTICALS PV,2022-07-01,July,515.9,0.0,515.9,0.0
SHERWYN PHARMACEUTICALS PV,2022-08-01,August,515.9,0.0,515.9,0.0
SHERWYN PHARMACEUTICALS PV,2022-09-01,September,515.9,0.0,515.9,0.0
SHERWYN PHARMACEUTICALS PV,2022-10-01,October,515.9,0.0,515.9,0.0
SHERWYN PHARMACEUTICALS PV,2022-11-01,November,515.9,0.0,515.9,0.0
SHERWYN PHARMACEUTICALS PV,2022-12-01,December,515.9,0.0,515.9,0.0
SHERWYN PHARMACEUTICALS PV,2023-01-01,January,515.9,0.0,515.9,0.0
SHERWYN PHARMACEUTICALS PV,2023-02-01,February,515.9,0.0,515.9,0.0
SHERWYN PHARMACEUTICALS PV,2023-03-01,March,515.9,0.0,515.9,0.0
SHERWYN PHARMACEUTICALS PV,2023-04-01,April,515.9,0.0,515.9,0.0
SHERWYN PHARMACEUTICALS PV,2023-05-01,May,515.9,0.0,515.9,0.0
SHERWYN PHARMACEUTICALS PV,2023-06-01,June,515.9,0.0,515.9,0.0
SHERWYN PHARMACEUTICALS PV,2023-07-01,July,515.9,0.0,515.9,0.0
SHERWYN PHARMACEUTICALS PV,2023-08-01,August,515.9,0.0,515.9,0.0
SHERWYN PHARMACEUTICALS PV,2023-09-01,September,515.9,0.0,515.9,0.0
SHERWYN PHARMACEUTICALS PV,2023-10-01,October,515.9,0.0,515.9,0.0
SHERWYN PHARMACEUTICALS PV,2023-11-01,November,515.9,0.0,515.9,0.0
SHERWYN PHARMACEUTICALS PV,2023-12-01,December,515.9,0.0,515.9,0.0
SHERWYN PHARMACEUTICALS PV,2024-01-01,January,515.9,0.0,515.9,0.0
SHERWYN PHARMACEUTICALS PV,2024-02-01,February,515.9,0.0,515.9,0.0
SHERWYN PHARMACEUTICALS PV,2024-03-01,March,515.9,0.0,0.0,0.0
SOMA SCIENTIFICS&SURGICALS,2023-12-01,December,0.0,150.0,0.0,""
SOMA SCIENTIFICS&SURGICALS,2024-03-01,March,0.0,150.0,0.0,""
SPECTRUM BIOCIDES INDIA PV,2022-12-01,December,0.0,430.0,0.0,""
SPECTRUM BIOCIDES INDIA PV,2023-04-01,April,0.0,192.0,0.0,""
SPECTRUM BIOCIDES INDIA PV,2023-08-01,August,0.0,570.0,0.0,""
SUBHAM PHARMACEUTICALS,2022-04-01,April,6060.76,0.0,6060.76,0.0
SUBHAM PHARMACEUTICALS,2022-05-01,May,6060.76,0.0,6060.76,0.0
SUBHAM PHARMACEUTICALS,2022-06-01,June,6060.76,0.0,6060.76,0.0
SUBHAM PHARMACEUTICALS,2022-07-01,July,6060.76,0.0,6060.76,0.0
SUBHAM PHARMACEUTICALS,2022-08-01,August,6060.76,0.0,6060.76,0.0
SUBHAM PHARMACEUTICALS,2022-09-01,September,6060.76,0.0,6060.76,0.0
SUBHAM PHARMACEUTICALS,2022-10-01,October,6060.76,0.0,6060.76,0.0
SUBHAM PHARMACEUTICALS,2022-11-01,November,6060.76,0.0,6060.76,0.0
SUBHAM PHARMACEUTICALS,2022-12-01,December,6060.76,0.0,6060.76,0.0
SUBHAM PHARMACEUTICALS,2023-01-01,January,6060.76,0.0,6060.76,0.0
SUBHAM PHARMACEUTICALS,2023-02-01,February,6060.76,0.0,6060.76,0.0
SUBHAM PHARMACEUTICALS,2023-03-01,March,6060.76,0.0,6060.76,0.0
SUBHAM PHARMACEUTICALS,2023-04-01,April,6060.76,0.0,6060.76,0.0
SUBHAM PHARMACEUTICALS,2023-05-01,May,6060.76,0.0,6060.76,0.0
SUBHAM PHARMACEUTICALS,2023-06-01,June,6060.76,0.0,6060.76,0.0
SUBHAM PHARMACEUTICALS,2023-07-01,July,6060.76,0.0,6060.76,0.0
SUBHAM PHARMACEUTICALS,2023-08-01,August,6060.76,0.0,6060.76,0.0
SUBHAM PHARMACEUTICALS,2023-09-01,September,6060.76,0.0,6060.76,0.0
SUBHAM PHARMACEUTICALS,2023-10-01,October,6060.76,0.0,6060.76,0.0
SUBHAM PHARMACEUTICALS,2023-11-01,November,6060.76,0.0,6060.76,0.0
SUBHAM PHARMACEUTICALS,2023-12-01,December,6060.76,0.0,6060.76,0.0
SUBHAM PHARMACEUTICALS,2024-01-01,January,6060.76,0.0,6060.76,0.0
SUBHAM PHARMACEUTICALS,2024-02-01,February,6060.76,0.0,6060.76,0.0
SUBHAM PHARMACEUTICALS,2024-03-01,March,6060.76,0.0,0.0,0.0
SUNWAYS PHARMACEUTICALS,2022-04-01,April,57217.5,138405.87,130710.63,1.47
SUNWAYS PHARMACEUTICALS,2022-05-01,May,130710.82,155216.01,138360.33,1.15
SUNWAYS PHARMACEUTICALS,2022-06-01,June,138360.62,82725.23,222888.28,0.46
SUNWAYS PHARMACEUTICALS,2022-07-01,July,222888.42,201927.94,249321.07,0.86
SUNWAYS PHARMACEUTICALS,2022-08-01,August,249321.39,264497.83,207544.06,1.16
SUNWAYS PHARMACEUTICALS,2022-09-01,September,207544.28,274759.85,223055.99,1.28
SUNWAYS PHARMACEUTICALS,2022-10-01,October,223056.2,219105.39,247075.49,0.93
SUNWAYS PHARMACEUTICALS,2022-11-01,November,247075.75,233880.44,310122.82,0.84
SUNWAYS PHARMACEUTICALS,2022-12-01,December,310123.31,358853.19,192500.84,1.43
SUNWAYS PHARMACEUTICALS,2023-01-01,January,192501.08,168943.02,198997.5,0.86
SUNWAYS PHARMACEUTICALS,2023-02-01,February,198997.63,257945.51,225594.15,1.22
SUNWAYS PHARMACEUTICALS,2023-03-01,March,225594.34,111884.2,154496.38,0.59
SUNWAYS PHARMACEUTICALS,2023-04-01,April,166200.99,273205.19,204761.28,1.47
SUNWAYS PHARMACEUTICALS,2023-05-01,May,204761.57,118587.63,160472.89,0.65
SUNWAYS PHARMACEUTICALS,2023-06-01,June,160473.18,131511.6,138004.6,0.88
SUNWAYS PHARMACEUTICALS,2023-07-01,July,138004.69,168629.27,197887.49,1.0
SUNWAYS PHARMACEUTICALS,2023-08-01,August,197887.66,240040.59,156368.16,1.36
SUNWAYS PHARMACEUTICALS,2023-09-01,September,156368.25,134276.07,170729.79,0.82
SUNWAYS PHARMACEUTICALS,2023-10-01,October,170729.98,90211.55,153184.87,0.56
SUNWAYS PHARMACEUTICALS,2023-11-01,November,153184.92,161777.29,88524.74,1.34
SUNWAYS PHARMACEUTICALS,2023-12-01,December,88524.79,50161.73,172869.82,0.38
SUNWAYS PHARMACEUTICALS,2024-01-01,January,172870.02,139949.95,150048.89,0.87
SUNWAYS PHARMACEUTICALS,2024-02-01,February,150049.07,106310.42,95764.44,0.86
SUNWAYS PHARMACEUTICALS,2024-03-01,March,95764.49,52048.86,78528.57,0.6
SUNWAYS PHARMACEUTICALS,2024-04-01,April,79224.07,73187.32,77429.97,0.93
SUNWAYS PHARMACEUTICALS,2024-05-01,May,77430.05,73613.99,74927.42,0.97
SUNWAYS PHARMACEUTICALS(OR,2022-04-01,April,23331.9,41307.57,44252.0,1.22
SUNWAYS PHARMACEUTICALS(OR,2022-05-01,May,44252.0,35722.91,47522.15,0.78
SUNWAYS PHARMACEUTICALS(OR,2022-06-01,June,47522.22,51412.26,49329.72,1.06
SUNWAYS PHARMACEUTICALS(OR,2022-07-01,July,49329.8,28250.35,41083.8,0.62
SUNWAYS PHARMACEUTICALS(OR,2022-08-01,August,41083.84,25134.96,45161.17,0.58
SUNWAYS PHARMACEUTICALS(OR,2022-09-01,September,45161.17,36376.9,58744.92,0.7
SUNWAYS PHARMACEUTICALS(OR,2022-10-01,October,58745.0,47772.42,35555.56,1.01
SUNWAYS PHARMACEUTICALS(OR,2022-11-01,November,35555.56,22451.65,30392.51,0.68
SUNWAYS PHARMACEUTICALS(OR,2022-12-01,December,30392.51,43927.45,36987.35,1.3
SUNWAYS PHARMACEUTICALS(OR,2023-01-01,January,36987.35,25866.79,65591.31,0.5
SUNWAYS PHARMACEUTICALS(OR,2023-02-01,February,65591.38,58599.47,29276.85,1.24
SUNWAYS PHARMACEUTICALS(OR,2023-03-01,March,29276.85,23418.54,25733.71,0.85
SUNWAYS PHARMACEUTICALS(OR,2023-04-01,April,27992.08,62101.03,45765.08,1.68
SUNWAYS PHARMACEUTICALS(OR,2023-05-01,May,45765.08,37871.26,46169.46,0.82
SUNWAYS PHARMACEUTICALS(OR,2023-06-01,June,46169.46,61524.72,86297.04,0.93
SUNWAYS PHARMACEUTICALS(OR,2023-07-01,July,86297.25,87474.43,78607.78,1.06
SUNWAYS PHARMACEUTICALS(OR,2023-08-01,August,78607.87,53418.37,68241.63,0.73
SUNWAYS PHARMACEUTICALS(OR,2023-09-01,September,68241.75,36179.77,73066.64,0.51
SUNWAYS PHARMACEUTICALS(OR,2023-10-01,October,73066.74,77301.98,56465.37,1.19
SUNWAYS PHARMACEUTICALS(OR,2023-11-01,November,56465.37,37648.43,52847.36,0.69
SUNWAYS PHARMACEUTICALS(OR,2023-12-01,December,52847.36,47190.1,50423.95,0.91
SUNWAYS PHARMACEUTICALS(OR,2024-01-01,January,50423.95,44144.99,64829.33,0.77
SUNWAYS PHARMACEUTICALS(OR,2024-02-01,February,64829.38,96053.6,55573.25,1.6
SUNWAYS PHARMACEUTICALS(OR,2024-03-01,March,55573.26,37660.63,30584.33,0.87
SUNWAYS PHARMACEUTICALS(OR,2024-04-01,April,30584.72,54445.1,56447.83,1.25
SUNWAYS PHARMACEUTICALS(OR,2024-05-01,May,56447.88,61940.05,59300.35,1.07
SUNWAYS PHARMACEUTICALS(RE,2022-04-01,April,16538.41,12835.41,14979.77,0.81
SUNWAYS PHARMACEUTICALS(RE,2022-05-01,May,14979.77,6714.34,12708.65,0.48
SUNWAYS PHARMACEUTICALS(RE,2022-06-01,June,12708.65,22969.56,12387.06,1.83
SUNWAYS PHARMACEUTICALS(RE,2022-07-01,July,12387.06,12067.84,22497.72,0.69
SUNWAYS PHARMACEUTICALS(RE,2022-08-01,August,22497.72,31556.38,31210.83,1.18
SUNWAYS PHARMACEUTICALS(RE,2022-09-01,September,31210.83,25229.07,40184.34,0.71
SUNWAYS PHARMACEUTICALS(RE,2022-10-01,October,40184.34,47229.68,43255.39,1.13
SUNWAYS PHARMACEUTICALS(RE,2022-11-01,November,43255.45,43073.5,54273.21,0.88
SUNWAYS PHARMACEUTICALS(RE,2022-12-01,December,54273.3,46556.96,49268.23,0.9
SUNWAYS PHARMACEUTICALS(RE,2023-01-01,January,49268.23,31647.09,57842.38,0.59
SUNWAYS PHARMACEUTICALS(RE,2023-02-01,February,57842.4,95788.94,45631.07,1.85
SUNWAYS PHARMACEUTICALS(RE,2023-03-01,March,45631.13,29196.02,49091.43,0.62
SUNWAYS PHARMACEUTICALS(RE,2023-04-01,April,51713.62,52225.56,53783.87,0.99
SUNWAYS PHARMACEUTICALS(RE,2023-05-01,May,53783.87,35159.69,77718.05,0.53
SUNWAYS PHARMACEUTICALS(RE,2023-06-01,June,77718.08,60978.42,84066.62,0.75
SUNWAYS PHARMACEUTICALS(RE,2023-07-01,July,84066.75,74606.21,73095.09,0.95
SUNWAYS PHARMACEUTICALS(RE,2023-08-01,August,73095.19,96861.24,74001.03,1.32
SUNWAYS PHARMACEUTICALS(RE,2023-09-01,September,74001.11,66968.43,102580.18,0.76
SUNWAYS PHARMACEUTICALS(RE,2023-10-01,October,102580.29,37460.19,112371.51,0.35
SUNWAYS PHARMACEUTICALS(RE,2023-11-01,November,112371.59,70072.87,82835.27,0.72
SUNWAYS PHARMACEUTICALS(RE,2023-12-01,December,82835.33,56622.33,84121.29,0.68
SUNWAYS PHARMACEUTICALS(RE,2024-01-01,January,84121.33,57033.37,82022.76,0.69
SUNWAYS PHARMACEUTICALS(RE,2024-02-01,February,82022.85,55534.38,71359.77,0.72
SUNWAYS PHARMACEUTICALS(RE,2024-03-01,March,71359.77,39540.1,36319.29,0.73
SUNWAYS PHARMACEUTICALS(RE,2024-04-01,April,36439.47,21569.88,34962.39,0.6
SUNWAYS PHARMACEUTICALS(RE,2024-05-01,May,34962.39,30805.51,29115.56,0.96
SUPERFINE NEEDLES PVT LTD,2023-06-01,June,0.0,0.0,25.0,0.0
SUPERFINE NEEDLES PVT LTD,2023-07-01,July,25.0,675.0,0.0,54.0
SURGICARE,2022-04-01,April,1320.0,1987.5,1320.0,1.51
SURGICARE,2022-05-01,May,1320.0,1425.0,1320.0,1.08
SURGICARE,2022-06-01,June,1320.0,462.5,1320.0,0.35
SURGICARE,2022-07-01,July,1320.0,1825.0,1320.0,1.38
SURGICARE,2022-08-01,August,1320.0,0.0,1320.0,0.0
SURGICARE,2022-09-01,September,1320.0,962.5,2190.0,0.55
SURGICARE,2022-10-01,October,2190.0,993.75,1740.0,0.51
SURGICARE,2022-11-01,November,1740.0,481.25,1740.0,0.28
SURGICARE,2022-12-01,December,1740.0,993.75,2160.0,0.51
SURGICARE,2023-01-01,January,2160.0,2356.25,1700.0,1.22
SURGICARE,2023-02-01,February,1700.0,2350.0,860.0,1.84
SURGICARE,2023-03-01,March,860.0,2900.0,860.0,3.37
SURGICARE,2023-04-01,April,860.0,1850.0,860.0,2.15
SURGICARE,2023-05-01,May,860.0,0.0,1272.5,0.0
SURGICARE,2023-06-01,June,1272.5,481.25,860.0,0.45
SURGICARE,2023-07-01,July,860.0,1900.0,1272.5,1.78
SURGICARE,2023-08-01,August,1272.5,2368.75,860.0,2.22
SURGICARE,2023-09-01,September,860.0,901.25,852.5,1.05
SURGICARE,2023-10-01,October,852.5,2868.75,0.0,6.73
SURGICARE,2023-11-01,November,0.0,481.25,412.5,2.33
SURGICARE,2023-12-01,December,412.5,931.25,0.0,4.52
SURGICARE,2024-01-01,January,0.0,1925.0,0.0,""
SURGICARE,2024-03-01,March,0.0,481.25,0.0,""
SURGICARE,2024-05-01,May,0.0,1868.75,0.0,""
SUTURES INDIA,2022-04-01,April,270.0,0.0,270.0,0.0
SUTURES INDIA,2022-05-01,May,270.0,0.0,270.0,0.0
SUTURES INDIA,2022-06-01,June,270.0,300.0,0.0,2.22
TAS MED(INDIA)PVT.LTD(VALL,2022-04-01,April,28165.19,35981.08,42541.41,1.02
TAS MED(INDIA)PVT.LTD(VALL,2022-05-01,May,42541.42,37147.04,48678.72,0.81
TAS MED(INDIA)PVT.LTD(VALL,2022-06-01,June,48678.72,29911.82,42908.09,0.65
TAS MED(INDIA)PVT.LTD(VALL,2022-07-01,July,42908.09,13172.18,31356.01,0.35
TAS MED(INDIA)PVT.LTD(VALL,2022-08-01,August,31356.01,3059.94,29311.36,0.1
TAS MED(INDIA)PVT.LTD(VALL,2022-09-01,September,29311.36,4758.96,25001.46,0.18
TAS MED(INDIA)PVT.LTD(VALL,2022-10-01,October,25001.46,3150.21,27957.97,0.12
TAS MED(INDIA)PVT.LTD(VALL,2022-11-01,November,27957.97,6747.26,5134.84,0.41
TAS MED(INDIA)PVT.LTD(VALL,2022-12-01,December,5134.84,6929.58,3849.06,1.54
TAS MED(INDIA)PVT.LTD(VALL,2023-01-01,January,3849.06,2867.75,4060.24,0.73
TAS MED(INDIA)PVT.LTD(VALL,2023-02-01,February,4060.24,3050.8,1314.91,1.14
TAS MED(INDIA)PVT.LTD(VALL,2023-03-01,March,1314.91,5774.3,0.0,8.78
TAS MED(INDIA)PVT.LTD(VALL,2023-04-01,April,0.0,9789.3,6592.53,2.97
TAS MED(INDIA)PVT.LTD(VALL,2023-05-01,May,6592.53,14498.12,7691.28,2.03
TAS MED(INDIA)PVT.LTD(VALL,2023-06-01,June,7691.28,2175.4,5493.77,0.33
TAS MED(INDIA)PVT.LTD(VALL,2023-07-01,July,5493.77,0.0,5493.77,0.0
TAS MED(INDIA)PVT.LTD(VALL,2023-08-01,August,5493.77,0.0,5493.77,0.0
TAS MED(INDIA)PVT.LTD(VALL,2023-09-01,September,5493.77,1087.7,4395.02,0.22
TAS MED(INDIA)PVT.LTD(VALL,2023-10-01,October,4395.02,3263.1,20879.74,0.26
TAS MED(INDIA)PVT.LTD(VALL,2023-11-01,November,20879.82,3299.37,23260.38,0.15
TAS MED(INDIA)PVT.LTD(VALL,2023-12-01,December,23260.46,4750.54,3321.52,0.36
TAS MED(INDIA)PVT.LTD(VALL,2024-01-01,January,3321.52,4893.65,6493.07,1.0
TAS MED(INDIA)PVT.LTD(VALL,2024-02-01,February,6493.07,8927.12,9524.1,1.11
TAS MED(INDIA)PVT.LTD(VALL,2024-03-01,March,9524.1,2724.46,6942.98,0.33
TAS MED(INDIA)PVT.LTD(VALL,2024-04-01,April,6956.87,5394.45,9796.07,0.64
TAS MED(INDIA)PVT.LTD(VALL,2024-05-01,May,9796.07,29780.4,2778.48,4.74
TASMED (INDIA) PVT LTD(PAS,2022-04-01,April,25758.01,38376.56,31569.27,1.34
TASMED (INDIA) PVT LTD(PAS,2022-05-01,May,31569.32,41716.54,46980.41,1.06
TASMED (INDIA) PVT LTD(PAS,2022-06-01,June,46980.6,46288.87,60613.91,0.86
TASMED (INDIA) PVT LTD(PAS,2022-07-01,July,60613.94,50222.29,34442.25,1.06
TASMED (INDIA) PVT LTD(PAS,2022-08-01,August,34442.34,47961.11,29171.49,1.51
TASMED (INDIA) PVT LTD(PAS,2022-09-01,September,29171.49,37142.77,16923.93,1.61
TASMED (INDIA) PVT LTD(PAS,2022-10-01,October,16923.93,23997.86,18030.22,1.37
TASMED (INDIA) PVT LTD(PAS,2022-11-01,November,18030.22,26894.31,9399.49,1.96
TASMED (INDIA) PVT LTD(PAS,2022-12-01,December,9399.49,30397.48,4933.38,4.24
TASMED (INDIA) PVT LTD(PAS,2023-01-01,January,4933.38,30947.63,18928.53,2.59
TASMED (INDIA) PVT LTD(PAS,2023-02-01,February,18928.53,40957.55,20989.34,2.05
TASMED (INDIA) PVT LTD(PAS,2023-03-01,March,20989.34,43930.89,6741.58,3.17
TASMED (INDIA) PVT LTD(PAS,2023-04-01,April,7430.84,30594.4,16789.39,2.53
TASMED (INDIA) PVT LTD(PAS,2023-05-01,May,16789.46,40097.45,10759.7,2.91
TASMED (INDIA) PVT LTD(PAS,2023-06-01,June,10759.7,18214.35,13713.45,1.49
TASMED (INDIA) PVT LTD(PAS,2023-07-01,July,13713.45,26268.87,15991.28,1.77
TASMED (INDIA) PVT LTD(PAS,2023-08-01,August,15991.36,29456.82,10187.04,2.25
TASMED (INDIA) PVT LTD(PAS,2023-09-01,September,10187.04,23677.68,15199.95,1.87
TASMED (INDIA) PVT LTD(PAS,2023-10-01,October,15199.95,16003.83,18875.71,0.94
TASMED (INDIA) PVT LTD(PAS,2023-11-01,November,18875.71,33101.76,21483.71,1.64
TASMED (INDIA) PVT LTD(PAS,2023-12-01,December,21483.79,16188.62,20159.3,0.78
TASMED (INDIA) PVT LTD(PAS,2024-01-01,January,20159.3,16712.15,15923.26,0.93
TASMED (INDIA) PVT LTD(PAS,2024-02-01,February,15923.26,17017.26,19675.12,0.96
TASMED (INDIA) PVT LTD(PAS,2024-03-01,March,19675.12,14410.8,6163.75,1.12
TASMED (INDIA) PVT LTD(PAS,2024-04-01,April,6163.76,11346.62,1932.42,2.8
TASMED (INDIA) PVT LTD(PAS,2024-05-01,May,1932.42,13692.81,8829.74,2.54
TASMED(INDIA) PVT.LTD(ASPI,2022-04-01,April,1493.94,0.0,2689.59,0.0
TASMED(INDIA) PVT.LTD(ASPI,2022-05-01,May,2689.59,8839.7,5794.78,2.08
TASMED(INDIA) PVT.LTD(ASPI,2022-06-01,June,5794.78,2957.64,5794.78,0.51
TASMED(INDIA) PVT.LTD(ASPI,2022-07-01,July,5794.78,6032.39,7614.71,0.9
TASMED(INDIA) PVT.LTD(ASPI,2022-08-01,August,7614.71,8900.07,7614.71,1.17
TASMED(INDIA) PVT.LTD(ASPI,2022-09-01,September,7614.71,8111.46,2987.88,1.53
TASMED(INDIA) PVT.LTD(ASPI,2022-10-01,October,2987.88,9945.43,2987.88,3.33
TASMED(INDIA) PVT.LTD(ASPI,2022-11-01,November,2987.88,3253.6,2987.88,1.09
TASMED(INDIA) PVT.LTD(ASPI,2022-12-01,December,2987.88,9079.11,5197.2,2.22
TASMED(INDIA) PVT.LTD(ASPI,2023-01-01,January,5197.2,5381.67,6265.67,0.94
TASMED(INDIA) PVT.LTD(ASPI,2023-02-01,February,6265.67,8775.21,2689.09,1.96
TASMED(INDIA) PVT.LTD(ASPI,2023-03-01,March,2689.09,6895.67,1195.15,3.55
TASMED(INDIA) PVT.LTD(ASPI,2023-04-01,April,1314.75,10668.28,4930.31,3.42
TASMED(INDIA) PVT.LTD(ASPI,2023-05-01,May,4930.31,3904.32,2629.5,1.03
TASMED(INDIA) PVT.LTD(ASPI,2023-06-01,June,2629.5,4555.04,4601.62,1.26
TASMED(INDIA) PVT.LTD(ASPI,2023-07-01,July,4601.62,9650.94,3286.87,2.45
TASMED(INDIA) PVT.LTD(ASPI,2023-08-01,August,3286.87,10247.08,4601.62,2.6
TASMED(INDIA) PVT.LTD(ASPI,2023-09-01,September,4601.62,4801.61,4601.62,1.04
TASMED(INDIA) PVT.LTD(ASPI,2023-10-01,October,4601.62,3578.96,4601.62,0.78
TASMED(INDIA) PVT.LTD(ASPI,2023-11-01,November,4601.62,5010.54,3286.87,1.27
TASMED(INDIA) PVT.LTD(ASPI,2023-12-01,December,3286.87,3936.86,2136.47,1.45
TASMED(INDIA) PVT.LTD(ASPI,2024-01-01,January,2136.47,2326.32,6573.74,0.53
TASMED(INDIA) PVT.LTD(ASPI,2024-02-01,February,6573.74,7157.92,3286.87,1.45
TASMED(INDIA) PVT.LTD(ASPI,2024-03-01,March,3286.87,3578.96,0.0,2.18
TASMED(INDIA) PVT.LTD(ASPI,2024-04-01,April,0.0,5368.44,3286.87,3.27
TASMED(INDIA) PVT.LTD(ASPI,2024-05-01,May,3286.87,3578.96,3286.87,1.09
TEKAY PRODUCTS,2022-05-01,May,0.0,250.0,0.0,""
TEKAY PRODUCTS,2022-10-01,October,0.0,230.0,0.0,""
TEKAY PRODUCTS,2023-05-01,May,0.0,0.0,200.0,0.0
TEKAY PRODUCTS,2023-06-01,June,200.0,230.0,0.0,2.3
TEKAY PRODUCTS,2023-07-01,July,0.0,250.0,0.0,""
TEKAY PRODUCTS,2024-01-01,January,0.0,0.0,200.0,0.0
TEKAY PRODUCTS,2024-02-01,February,200.0,0.0,200.0,0.0
TEKAY PRODUCTS,2024-03-01,March,200.0,0.0,0.0,0.0
TEKAY PRODUCTS,2024-04-01,April,0.0,300.0,0.0,""
THE RAMARAJU COTTON MILLS,2022-04-01,April,0.0,944.0,0.0,""
THE RAMARAJU COTTON MILLS,2022-05-01,May,0.0,720.0,162.0,8.89
THE RAMARAJU COTTON MILLS,2022-06-01,June,162.0,535.0,0.0,6.6
THE RAMARAJU COTTON MILLS,2022-07-01,July,0.0,525.0,0.0,""
THE RAMARAJU COTTON MILLS,2022-08-01,August,0.0,535.0,0.0,""
THE RAMARAJU COTTON MILLS,2022-09-01,September,0.0,1425.0,0.0,""
THE RAMARAJU COTTON MILLS,2022-10-01,October,0.0,540.0,0.0,""
THE RAMARAJU COTTON MILLS,2022-11-01,November,0.0,175.0,0.0,""
THE RAMARAJU COTTON MILLS,2022-12-01,December,0.0,1070.0,0.0,""
THE RAMARAJU COTTON MILLS,2023-01-01,January,0.0,1060.0,162.0,13.09
THE RAMARAJU COTTON MILLS,2023-02-01,February,162.0,530.0,0.0,6.54
THE RAMARAJU COTTON MILLS,2023-03-01,March,0.0,540.0,0.0,""
THE RAMARAJU COTTON MILLS,2023-04-01,April,0.0,540.0,0.0,""
THE RAMARAJU COTTON MILLS,2023-05-01,May,0.0,0.0,324.0,0.0
THE RAMARAJU COTTON MILLS,2023-06-01,June,324.0,720.0,0.0,4.44
THE RAMARAJU COTTON MILLS,2023-07-01,July,0.0,1600.0,162.0,19.75
THE RAMARAJU COTTON MILLS,2023-08-01,August,162.0,1965.0,0.0,24.26
THE RAMARAJU COTTON MILLS,2023-09-01,September,0.0,720.0,810.0,1.78
THE RAMARAJU COTTON MILLS,2023-10-01,October,810.0,1800.0,648.0,2.47
THE RAMARAJU COTTON MILLS,2023-11-01,November,648.0,1600.0,486.0,2.82
THE RAMARAJU COTTON MILLS,2023-12-01,December,486.0,900.0,0.0,3.7
THE RAMARAJU COTTON MILLS,2024-01-01,January,0.0,1065.0,0.0,""
THE RAMARAJU COTTON MILLS,2024-02-01,February,0.0,2840.0,579.0,9.81
THE RAMARAJU COTTON MILLS,2024-03-01,March,579.0,3035.0,0.0,10.48
THE RAMARAJU COTTON MILLS,2024-04-01,April,0.0,360.0,0.0,""
THE RAMARAJU COTTON MILLS,2024-05-01,May,0.0,540.0,0.0,""
VKEY,2022-04-01,April,630.0,290.0,420.0,0.55
VKEY,2022-05-01,May,420.0,0.0,420.0,0.0
VKEY,2022-06-01,June,420.0,0.0,420.0,0.0
VKEY,2022-07-01,July,420.0,0.0,420.0,0.0
VKEY,2022-08-01,August,420.0,0.0,420.0,0.0
VKEY,2022-09-01,September,420.0,0.0,420.0,0.0
VKEY,2022-10-01,October,420.0,300.0,210.0,0.95
VKEY,2022-11-01,November,210.0,300.0,0.0,2.86
WELNINNOV PHARMACEUTICALS,2024-03-01,March,0.0,1392.9,11996.4,0.23
WELNINNOV PHARMACEUTICALS,2024-04-01,April,11996.4,5400.21,11056.2,0.47
WELNINNOV PHARMACEUTICALS,2024-05-01,May,11056.2,0.0,0.0,0.0
ZIVIRA ASTRA DIVISION,2022-04-01,April,39282.25,29009.97,56531.52,0.61
ZIVIRA ASTRA DIVISION,2022-05-01,May,56531.54,31030.24,113964.08,0.36
ZIVIRA ASTRA DIVISION,2022-06-01,June,113964.11,46665.1,128855.14,0.38
ZIVIRA ASTRA DIVISION,2022-07-01,July,128855.29,37219.38,112252.3,0.31
ZIVIRA ASTRA DIVISION,2022-08-01,August,112252.45,14785.15,126828.43,0.12
ZIVIRA ASTRA DIVISION,2022-09-01,September,126828.62,27147.61,90395.76,0.25
ZIVIRA ASTRA DIVISION,2022-10-01,October,90395.88,26102.32,57259.66,0.35
ZIVIRA ASTRA DIVISION,2022-11-01,November,57259.79,41758.83,56355.34,0.74
ZIVIRA ASTRA DIVISION,2022-12-01,December,56355.46,56043.02,83476.09,0.8
ZIVIRA ASTRA DIVISION,2023-01-01,January,83476.26,25916.1,85338.29,0.31
ZIVIRA ASTRA DIVISION,2023-02-01,February,85338.46,39897.91,34894.61,0.66
ZIVIRA ASTRA DIVISION,2023-03-01,March,34894.66,9174.11,51087.66,0.21
ZIVIRA ASTRA DIVISION,2023-04-01,April,49196.82,27681.03,36927.37,0.64
ZIVIRA ASTRA DIVISION,2023-05-01,May,36927.37,13592.22,44030.72,0.34
ZIVIRA ASTRA DIVISION,2023-06-01,June,44030.8,25528.67,36876.19,0.63
ZIVIRA ASTRA DIVISION,2023-07-01,July,36876.19,30755.49,41279.83,0.79
ZIVIRA ASTRA DIVISION,2023-08-01,August,41279.89,28263.23,21353.03,0.9
ZIVIRA ASTRA DIVISION,2023-09-01,September,21353.03,903.61,20689.15,0.04
ZIVIRA ASTRA DIVISION,2023-10-01,October,20689.15,0.0,20689.15,0.0
ZIVIRA ASTRA DIVISION,2023-11-01,November,20689.15,4352.86,17438.18,0.23
ZIVIRA ASTRA DIVISION,2023-12-01,December,17438.23,4681.5,16037.14,0.28
ZIVIRA ASTRA DIVISION,2024-01-01,January,16037.19,1851.21,26733.73,0.09
ZIVIRA ASTRA DIVISION,2024-02-01,February,26733.86,5130.58,22519.96,0.21
ZIVIRA ASTRA DIVISION,2024-03-01,March,22520.0,26458.65,6229.07,1.84
ZIVIRA ASTRA DIVISION,2024-04-01,April,6300.2,4846.04,2836.74,1.06
ZIVIRA ASTRA DIVISION,2024-05-01,May,2836.74,14354.03,25361.07,1.02
ZIVIRA LABS PVT.LTD,2022-04-01,April,201779.83,118750.06,240702.52,0.54
ZIVIRA LABS PVT.LTD,2022-05-01,May,240702.76,108899.56,272758.86,0.42
ZIVIRA LABS PVT.LTD,2022-06-01,June,272759.04,89602.83,261644.03,0.34
ZIVIRA LABS PVT.LTD,2022-07-01,July,261644.29,94860.91,250008.19,0.37
ZIVIRA LABS PVT.LTD,2022-08-01,August,250008.58,138546.17,276011.4,0.53
ZIVIRA LABS PVT.LTD,2022-09-01,September,276011.82,121377.22,134688.85,0.59
ZIVIRA LABS PVT.LTD,2022-10-01,October,134688.97,49641.19,73564.33,0.48
ZIVIRA LABS PVT.LTD,2022-11-01,November,73564.39,78934.22,149436.26,0.71
ZIVIRA LABS PVT.LTD,2022-12-01,December,149436.4,97137.44,98660.15,0.78
ZIVIRA LABS PVT.LTD,2023-01-01,January,98660.22,34774.28,111084.62,0.33
ZIVIRA LABS PVT.LTD,2023-02-01,February,111084.72,60894.93,57094.72,0.72
ZIVIRA LABS PVT.LTD,2023-03-01,March,57094.73,31203.3,71586.62,0.48
ZIVIRA LABS PVT.LTD,2023-04-01,April,64610.93,63485.16,84545.9,0.85
ZIVIRA LABS PVT.LTD,2023-05-01,May,84545.92,42616.61,72056.11,0.54
ZIVIRA LABS PVT.LTD,2023-06-01,June,72056.14,40366.0,76834.86,0.54
ZIVIRA LABS PVT.LTD,2023-07-01,July,76834.94,72646.18,48217.41,1.16
ZIVIRA LABS PVT.LTD,2023-08-01,August,48217.43,42387.06,55005.77,0.82
ZIVIRA LABS PVT.LTD,2023-09-01,September,55005.86,33208.89,62308.75,0.57
ZIVIRA LABS PVT.LTD,2023-10-01,October,62308.8,28308.88,38130.57,0.56
ZIVIRA LABS PVT.LTD,2023-11-01,November,38130.57,29077.36,36795.34,0.78
ZIVIRA LABS PVT.LTD,2023-12-01,December,36795.34,23206.64,39402.43,0.61
ZIVIRA LABS PVT.LTD,2024-01-01,January,39402.51,31228.87,35133.84,0.84
ZIVIRA LABS PVT.LTD,2024-02-01,February,35133.87,23757.64,19690.12,0.87
ZIVIRA LABS PVT.LTD,2024-03-01,March,19690.12,21896.35,18833.62,1.14
ZIVIRA LABS PVT.LTD,2024-04-01,April,23162.99,35602.13,29301.97,1.36
ZIVIRA LABS PVT.LTD,2024-05-01,May,29301.97,30413.48,25786.82,1.1
