item,company_name,days_sales_of_inventory,zero_inventory_count
TRANSPORE 1S,3M,0.00,5
AUTOGLAVE TAPE 3M 1S,3MIL,273.75,1
NICODIN SOL 500ML,ABBOTT HEALTHCARE PVT. LTD,0.00,1
ALLEVION MAX 5ML,AICE HEALTH CARE PVT LTD,519.42,0
COMFORTZ EYE MASK 1'S,AICE HEALTH CARE PVT LTD,48.44,0
COMFORTZ 10ML,AICE HEALTH CARE PVT LTD,30.22,0
VIRSON GEL 5GM,AJANTA PHARMA LTD,3172.69,0
GATE-P 10ML,AJANTA PHARMA LTD,1895.97,0
OLOPAT OD 5ML,AJANTA PHARMA LTD,264.44,0
OLOPAT 5ML,AJANTA PHARMA LTD,249.42,0
LOTEL GEL 5ML,AJANTA PHARMA LTD,246.49,0
APDROPS 5ML,AJANTA PHARMA LTD,218.05,0
AQUALUBE 10ML,AJANTA PHARMA LTD,191.63,0
LOTEL E/O 5GM,AJANTA PHARMA LTD,136.88,0
BRIVEX 5ML,AJANTA PHARMA LTD,109.50,0
DIFLUMOX 5ML,AJANTA PHARMA LTD,91.25,0
KETOGATE 5ML,AJANTA PHARMA LTD,79.55,0
KLEANCOL 1000ML,AJANTA PHARMA LTD,76.04,0
LACOMA PF 2.5ML,AJANTA PHARMA LTD,73.00,0
HYPOCLIN SOLU 60ML,AJANTA PHARMA LTD,0.00,1
M 20 1S,ALKEM HEALTH SCIENCES,0.00,2
POVIKEM SCRUB 500ML,ALKEM LABORATORIES LTD,14.60,3
POVIKEM 500ML,ALKEM LABORATORIES LTD,11.06,5
ENTISEP 1000ML,ALKEM LABORATORIES LTD,8.69,4
DEXA ALKEM 2ML,ALKEM LABORATORIES LTD,0.00,1
FML 5ML,ALLERGAN INDIA PVT LTD,328.50,0
ZYMAR E/O 5GM,ALLERGAN INDIA PVT LTD,257.82,0
L-PRED 5ML,ALLERGAN INDIA PVT LTD,193.36,0
TEARSPLUS 10ML,ALLERGAN INDIA PVT LTD,182.50,0
COMBIGAN 5ML,ALLERGAN INDIA PVT LTD,127.75,0
OPTIVE 10ML,ALLERGAN INDIA PVT LTD,70.42,0
REFRESH LIQUIGEL 10ML,ALLERGAN INDIA PVT LTD,38.45,0
REFRESH TEARS 10ML,ALLERGAN INDIA PVT LTD,29.61,0
PREDFORTE 10ML,ALLERGAN INDIA PVT LTD,19.65,0
DIANAREST AQUA 5S,AMERICAN PHARMA REMEDIES L,45.63,2
BRITNEAL 5ML,AMNEAL HEALTHCARE PVT LTD,292.00,0
MOXNEAL 5ML,AMNEAL HEALTHCARE PVT LTD,292.00,0
IRRISOL 500ML,AMNEAL HEALTHCARE PVT LTD,243.33,0
MYDRIA PFS 1ML,APPASAMY OCULAR DEVICES P,182.50,0
MEGALUB 10ML,APPASAMY OCULAR DEVICES P,104.29,0
B-CAINE 10ML 1S,APPASAMY OCULAR DEVICES P,87.60,0
ART 10ML,APPASAMY OCULAR DEVICES P,86.25,2
MOXIFUR-DM 5ML,APPASAMY OCULAR DEVICES P,62.22,2
MOXIFUR-K 5ML,APPASAMY OCULAR DEVICES P,52.14,1
MYOPED 5ML,APPASAMY OCULAR DEVICES P,38.49,0
MOXIFUR-LP 5ML,APPASAMY OCULAR DEVICES P,38.15,0
MOXIFUR 5ML 5ML,APPASAMY OCULAR DEVICES P,35.74,2
APPAVISC VAIL 3ML 3ML,APPASAMY OCULAR DEVICES P,29.20,0
APPAVISC PFS 2.4 3ML,APPASAMY OCULAR DEVICES P,28.71,0
APIDINE-5 5ML,APPASAMY OCULAR DEVICES P,28.31,0
APIDINE PLUS 5ML,APPASAMY OCULAR DEVICES P,27.30,0
C-PENT 5ML,APPASAMY OCULAR DEVICES P,24.65,0
ART PLUS 10ML,APPASAMY OCULAR DEVICES P,23.73,0
A-CAINE 5ML,APPASAMY OCULAR DEVICES P,23.64,0
SUPRACOAT PLUS 1ML,APPASAMY OCULAR DEVICES P,23.49,0
APPAMIDE PLUS 5ML,APPASAMY OCULAR DEVICES P,23.23,0
AFLUR 5ML,APPASAMY OCULAR DEVICES P,20.63,0
APPAVISC PFS 3ML 3ML,APPASAMY OCULAR DEVICES P,16.34,0
COHEVISC 1.4 1S,APPASAMY OCULAR DEVICES P,11.56,0
ART GEL 10ML,APPASAMY OCULAR DEVICES P,10.19,0
HYLOR 1S,APPASAMY OCULAR DEVICES P,9.99,0
MOXIFUR INJ 1ML 1ML,APPASAMY OCULAR DEVICES P,9.78,0
MIOCHOL 1ML 1ML,APPASAMY OCULAR DEVICES P,9.56,0
CLEARSOL 500ML 1S,APPASAMY OCULAR DEVICES P,8.97,3
APPAVISC 5ML 5ML,APPASAMY OCULAR DEVICES P,6.68,0
RHEX-ID 1ML 1ML,APPASAMY OCULAR DEVICES P,6.30,0
I-NAC 5ML,APPASAMY OCULAR DEVICES P,0.00,1
KOJIMAX GEL 20GM,APPLE PHARMACEUTICALS,334.58,0
CLOPOL-DX OINT 5GR,APPLE PHARMACEUTICALS,182.50,0
MOXAP-LP 5ML,APPLE PHARMACEUTICALS,159.69,0
MOXAP 5ML,APPLE PHARMACEUTICALS,30.42,0
NEPAFLO E/D 5ML,APPLE PHARMACEUTICALS,20.14,2
LUBI-FRESH 10ML,APPLE PHARMACEUTICALS,19.28,3
LUBI WIPES ULTRA 20'S,APPLE PHARMACEUTICALS,6.64,3
LUBI WIPES 12S,APPLE PHARMACEUTICALS,0.00,1
FULFIL-TD SYP 200ML,APPLE PHARMACEUTICALS,0.00,1
ACTIHEALTH DHA GUMMIES 30S,APPLE PHARMACEUTICALS,0.00,2
AURODONE 5ML,AUROLAB,1095.00,0
AUROFLUR 5ML,AUROLAB,276.52,0
AUROCARPINE 0.5% 1ML,AUROLAB,243.33,0
NYLON 10-0(6401N) 12S,AUROLAB,182.50,0
TACLIMENT 5G,AUROLAB,182.50,0
TPROST 3ML,AUROLAB,121.67,0
LID CLEAN 50ML,AUROLAB,107.41,0
AUROTIM 5ML,AUROLAB,94.90,1
ATROP 5ML,AUROLAB,50.69,1
FLURES 3ML,AUROLAB,41.06,1
AUROCORT 1ML,AUROLAB,28.08,3
AUROMIDE 5ML,AUROLAB,27.62,0
AUROMIDE PLUS 5ML,AUROLAB,24.14,1
AUROCAINE 5ML,AUROLAB,21.10,2
PILO 5ML,AUROLAB,19.60,0
VOZOLE E/D 30MG,AUROLAB,10.81,0
AUROPENT 5ML,AUROLAB,9.70,3
AUROHOM 5ML,AUROLAB,0.00,1
EPILUBE E/D 10ML,AUSTRAK PHARMA,189.02,0
TAGAMOX-DX 5ML,AUSTRAK PHARMA,60.83,0
FORMALIN TAB 100S,BARODA SURGICAL BIOMEDS,0.00,5
BD EMERALD 3ML 1'S,BECTON DICKINSON & COMPANY,14.04,4
CORSOL XG 5ML,BERRY&HERBS PHARMA PVT LTD,314.70,0
GLUKOGEGSIC CAP 10'S,BERRY&HERBS PHARMA PVT LTD,55.19,0
OPTIWIRE CAPS 10'S,BERRY&HERBS PHARMA PVT LTD,27.54,0
NS-500ML 500ML,BORN HEALTHCARE PVT LTD,2.29,2
NS 100ML 1S,BORN HEALTHCARE PVT LTD,0.00,2
DEXASONE 2ML 2ML,CADILA,3.12,11
CARELUB-DS 10ML,CARE GROUP,817.99,0
CANNULA NEEDLE 1S,CARE GROUP,504.51,0
CONTASOL GLASS 500ML 1'S,CARE GROUP,338.16,0
CONTADINE SOL 5ML,CARE GROUP,319.38,0
TEAR STRIPS 100S,CARE GROUP,292.00,0
FLUORESCEIN INJ 2ML 12S,CARE GROUP,292.00,0
MOCARE E/D 5ML,CARE GROUP,273.75,0
FLUO 300 1S,CARE GROUP,182.50,0
MACULAZ TAB 10S,CARE GROUP,182.50,0
CONTASOL BSS(PP) 250ML,CARE GROUP,100.76,0
TROPICARE PLUS 5ML,CARE GROUP,81.11,0
CONTASOL BSS(PP) 500ML,CARE GROUP,43.95,0
BLUERHEXIX 5S,CARE GROUP,33.18,0
VISCOLON VAILS 5ML,CARE GROUP,29.34,2
FLUO STRIPS 100S,CARE GROUP,16.44,0
BUFFANT CAP 1'S,CHC,12.44,4
ST WATER 10ML 50,CLARIS OSTUKA,3.92,8
MANNITOL 100ML 1S,CLARIS OSTUKA,1.12,15
RL-500ML 1S,CLARIS OSTUKA,0.71,16
ULTRA SCAN GEL 1S,COASTAL HEALTH CARE,324.44,0
DI.EYE PAD 6*6 1S,DIAMOND MEDI CARE,340.67,0
DI.DRAPE 60*60 1S,DIAMOND MEDI CARE,66.92,0
DI.EYE DRAPE 50*40 20S,DIAMOND MEDI CARE,25.55,1
PVA SPONGE SPEARS(DMC-734) 10S,DIAMOND MEDI CARE,0.00,1
DI.SHOE COVER 1S,DIAMOND MEDI CARE,0.00,6
DI.TROLLEY DRAPE GR100*75 1S,DIAMOND MEDI CARE,0.00,1
DISPOVAN SYG 10ML 1S,DISPOVAN,8.93,8
DISPOVAN SYG 5ML 1S,DISPOVAN,8.11,5
DISPOVAN NDL 24 100S,DISPOVAN,2.81,17
DISPOVAN 2ML SYG 1S,DISPOVAN,2.47,4
DISPOVAN NDL 26 100S,DISPOVAN,1.56,12
DISPOVAN 1ML-31G 10'S,DISPOVAN,0.00,1
DISPOVAN 1ML 26G 1S,DISPOVAN,0.00,2
KNEECAP TYNOR L 1P,DYNAMIC TECHNO MEDICALS PV,162.95,0
BSSOL 500 1S,ENTOD GLOTEK DIVISION,410.63,0
SMARTMEGA 500 10'S,ENTOD GLOTEK DIVISION,91.25,0
TREHAMOIST 5ML,ENTOD GLOTEK DIVISION,89.89,0
TROMIDE-PLUS 5ML,ENTOD GLOTEK DIVISION,29.33,3
ENTODASE 10,ENTOD GLOTEK DIVISION,21.45,3
CYCLOFEZ 5ML,ENTOD GLOTEK DIVISION,18.44,0
T-1 3ML,ENTOD GLOTEK DIVISION,14.50,0
AB-PRESS PF 10ML,ENTOD GLOTEK DIVISION,13.31,0
TIMOL P 10ML,ENTOD GLOTEK DIVISION,12.15,0
PHENOCAINE PLUS 5AMP*1ML,ENTOD GLOTEK DIVISION,6.83,1
ABPRESS 5ML,ENTOD GLOTEK DIVISION,4.38,3
PRESS-DT 10S,ENTOD GLOTEK DIVISION,3.38,4
HOMACID 5ML,ENTOD GLOTEK DIVISION,3.03,0
I-DEW LID WIPES 10'S,ENTOD GLOTEK DIVISION,0.00,1
BLUETOD 5*1ML,ENTOD GLOTEK DIVISION,0.00,1
ENMOX E/D 5ML,ENTOD PHAMA(ENSIGHT),182.50,0
LACRYL-PLUS 10ML,ENTOD PHAMA(ENSIGHT),149.81,0
FLUBICHLOR E/D 5ML,ENTOD PHAMA(ENSIGHT),122.48,0
LACRYL HYDRATE 10ML,ENTOD PHAMA(ENSIGHT),82.16,0
TOBRACID-F 5ML,ENTOD PHAMA(ENSIGHT),69.96,0
TOBRACID OINT 3GM,ENTOD PHAMA(ENSIGHT),33.11,2
FLUBI E/D 5ML,ENTOD PHAMA(ENSIGHT),31.76,0
FLUNATOD 10 10S,ENTOD PHAMA(ENSIGHT),30.28,1
LOT-LS 5ML,ENTOD PHAMA(ENSIGHT),29.48,3
FLUBIGAT 5ML,ENTOD PHAMA(ENSIGHT),27.94,0
GANCIGEL 5GM,ENTOD PHAMA(ENSIGHT),27.50,0
NEPAONCE 3ML,ENTOD PHAMA(ENSIGHT),25.90,3
TOBRACID E/D 5ML,ENTOD PHAMA(ENSIGHT),22.61,1
OMEFLOX OINT 5GM,ENTOD PHAMA(ENSIGHT),19.84,0
ENGATT E/D 5ML,ENTOD PHAMA(ENSIGHT),19.25,0
LACRYL SOOTHE 10ML,ENTOD PHAMA(ENSIGHT),18.96,0
ENLUBE FUSION E/D 5ML,ENTOD PHAMA(ENSIGHT),18.58,0
LACRYL ULTRA E/D 10ML,ENTOD PHAMA(ENSIGHT),16.73,0
ENTRAK SOOTHE 5GM,ENTOD PHAMA(ENSIGHT),15.53,0
ENLUBE 10ML,ENTOD PHAMA(ENSIGHT),15.36,0
NATACIN 5ML,ENTOD PHAMA(ENSIGHT),13.28,0
E-FLO DROPS 5ML,ENTOD PHAMA(ENSIGHT),11.74,0
FLUCOCID 5ML,ENTOD PHAMA(ENSIGHT),11.42,1
OPTICOOL E/D 10ML,ENTOD PHAMA(ENSIGHT),10.96,0
TREHATOD 5ML,ENTOD PHAMA(ENSIGHT),10.48,0
MOTOGRAM E/D 5ML,ENTOD PHAMA(ENSIGHT),8.76,0
MYATRO E/D 5ML,ENTOD PHAMA(ENSIGHT),8.69,0
ADBROM 5ML,ENTOD PHAMA(ENSIGHT),8.68,0
OMEFLOX E/D 5ML,ENTOD PHAMA(ENSIGHT),7.61,0
CATAGON 10ML,ENTOD PHAMA(ENSIGHT),7.50,0
OMEFLOX-BM 5GM,ENTOD PHAMA(ENSIGHT),6.88,4
LACRYL-PF 5GM,ENTOD PHAMA(ENSIGHT),6.72,0
SOLINE 5 10ML,ENTOD PHAMA(ENSIGHT),6.30,0
SOLINE-6 3GM,ENTOD PHAMA(ENSIGHT),5.16,0
LOT OINTMENT 5GM,ENTOD PHAMA(ENSIGHT),4.63,0
MACUSHIELD TAB 10S,ENTOD PHAMA(ENSIGHT),3.07,2
ENPAT 0.7 5ML,ENTOD PHAMA(ENSIGHT),0.00,1
LACRYL GENTLE GEL 10GR,ENTOD PHAMA(ENSIGHT),0.00,1
FLOXI PRED 5ML,ENTOD PHAMA(ENSIGHT),0.00,1
BITOD LS 3ML,ENTOD PHAMA(ENSIGHT),0.00,1
ENMOX KT 5ML,ENTOD PHAMA(ENSIGHT),0.00,6
ENGATT DM 5ML,ENTOD PHAMA(ENSIGHT),0.00,3
TOBAGRAM-D 5ML,ENTOD PHAMA(ENSIGHT),0.00,2
OTOFUNGIN-F 5ML,ENTOD PHARMA-G TECH,395.42,0
RHINASE NASAL DROPS 10ML,ENTOD PHARMA-G TECH,220.52,0
WAXONIL O 10ML,ENTOD PHARMA-G TECH,130.43,0
OTOBIOTIC PLUS 5ML,ENTOD PHARMA-G TECH,111.73,0
OTOFUNGIN E/D 10ML,ENTOD PHARMA-G TECH,104.73,0
WAXONIL MIC 10ML,ENTOD PHARMA-G TECH,91.25,0
AZENATE NASAL SPRAY 9.8ML,ENTOD PHARMA-G TECH,80.07,0
AUDIOVIT-Z 10C,ENTOD PHARMA-G TECH,54.75,0
WAXONIL KID 10ML,ENTOD PHARMA-G TECH,54.43,0
E-SALIVA PLUS MOUTHSPRAY 15ML,ENTOD PHARMA-G TECH,48.73,0
WAXONIL ACTIV 10ML,ENTOD PHARMA-G TECH,40.91,0
ORINASE-A 10ML,ENTOD PHARMA-G TECH,30.26,0
NASOLINE NASAL SPRAY 10ML,ENTOD PHARMA-G TECH,25.03,1
OTOGON EAR DROPS 10ML,ENTOD PHARMA-G TECH,24.50,0
OTOBIOTIC PLUS NEW 5ML,ENTOD PHARMA-G TECH,20.85,0
FEXAGON PLUS TAB 10S,ENTOD PHARMA-G TECH,13.96,0
OTOBIOTIC 5ML,ENTOD PHARMA-G TECH,9.49,0
AUDIOVIT CAP 10S,ENTOD PHARMA-G TECH,9.29,0
TINNITOD CAP 10S,ENTOD PHARMA-G TECH,8.55,0
ORASHIELD GEL 10GM,ENTOD PHARMA-G TECH,0.00,1
OTOCIL 10ML,ENTOD PHARMA-G TECH,0.00,1
ENTOMED PLUS CAP 10S,ENTOD PHARMA-G TECH,-21.64,1
RHINOFIT-F 6GMS,ENTOD PHARMA-G TECH,-556.63,0
MOMFIT NASAL SPRAY 10ML,ENTOD PHARMA-G TECH,-3528.33,0
HYSIGHT 5ML,ENTOD PHARMACEUTICALS LTD,9702.92,0
KLS DROPS 5ML,ENTOD PHARMACEUTICALS LTD,1387.00,0
OPTIVIRAL OINT 5GM,ENTOD PHARMACEUTICALS LTD,966.18,0
I-DEW MEGA CAP 10S,ENTOD PHARMACEUTICALS LTD,912.50,0
OPTIHIST E/D 5ML,ENTOD PHARMACEUTICALS LTD,441.65,0
NEPATOP FREE 5ML,ENTOD PHARMACEUTICALS LTD,208.57,1
CORTISON OPTICHLOR 3GM,ENTOD PHARMACEUTICALS LTD,182.50,0
OPTIHIST-AZ E/D 5ML,ENTOD PHARMACEUTICALS LTD,182.50,0
OPTIHIST BANG 5ML,ENTOD PHARMACEUTICALS LTD,182.50,0
4QUIN KT E/D 5ML,ENTOD PHARMACEUTICALS LTD,135.79,0
4QUIN PFS 0.5ML 1S,ENTOD PHARMACEUTICALS LTD,89.87,1
EYECIRQUE PRO 1S,ENTOD PHARMACEUTICALS LTD,70.21,0
OPTIHIST-CROMZ 5ML,ENTOD PHARMACEUTICALS LTD,56.15,0
CYCLOTEARS E/D 3ML,ENTOD PHARMACEUTICALS LTD,49.69,0
4QUIN-LOT 5ML,ENTOD PHARMACEUTICALS LTD,48.42,0
HYLA PF 10ML,ENTOD PHARMACEUTICALS LTD,47.80,0
EYETAMIN TOTAL CAP 10S,ENTOD PHARMACEUTICALS LTD,45.63,1
I-DEW SOOTH 5ML,ENTOD PHARMACEUTICALS LTD,37.65,0
OLOPLUS KT 5ML,ENTOD PHARMACEUTICALS LTD,37.00,1
4QUIN E/O 5GM,ENTOD PHARMACEUTICALS LTD,33.97,0
PREDPLUS 10ML,ENTOD PHARMACEUTICALS LTD,25.95,0
LOCTEARS FUSION 10ML,ENTOD PHARMACEUTICALS LTD,20.66,0
I-BORIC 10ML,ENTOD PHARMACEUTICALS LTD,19.91,0
OPTITHROCIN OINT 5GM,ENTOD PHARMACEUTICALS LTD,16.78,0
4QUIN-D 5ML,ENTOD PHARMACEUTICALS LTD,15.51,0
I-DEW DS 10ML,ENTOD PHARMACEUTICALS LTD,15.31,0
4QUIN-BROM 5ML,ENTOD PHARMACEUTICALS LTD,11.03,1
I-DEW OINT 5GM,ENTOD PHARMACEUTICALS LTD,9.42,0
OPTIHIST-PLUS 5ML,ENTOD PHARMACEUTICALS LTD,9.42,0
4QUIN 5ML,ENTOD PHARMACEUTICALS LTD,7.94,0
MONODEXA 5ML,ENTOD PHARMACEUTICALS LTD,6.96,4
EYETAMIN GUMMIES 30S,ENTOD PHARMACEUTICALS LTD,3.86,4
I-DEW ULTRA 10ML,ENTOD PHARMACEUTICALS LTD,0.00,1
NEPATOP 5ML,ENTOD PHARMACEUTICALS LTD,0.00,1
LVFLOX FORTE DROPS 5ML,ENTOD PHARMACEUTICALS LTD,0.00,1
DEXIMON-PX 5GM,ENTOD PHARMACEUTICALS LTD,0.00,2
P-CAIN E/D 5ML,ENTOD PHARMACEUTICALS LTD,0.00,4
VICRYL 8-0 NW2348 1S,ETHICON,83.80,2
ETHILON 10-0 NW3719 1S,ETHICON,0.00,4
IRIGAN-P 500ML,EXELTIS,13.69,0
EMFODEX 5ML,EXELTIS,0.00,1
EMFOZEN-LP 5ML,EXELTIS,0.00,1
VASOMIG-10 10'S,EYEKENZ HEALTHCARE PVT LTD,935.31,0
VITAKENZ SYR 200ML,EYEKENZ HEALTHCARE PVT LTD,547.50,0
PATASOL-OD 5ML,EYEKENZ HEALTHCARE PVT LTD,540.48,0
TOBAMYN 5ML,EYEKENZ HEALTHCARE PVT LTD,524.69,0
DORZEE 5ML,EYEKENZ HEALTHCARE PVT LTD,456.25,0
DORZEE-T 5ML,EYEKENZ HEALTHCARE PVT LTD,456.25,0
BRIMZEE-T 5ML,EYEKENZ HEALTHCARE PVT LTD,456.25,0
HYLAMOIST 10ML,EYEKENZ HEALTHCARE PVT LTD,448.95,0
GATIFIVE 5ML,EYEKENZ HEALTHCARE PVT LTD,397.59,0
TOBAMYN-F 5ML,EYEKENZ HEALTHCARE PVT LTD,319.38,0
EPIFRESH 10ML,EYEKENZ HEALTHCARE PVT LTD,240.57,0
OXYROOTZ TAB 10'S,EYEKENZ HEALTHCARE PVT LTD,239.53,0
EPITEARS 10ML,EYEKENZ HEALTHCARE PVT LTD,212.92,0
EPIWET WIPES 15'S,EYEKENZ HEALTHCARE PVT LTD,182.50,0
TOPOMOX-DX 5ML,EYEKENZ HEALTHCARE PVT LTD,136.88,0
STEAM BIOLOGICAL INDICATORS 1S,EZTEST,0.00,2
EO BIOLOGICAL INDICATORS 1S,EZTEST,0.00,1
PILOCAR 2% E/D 5ML,FDC,29.99,0
GAUZE CLOTH 18M 1S,G.T.RAJ TEX,12.89,10
CADIDINE 500ML,GERMAN REMEDIES,0.00,1
DEXAGEE PLUS 2ML,GERMAN REMEDIES,0.00,1
ZYPOVID SCRUB 500ML,GERMAN REMEDIES PHARMACEUT,40.56,1
GLASSVAN BLD 15 1S,GLASS VAN,0.00,6
ZOBRA-F 5ML,HICARE PHARMA,347.82,0
HITOP E/D 5ML,HICARE PHARMA,286.79,0
ZOBRA E/D 5ML,HICARE PHARMA,206.46,0
HIFLOX 5ML,HICARE PHARMA,194.64,0
MAXDIL PLUS 5ML,HICARE PHARMA,189.14,0
HIGATI OINT 5GM,HICARE PHARMA,182.50,0
ONEMOX OINT 5GM,HICARE PHARMA,182.50,0
OCULATE 5ML,HICARE PHARMA,156.09,0
ONEMOX E/D 5ML,HICARE PHARMA,144.34,0
CD EYE OINT 5GM,HICARE PHARMA,110.87,0
ANESTOP 5ML,HICARE PHARMA,102.20,0
ONEMOX-DM 5ML,HICARE PHARMA,70.79,0
OPTICHIL 10ML,HICARE PHARMA,62.78,0
ONEZINE 10MG 10S,HICARE PHARMA,60.83,0
HICOOL EXCEL 10ML,HICARE PHARMA,55.22,0
HIOXY TAB 10S,HICARE PHARMA,42.86,0
ZOBRA OINT 5GM,HICARE PHARMA,36.48,0
HIBROM E/D 5ML,HICARE PHARMA,23.68,0
HICOOL E/D 5ML,HICARE PHARMA,18.01,0
HICOOL PF GEL 5GM,HICARE PHARMA,14.58,0
HIMYCIN E/O 5GM,HICARE PHARMA,14.58,0
IOMIDE 10'S,HICARE PHARMA,13.49,0
GLASSVAN BLD 11 1S,HINDUSTAN SYRINGS & MEDICA,0.00,4
AWARENE T PF 5ML,HIS EYENESS OPTHALMICS,912.50,0
ACCUNAC DUO E/D 5ML,HIS EYENESS OPTHALMICS,445.84,0
EYENESS WIPES 10S,HIS EYENESS OPTHALMICS,201.09,1
CANDOR PF 10ML,HIS EYENESS OPTHALMICS,184.25,0
DORBET PF 10ML,HIS EYENESS OPTHALMICS,135.71,0
EYEMAC GB 10ML,HIS EYENESS OPTHALMICS,134.24,0
LAURICA K 10S,HIS EYENESS OPTHALMICS,100.05,0
AQUIM T E/D 10ML,HIS EYENESS OPTHALMICS,93.66,0
EYENESS WIPES 20S,HIS EYENESS OPTHALMICS,78.91,0
EYEMAC GEL 10ML,HIS EYENESS OPTHALMICS,78.11,0
PATINE KT 5ML,HIS EYENESS OPTHALMICS,62.92,0
EYENESS E/D 5ML,HIS EYENESS OPTHALMICS,49.18,0
ERPETOL E/D 5ML,HIS EYENESS OPTHALMICS,48.16,0
AQUIM 5ML,HIS EYENESS OPTHALMICS,38.91,0
AQUIM LID WIPES 20S,HIS EYENESS OPTHALMICS,35.88,0
AQUIM LID WIPES 10S,HIS EYENESS OPTHALMICS,35.83,0
ALFABET PF E/D 10ML,HIS EYENESS OPTHALMICS,32.69,0
MAXIM L 5ML,HIS EYENESS OPTHALMICS,31.23,0
AQUIM T E/D 5ML,HIS EYENESS OPTHALMICS,26.33,0
EYEMAC E/D 10ML,HIS EYENESS OPTHALMICS,26.03,0
AWARENE PF 5ML,HIS EYENESS OPTHALMICS,25.66,0
AQUIM GEL 10GM,HIS EYENESS OPTHALMICS,25.53,0
VCOLUX 10'S,HIS EYENESS OPTHALMICS,24.47,0
VCOLUX C TAB 10S,HIS EYENESS OPTHALMICS,23.35,0
MAXIM E/D 5ML,HIS EYENESS OPTHALMICS,19.58,0
ACCUNAC E/D 5ML,HIS EYENESS OPTHALMICS,18.82,0
PREDINA E/D 10ML,HIS EYENESS OPTHALMICS,18.59,0
MAXIM GEL 5ML,HIS EYENESS OPTHALMICS,17.29,0
MAXIM-D 5ML,HIS EYENESS OPTHALMICS,15.57,0
AQUIM PF 10ML,HIS EYENESS OPTHALMICS,13.77,0
VCOLUX TAB 3*10S,HIS EYENESS OPTHALMICS,0.00,1
INTAGESIC AMP 1ML,INTAS PHARMACEUTICALS PVT,0.00,3
MEDITAPE 310 12S,JMS CO LTD,1.47,13
JMS IV SET 1S,JMS CO LTD,0.00,1
VICRYL 6-0 NW2670 1S,JOHNSON & JOHNSON,76.84,1
MERISILK 4-0 NW5000 1S,JOHNSON & JOHNSON,0.00,3
SANITIZER 5L,KALPAS INDUSTRIES,0.00,2
I-ZEN FORTE 10S,KLARSEHEN,0.00,2
SURESOL 500ML,LAVUE PHARMA. PVT LTD,365.00,0
NEFASOL 5ML,LAVUE PHARMA. PVT LTD,335.80,0
FORTAREDS 10'S,LAVUE PHARMA. PVT LTD,292.00,0
BACTISAFE 1000ML,LUPIN LTD,14.60,3
FLURESCIEN STRIPS 1BOX,MADHU INSTRUMENTS PVT. LTD,33.18,0
FACE MASK 1S,MEDIKLIN HEALTHCARE LTD,26.99,0
DISPOSIBLE BED SHEET 1,MEDIKLIN HEALTHCARE LTD,1.35,9
LAT.EXAMI.GLOVES SM 100,MEDIPRIDE,182.50,0
GLOVE POWDER 500G,MURALI TRADERS,0.00,2
CYNQ 5ML,NEOMEDIX HEALTHCARE INDIA,319.38,0
VIGOQUIN 5ML,NEOMEDIX HEALTHCARE INDIA,288.96,0
KINDERWOODS GUMMIES 30'S,NEOMEDIX HEALTHCARE INDIA,118.63,0
VASOCAN 1ML 1S,NEON LABORATORIES LTD,91.25,0
VANKING 500 1S,NEON LABORATORIES LTD,15.87,1
LOX 2% 30ML 1S,NEON LABORATORIES LTD,2.26,5
ANAWIN0.5% 20ML 1S,NEON LABORATORIES LTD,1.46,8
LOX2% ADR30ML 1S,NEON LABORATORIES LTD,0.00,2
NEOMIT 4MG 2ML,NEON LABORATORIES LTD,0.00,2
LOX 10% SPRAY 50ML,NEON LABORATORIES LTD,0.00,3
LUBRICOOL E/D 10ML,OCUZEN HEALTH CARE,68.81,1
OZOLINE 10ML,OCUZEN HEALTH CARE,66.33,0
NEPACARE 5ML,OCUZEN HEALTH CARE,9.71,0
MOXICLEAR-DX 5ML,OCUZEN HEALTH CARE,0.00,2
ALLAR CARE 5ML,OCUZEN HEALTH CARE,0.00,1
MOXICLEAR 5ML,OCUZEN HEALTH CARE,0.00,1
NECK PILLOW 1S,OTHERS,331.82,0
RED GLOVES 5% 1S,OTHERS,319.38,0
NEBULISER 1S,OTHERS,194.67,0
H-2 O-2 400ML 400ML,OTHERS,54.75,1
SHOE COVER POLY 1PAIR,OTHERS,0.00,2
LAT.EXAMI.GLOVES ME 100,PIONEER,0.00,4
CANZO PRIDE TAB 10S,PRIDE&PRIME PHARMACEUTICAL,255.50,0
MONTI-PRIDE L 10S,PRIDE&PRIME PHARMACEUTICAL,108.12,1
RI PRIDE DSR 10S,PRIDE&PRIME PHARMACEUTICAL,96.71,0
HEALTHY-PRIDE LZ 10S,PRIDE&PRIME PHARMACEUTICAL,93.06,0
RAMADINE SOLU5% 500ML,RAMAN&WEIL PVT LTD,24.33,1
BACILLOL 25 250ML,RAMAN&WEIL PVT LTD,18.25,3
STERILIUM 500ML,RAMAN&WEIL PVT LTD,13.13,4
BACILLOCID EXTRA 500ML,RAMAN&WEIL PVT LTD,9.02,6
ROLLER BANDAID 15CM 10S,RAMAN&WEIL PVT LTD,0.00,3
FACE MASK RAMSONS 1S,RAMSONS,35.43,0
ALCO SWAB 1S,RAMSONS,0.00,6
FACE MASK TIE 1'S,RAMSONS,0.00,5
IV SET RMS 1S,RAMSONS,0.00,1
BECTODINE 2LTR,RANBAXY,8.11,4
SURGICAL SPIRIT 4.5L 1S,REGAL LABORATORIES,0.00,9
IV SET 1S,SANGAM HEALTHCARE (SAFTI-N,14.06,0
GEROGEN 2ML,SEARLE,91.25,1
SENZMOX OINT 5GM,SENSES PHARMACEUTICALS LTD,2106.35,0
MACUVIT CAP 10S,SENSES PHARMACEUTICALS LTD,1221.35,0
MACUVIT PLUS 10S,SENSES PHARMACEUTICALS LTD,805.15,0
OBRIN E/D 5ML,SENSES PHARMACEUTICALS LTD,760.42,1
SENZMOX-GX 5ML,SENSES PHARMACEUTICALS LTD,758.08,0
SENZOPT E/D 3ML,SENSES PHARMACEUTICALS LTD,742.87,0
SENSOFI 5ML,SENSES PHARMACEUTICALS LTD,657.47,0
NATASOL 5ML,SENSES PHARMACEUTICALS LTD,483.25,0
DORSENZ-T 5ML,SENSES PHARMACEUTICALS LTD,406.04,0
ZYTAMIN TAB 10S,SENSES PHARMACEUTICALS LTD,231.17,0
SENSONAC 5ML,SENSES PHARMACEUTICALS LTD,176.01,0
LEOS-MX DROPS 5ML,SENSES PHARMACEUTICALS LTD,158.92,0
SENZMOX-DM 10ML,SENSES PHARMACEUTICALS LTD,133.83,0
IREWET 5ML 5ML,SENSES PHARMACEUTICALS LTD,93.58,0
IREWET E/D 10ML,SENSES PHARMACEUTICALS LTD,91.25,0
SENZOPT-T 3ML,SENSES PHARMACEUTICALS LTD,79.07,0
LEOS 5ML,SENSES PHARMACEUTICALS LTD,76.31,0
TRAVASENZ 3ML,SENSES PHARMACEUTICALS LTD,65.70,1
DORSENZ 5ML,SENSES PHARMACEUTICALS LTD,55.68,0
SENZMOX-DX 10ML,SENSES PHARMACEUTICALS LTD,50.44,0
FLUNAREST 5MG 10S,SENSES PHARMACEUTICALS LTD,36.34,0
SENZCLOR-H E/O 5GM,SENSES PHARMACEUTICALS LTD,28.73,0
CELLWET 10ML,SENSES PHARMACEUTICALS LTD,27.05,0
ALLERPAT 5ML,SENSES PHARMACEUTICALS LTD,25.82,0
DUOBRIM-T 5ML,SENSES PHARMACEUTICALS LTD,25.44,0
KARBOXI 10ML,SENSES PHARMACEUTICALS LTD,24.09,0
COMPU .5% 10ML,SENSES PHARMACEUTICALS LTD,18.62,0
FLUNAREST 10 10S,SENSES PHARMACEUTICALS LTD,18.44,0
SENZPRED 10ML,SENSES PHARMACEUTICALS LTD,17.24,2
VOLVIT 10S,SENSES PHARMACEUTICALS LTD,16.69,0
SENZMOX 5ML,SENSES PHARMACEUTICALS LTD,12.85,0
COMPU 1% 10ML,SENSES PHARMACEUTICALS LTD,11.58,0
CELWET ULTRA 10ML,SENSES PHARMACEUTICALS LTD,10.58,0
DUOBRIM LS 5ML,SENSES PHARMACEUTICALS LTD,9.27,0
SENZGAT 5ML,SENSES PHARMACEUTICALS LTD,8.39,0
OBRIN-F 5ML,SENSES PHARMACEUTICALS LTD,0.00,1
HYPERSENZ 10ML,SENSES PHARMACEUTICALS LTD,-304.17,0
FLI 5ML,SENSES PHARMACEUTICALS LTD,-603.65,0
OBRIN E/O 5GM,SENSES PHARMACEUTICALS LTD,-1118.40,0
KITIMOX GEL 5ML,SENTISS PHARMA PVT LTD,1214.93,0
ONTEARS GEL 15ML,SENTISS PHARMA PVT LTD,756.07,0
ISOFT HS 10ML,SENTISS PHARMA PVT LTD,541.42,0
FLOACE-T 5ML,SENTISS PHARMA PVT LTD,516.36,0
KITMOX 5ML,SENTISS PHARMA PVT LTD,309.87,0
FLOACE 0.1% 5ML,SENTISS PHARMA PVT LTD,304.17,0
ONTEARS 15ML,SENTISS PHARMA PVT LTD,177.12,0
NAVIBROM 5ML,SENTISS PHARMA PVT LTD,118.77,0
MISTICE 10ML,SHERINGS,1756.56,0
DURALUB FUSION 10ML,SHERINGS,1659.09,0
TAGAMOX-KT 5ML,SHERINGS,501.88,0
TAGAMOX-TM 5ML,SHERINGS,346.75,0
PATARID KT 5ML,SHERINGS,298.64,1
TAGAMOX-LP 5ML,SHERINGS,211.28,0
DURALUB-EG 5GM,SHERINGS,182.50,0
RETIGARD-I 30'S,SHERINGS,182.50,0
PREDLAST-MF 5ML,SHERINGS,182.50,0
TEARMIST-EG 5GM,SHERINGS,182.50,0
TAGAMOX E/D 5ML,SHERINGS,156.76,0
TOBRAVAS 5ML,SHERINGS,101.39,0
NEPAVAC E/D 5ML,SHERINGS,99.72,0
TEARLUB GEL 10ML,SHERINGS,96.22,0
GATIDROPS 5ML,SHERINGS,91.25,0
HYNLUBE 10ML,SHERINGS,60.83,1
TAGAMOX-EO 5GM,SHERINGS,60.83,1
DURALUB E/D 10ML,SHERINGS,57.59,0
TEARLUB E/D 10ML,SHERINGS,30.87,0
RETIGARD-O3 10S,SHERINGS,22.81,2
RETIGARD TAB 10S,SHERINGS,14.25,0
DIMPLE E/D 10ML,SHERINGS,12.43,0
CATOBAR 10ML,SHERINGS,10.96,0
IZO OINT 5GM,SHERINGS,0.00,1
NEPAVAC-PF 5ML,SHERINGS,0.00,1
FLUNAREX-10MG 10S,SHERINGS,0.00,1
PATARID 5ML,SHERINGS,0.00,1
DOPAKIT 10S,SHERINGS,0.00,1
PREDLAST 10ML,SHERINGS,0.00,1
PREDNATE 5ML,SHERINGS,0.00,1
GANPYAR OINT 5GM,SHERINGS,0.00,1
PREDNATE-DM 5ML,SHERINGS,0.00,3
FLUNAREX-5MG 10S,SHERINGS,0.00,1
MYOSTOP 5ML,SHERINGS,0.00,2
TACREFITE-LS 5GM,SHERINGS,0.00,1
DEIONISED WATER 5L 5L,SOMA SCIENTIFICS&SURGICALS,0.00,2
POVIDEX5% 500ML,SPECTRUM BIOCIDES INDIA PV,0.00,1
CETRILON 1LT,SPECTRUM BIOCIDES INDIA PV,0.00,1
POVIDEX 5% 2LTR,SPECTRUM BIOCIDES INDIA PV,0.00,2
REFFRON TAB 15S,SUNWAYS PHARMACEUTICALS,269.36,0
ALCATOP 5ML 5ML,SUNWAYS PHARMACEUTICALS,250.94,0
SUNEPHRINE 10% 5ML,SUNWAYS PHARMACEUTICALS,182.50,0
ASTA GOLD 10S,SUNWAYS PHARMACEUTICALS,182.50,0
NEBRACIN DM 10ML,SUNWAYS PHARMACEUTICALS,85.17,0
HYCLO 0.05% 5ML,SUNWAYS PHARMACEUTICALS,77.31,0
CATAPRED E/D 10ML,SUNWAYS PHARMACEUTICALS,72.11,0
JUST TEARS WIPES 30*1,SUNWAYS PHARMACEUTICALS,64.43,0
HYPROSOL PFS 3ML 3ML,SUNWAYS PHARMACEUTICALS,58.54,0
EYEVITAL CAP 30S,SUNWAYS PHARMACEUTICALS,39.77,0
XINEP E/D 5ML,SUNWAYS PHARMACEUTICALS,38.29,0
ZONAT 5ML,SUNWAYS PHARMACEUTICALS,38.20,0
OCULAN AMP 2ML,SUNWAYS PHARMACEUTICALS,35.00,0
NEBRACIN E/D 5ML,SUNWAYS PHARMACEUTICALS,33.99,0
CARPINOL 0.5% 1ML,SUNWAYS PHARMACEUTICALS,30.04,0
TROPICACYL 1% 5ml,SUNWAYS PHARMACEUTICALS,26.50,0
SIMPLOVIR E/O 5GM,SUNWAYS PHARMACEUTICALS,23.49,0
ESTOCIN E/O 5GM,SUNWAYS PHARMACEUTICALS,23.02,0
OCCUMOX 5ML,SUNWAYS PHARMACEUTICALS,20.10,0
T+ULTRA 1ML 5*2,SUNWAYS PHARMACEUTICALS,20.04,0
OCCUMOX E/O 5GM,SUNWAYS PHARMACEUTICALS,18.72,0
RIBOCROSS-3ML 3ML,SUNWAYS PHARMACEUTICALS,18.10,3
EYEVITAL LX CAP 10S,SUNWAYS PHARMACEUTICALS,17.58,0
ATROSUN E/D 5ML,SUNWAYS PHARMACEUTICALS,17.51,0
JUST TEARS LIQUIGEL E/D 10ML,SUNWAYS PHARMACEUTICALS,15.93,0
RIBOCROSS RAPID 3ML,SUNWAYS PHARMACEUTICALS,15.43,0
HYVET0.18% 5ML,SUNWAYS PHARMACEUTICALS,15.07,0
TROPICACYL PLUS 5ML,SUNWAYS PHARMACEUTICALS,14.12,0
LACRIGEL 5GM,SUNWAYS PHARMACEUTICALS,13.73,0
OCCUMOX PFS-0.5ML 0.5ML,SUNWAYS PHARMACEUTICALS,12.85,0
OCCUCOM E/D 10ML,SUNWAYS PHARMACEUTICALS,12.68,0
EPITRATE 1ML 1ML,SUNWAYS PHARMACEUTICALS,12.15,0
JUST TEARS 10ML,SUNWAYS PHARMACEUTICALS,10.63,0
PARACAIN 5ML,SUNWAYS PHARMACEUTICALS,9.83,0
HYPROSOL VIAL 5ML,SUNWAYS PHARMACEUTICALS,9.38,0
PANTHOBIC GEL 5GM,SUNWAYS PHARMACEUTICALS,0.00,1
LEVOO 5ML,SUNWAYS PHARMACEUTICALS,0.00,1
NEBRACIN OINT 5GM,SUNWAYS PHARMACEUTICALS,0.00,1
LYMOVITA 200ML,SUNWAYS PHARMACEUTICALS,-1865.56,0
BRIO 5ML,SUNWAYS PHARMACEUTICALS(OR,272.30,0
HYPERTONE E/O 5GM,SUNWAYS PHARMACEUTICALS(OR,130.56,0
BRIO-B 5ML,SUNWAYS PHARMACEUTICALS(OR,117.32,0
ZOPTINA E/D 5ML,SUNWAYS PHARMACEUTICALS(OR,62.57,2
BPROS-T 5ML,SUNWAYS PHARMACEUTICALS(OR,60.62,0
BPROS 5ML,SUNWAYS PHARMACEUTICALS(OR,45.21,1
BRIO-T 5ML,SUNWAYS PHARMACEUTICALS(OR,42.16,0
CAP-SR CAPS 10S,SUNWAYS PHARMACEUTICALS(OR,36.50,0
TRAVOSUN-T 2.5ML,SUNWAYS PHARMACEUTICALS(OR,30.92,0
HYPROLIEF E/D 10ML,SUNWAYS PHARMACEUTICALS(OR,27.57,0
CIBRIM T E/D 5ML,SUNWAYS PHARMACEUTICALS(OR,27.55,0
LACRIGUARD CAP 10'S,SUNWAYS PHARMACEUTICALS(OR,24.85,0
DOVAS CAPS 10S,SUNWAYS PHARMACEUTICALS(OR,18.55,0
CIBRIM Z E/D 5ML,SUNWAYS PHARMACEUTICALS(OR,17.29,0
DORSUN T 5ML,SUNWAYS PHARMACEUTICALS(OR,14.92,0
HYPERTONE E/D 10ML,SUNWAYS PHARMACEUTICALS(OR,13.39,0
TRAVOSUN E/D 3ML,SUNWAYS PHARMACEUTICALS(OR,13.30,0
DORSUN 5ML,SUNWAYS PHARMACEUTICALS(OR,12.71,0
TIMANOL 0.5% 5ML,SUNWAYS PHARMACEUTICALS(OR,12.31,0
P-20 10S,SUNWAYS PHARMACEUTICALS(OR,0.00,1
HYPERTONE 6 E/O 5GM,SUNWAYS PHARMACEUTICALS(OR,0.00,1
ARA E/D 10ML,SUNWAYS PHARMACEUTICALS(RE,2547.98,0
POLYCHLOR E/O 5GM,SUNWAYS PHARMACEUTICALS(RE,120.53,0
REDIF E/D 10ML,SUNWAYS PHARMACEUTICALS(RE,106.61,0
OFLO E/D 5ML,SUNWAYS PHARMACEUTICALS(RE,90.39,0
MYCLIN EAR DROPS 10ML,SUNWAYS PHARMACEUTICALS(RE,89.65,0
SYNOX NASAL DROPS 10ML,SUNWAYS PHARMACEUTICALS(RE,59.88,0
OCULACT 5ML,SUNWAYS PHARMACEUTICALS(RE,55.49,0
NETIWASH 30'S 30S,SUNWAYS PHARMACEUTICALS(RE,52.54,0
POLYCHLOR E/D 5ML,SUNWAYS PHARMACEUTICALS(RE,52.24,0
OFLO BM OINT 5GM,SUNWAYS PHARMACEUTICALS(RE,50.61,2
PENTOLATE E/D 5ML,SUNWAYS PHARMACEUTICALS(RE,39.72,0
VITREON TABLETS 1*30,SUNWAYS PHARMACEUTICALS(RE,34.70,0
GATSUN E/D 5ML,SUNWAYS PHARMACEUTICALS(RE,28.74,0
CAROKID JELLIES 75GM,SUNWAYS PHARMACEUTICALS(RE,28.32,1
MYDRYN E/D 5ML,SUNWAYS PHARMACEUTICALS(RE,26.07,2
NETIWASH 15'S 15SA,SUNWAYS PHARMACEUTICALS(RE,22.95,0
TINNICAR CAP 10S,SUNWAYS PHARMACEUTICALS(RE,21.14,0
POLYCHLOR DM E/D 5ML,SUNWAYS PHARMACEUTICALS(RE,20.06,0
GATSUN FORTE E/D 5ML,SUNWAYS PHARMACEUTICALS(RE,19.89,0
ULTRA GEL E/D 10ML,SUNWAYS PHARMACEUTICALS(RE,19.71,0
OMNIDASE INJ 1ML,SUNWAYS PHARMACEUTICALS(RE,19.26,0
POLYCHLOR DM E/O 5GM,SUNWAYS PHARMACEUTICALS(RE,16.28,0
VITREON SACHET 30*4GM,SUNWAYS PHARMACEUTICALS(RE,14.25,0
OTOFLU DROPS 5ML,SUNWAYS PHARMACEUTICALS(RE,13.78,0
TRYBLUE 1ML 1ML,SUNWAYS PHARMACEUTICALS(RE,12.91,0
DRU DROPS 10ML,SUNWAYS PHARMACEUTICALS(RE,0.00,1
BOTAS 5ML,SUNWAYS PHARMACEUTICALS(RE,0.00,1
OFLO E/O 5GM,SUNWAYS PHARMACEUTICALS(RE,0.00,1
SUTURE NEEDLE1/2 6S,SUPERFINE NEEDLES PVT LTD,7.30,0
STERILE GLOVES 6 1PAIR,SURGICARE,240.13,0
STERILE GLOVES 8 1PAIR,SURGICARE,30.42,2
STERILED GLOVES 7.5 1PAIR,SURGICARE,23.42,4
STERILE GLOVES 7 1S,SURGICARE,4.64,8
STE.GLOVES 8 1PAIR,SURGICARE,0.00,1
STERILE GLOVES 6.5 1S,SURGICARE,0.00,9
TRUSEAL TSL 250 1S,SUTURES INDIA,304.17,0
FRACBON 10S,TAS MED(INDIA)PVT.LTD(VALL,387.81,0
MEPRIDE-VM 2 15S,TAS MED(INDIA)PVT.LTD(VALL,304.17,0
LAXITAS SYP 200ML,TAS MED(INDIA)PVT.LTD(VALL,184.97,0
MINADO 500 10S,TAS MED(INDIA)PVT.LTD(VALL,182.50,0
ACTIFUL 15S,TAS MED(INDIA)PVT.LTD(VALL,159.69,0
SUCROTAS-O 200ML,TAS MED(INDIA)PVT.LTD(VALL,133.83,0
AMITOP PLUS H 10'S,TAS MED(INDIA)PVT.LTD(VALL,130.36,1
BENMEC 10S,TAS MED(INDIA)PVT.LTD(VALL,83.14,0
RUTOR 10S,TAS MED(INDIA)PVT.LTD(VALL,77.49,0
ESIUM-D 10S,TAS MED(INDIA)PVT.LTD(VALL,76.99,0
STONIL 200ML,TAS MED(INDIA)PVT.LTD(VALL,67.01,0
MOXICHECK 0.2 15'S,TAS MED(INDIA)PVT.LTD(VALL,63.88,0
MOXICHECK 0.3 15'S,TAS MED(INDIA)PVT.LTD(VALL,63.88,0
WELHART 150 10S,TAS MED(INDIA)PVT.LTD(VALL,62.03,0
AMITOP 25 10'S,TAS MED(INDIA)PVT.LTD(VALL,60.83,1
DROVOTAS-80 10S,TAS MED(INDIA)PVT.LTD(VALL,57.94,1
VENEW PLUS 15'S,TAS MED(INDIA)PVT.LTD(VALL,45.63,1
DIAGLIT SOFT 50G,TAS MED(INDIA)PVT.LTD(VALL,40.04,1
ANGLIT 2.6 30S,TAS MED(INDIA)PVT.LTD(VALL,31.75,1
AMITOP 10 10S,TAS MED(INDIA)PVT.LTD(VALL,20.58,2
DROVOTAS-A 10'S,TAS MED(INDIA)PVT.LTD(VALL,0.00,1
DIGON 0.25 10'S,TAS MED(INDIA)PVT.LTD(VALL,0.00,1
AZOTAS TAB 10S,TAS MED(INDIA)PVT.LTD(VALL,0.00,1
DAPIXA M 10'S,TAS MED(INDIA)PVT.LTD(VALL,0.00,1
ESIUM-HP KIT 6'S,TAS MED(INDIA)PVT.LTD(VALL,0.00,1
TELTAS M 25 15'S,TAS MED(INDIA)PVT.LTD(VALL,0.00,1
TELTAS M 50 15'S,TAS MED(INDIA)PVT.LTD(VALL,0.00,1
ENZYGUT FORTE 10'S,TAS MED(INDIA)PVT.LTD(VALL,0.00,1
TELTAS A 15'S,TAS MED(INDIA)PVT.LTD(VALL,0.00,1
EPIAD 25 10'S,TASMED (INDIA) PVT LTD(PAS,182.50,0
GUTREX 15'S,TASMED (INDIA) PVT LTD(PAS,182.50,0
DOTIN 50 15'S,TASMED (INDIA) PVT LTD(PAS,182.50,0
NERSAVE TRIO 15'S,TASMED (INDIA) PVT LTD(PAS,182.02,1
ETIPRO 15'S,TASMED (INDIA) PVT LTD(PAS,144.16,1
LAMREST 3 15'S,TASMED (INDIA) PVT LTD(PAS,98.08,0
GAPITAS-L 30G,TASMED (INDIA) PVT LTD(PAS,21.27,2
LAMREST GN 10S,TASMED (INDIA) PVT LTD(PAS,12.55,0
DOTIN 25 10S,TASMED (INDIA) PVT LTD(PAS,8.15,8
MIBETA PLUS 10 10S,TASMED (INDIA) PVT LTD(PAS,7.57,0
LAMREST 10 15S,TASMED (INDIA) PVT LTD(PAS,7.20,0
DOTIN 25 15S,TASMED (INDIA) PVT LTD(PAS,0.00,3
PRIMODE 10'S,TASMED(INDIA) PVT.LTD(ASPI,60.83,1
DOTIN 25 10S,TASMED(INDIA) PVT.LTD(ASPI,16.29,4
DOTIN 50 10S,TASMED(INDIA) PVT.LTD(ASPI,12.39,6
IMACIN 10S,TASMED(INDIA) PVT.LTD(ASPI,12.07,0
IMACIN SR 75 10S,TASMED(INDIA) PVT.LTD(ASPI,0.00,1
FORMALINE 4.5LTS,TEKAY PRODUCTS,24.33,4
GAUZE CLOTH90C*10M 1S,THE RAMARAJU COTTON MILLS,15.21,1
COTTON ROLL400GM 1S,THE RAMARAJU COTTON MILLS,1.93,12
EYE SHIELDS 1S,VKEY,220.52,0
TOLMOTUS-AP 10'S,WELNINNOV PHARMACEUTICALS,32.21,0
WINNTRAMOL 10'S,WELNINNOV PHARMACEUTICALS,0.00,1
TIZTA 5ML 5ML,ZIVIRA ASTRA DIVISION,679.41,0
TOBRAWIN 5ML,ZIVIRA ASTRA DIVISION,71.75,0
TOBRAWIN LP 5ML,ZIVIRA ASTRA DIVISION,67.08,0
BEPIREX 5ML,ZIVIRA ASTRA DIVISION,59.81,0
TIMOBEST E/D 5ML,ZIVIRA ASTRA DIVISION,37.83,0
ENVISA TAB 10S,ZIVIRA ASTRA DIVISION,24.08,0
STRIOS LID WIPES 24S,ZIVIRA ASTRA DIVISION,17.26,0
DUCIRA GEL 10GM,ZIVIRA LABS PVT.LTD,2764.88,0
ZIVIMOX-LP 5ML,ZIVIRA LABS PVT.LTD,285.74,0
BRITIVIN E/D 5ML,ZIVIRA LABS PVT.LTD,156.23,0
MACUMER TAB 10S,ZIVIRA LABS PVT.LTD,145.73,0
ZIVIMOX E/D 5ML,ZIVIRA LABS PVT.LTD,71.94,0
PREDIRA E/D 10ML,ZIVIRA LABS PVT.LTD,56.88,0
LOTIVIZ E/D 5ML,ZIVIRA LABS PVT.LTD,53.11,0
TIZTA 10ML 10ML,ZIVIRA LABS PVT.LTD,47.50,0
ZIVIMOX-D E/D 5ML,ZIVIRA LABS PVT.LTD,43.29,0
PATVIRA E/D 2.5ML,ZIVIRA LABS PVT.LTD,38.66,0
ZIVIFRESH GEL 10ML,ZIVIRA LABS PVT.LTD,22.72,0
FOMIRA E/D 10ML,ZIVIRA LABS PVT.LTD,21.59,0
LATOBEST 2.5ML,ZIVIRA LABS PVT.LTD,16.72,0
ZIVIFRESH E/D 10ML,ZIVIRA LABS PVT.LTD,15.14,0
VITTLES JELLY 50G,ZIVIRA LABS PVT.LTD,13.12,0
NEPAWEL E/D 5ML,ZIVIRA LABS PVT.LTD,13.05,0
