company_name,inventory_month,inventory_turnover_ratio,avg_inventory_turnover_ratio
3M,2022-04-01,0.0,0.0
3M,2022-05-01,0.0,0.0
3M,2022-10-01,0.0,0.0
3M,2022-12-01,0.0,0.0
3M,2023-03-01,0.0,0.0
3M,2023-12-01,0.0,2.48
3M,2024-01-01,0.0,0.55
3M,2024-02-01,0.0,0.0
3M,2024-03-01,0.0,0.0
3MIL,2023-11-01,0.0,0.0
3MIL,2024-01-01,0.0,3.48
3MIL,2024-02-01,0.0,1.16
3MIL,2024-03-01,0.0,0.0
3MIL,2024-04-01,0.0,0.0
3MIL,2024-05-01,0.0,0.0
ABBOTT HEALTHCARE PVT. LTD,2022-09-01,0.0,0.0
AICE HEALTH CARE PVT LTD,2023-12-01,0.99,0.99
AICE HEALTH CARE PVT LTD,2024-01-01,0.95,0.96
AICE HEALTH CARE PVT LTD,2024-02-01,0.29,0.59
AICE HEALTH CARE PVT LTD,2024-03-01,0.48,0.5
AICE HEALTH CARE PVT LTD,2024-04-01,0.13,0.31
AICE HEALTH CARE PVT LTD,2024-05-01,0.44,0.35
AJANTA PHARMA LTD,2022-04-01,0.79,0.79
AJANTA PHARMA LTD,2022-05-01,1.01,0.95
AJANTA PHARMA LTD,2022-06-01,0.46,0.67
AJANTA PHARMA LTD,2022-07-01,0.54,0.61
AJANTA PHARMA LTD,2022-08-01,0.0,0.36
AJANTA PHARMA LTD,2022-09-01,0.41,0.33
AJANTA PHARMA LTD,2022-10-01,0.0,0.14
AJANTA PHARMA LTD,2022-12-01,0.05,0.18
AJANTA PHARMA LTD,2023-01-01,0.0,0.01
AJANTA PHARMA LTD,2023-02-01,0.0,0.02
AJANTA PHARMA LTD,2023-03-01,0.0,0.0
AJANTA PHARMA LTD,2023-04-01,0.75,0.2
AJANTA PHARMA LTD,2023-05-01,0.0,0.25
AJANTA PHARMA LTD,2023-06-01,0.0,0.33
AJANTA PHARMA LTD,2023-09-01,0.75,0.11
AJANTA PHARMA LTD,2023-10-01,0.81,0.29
AJANTA PHARMA LTD,2023-11-01,0.0,0.54
AJANTA PHARMA LTD,2023-12-01,0.81,0.54
AJANTA PHARMA LTD,2024-01-01,0.0,0.31
AJANTA PHARMA LTD,2024-02-01,0.0,0.35
AJANTA PHARMA LTD,2024-03-01,0.0,0.0
AJANTA PHARMA LTD,2024-04-01,0.0,0.0
AJANTA PHARMA LTD,2024-05-01,0.0,0.0
ALKEM HEALTH SCIENCES,2022-04-01,0.0,0.0
ALKEM HEALTH SCIENCES,2022-05-01,0.0,0.0
ALKEM LABORATORIES LTD,2022-04-01,0.0,0.0
ALKEM LABORATORIES LTD,2022-06-01,0.0,0.0
ALKEM LABORATORIES LTD,2022-08-01,0.0,0.0
ALKEM LABORATORIES LTD,2022-09-01,3.22,6.6
ALKEM LABORATORIES LTD,2022-10-01,1.12,2.51
ALKEM LABORATORIES LTD,2022-11-01,3.38,2.21
ALKEM LABORATORIES LTD,2022-12-01,0.0,2.92
ALKEM LABORATORIES LTD,2023-02-01,0.0,8.41
ALKEM LABORATORIES LTD,2023-08-01,0.0,0.0
ALKEM LABORATORIES LTD,2023-10-01,1.14,4.82
ALKEM LABORATORIES LTD,2023-11-01,2.28,2.63
ALKEM LABORATORIES LTD,2024-01-01,0.0,2.28
ALKEM LABORATORIES LTD,2024-02-01,0.0,6.0
ALKEM LABORATORIES LTD,2024-05-01,0.0,0.0
ALLERGAN INDIA PVT LTD,2022-04-01,0.46,0.46
ALLERGAN INDIA PVT LTD,2022-05-01,0.19,0.34
ALLERGAN INDIA PVT LTD,2022-06-01,0.89,0.52
ALLERGAN INDIA PVT LTD,2022-07-01,0.56,0.56
ALLERGAN INDIA PVT LTD,2022-08-01,0.39,0.62
ALLERGAN INDIA PVT LTD,2022-09-01,0.61,0.52
ALLERGAN INDIA PVT LTD,2022-10-01,0.73,0.57
ALLERGAN INDIA PVT LTD,2022-11-01,0.73,0.68
ALLERGAN INDIA PVT LTD,2022-12-01,0.26,0.64
ALLERGAN INDIA PVT LTD,2023-01-01,0.26,0.49
ALLERGAN INDIA PVT LTD,2023-02-01,0.33,0.28
ALLERGAN INDIA PVT LTD,2023-03-01,0.0,0.21
ALLERGAN INDIA PVT LTD,2023-04-01,0.0,0.12
ALLERGAN INDIA PVT LTD,2023-05-01,0.0,0.0
ALLERGAN INDIA PVT LTD,2023-06-01,0.0,0.0
ALLERGAN INDIA PVT LTD,2023-07-01,0.0,0.0
ALLERGAN INDIA PVT LTD,2023-08-01,0.0,0.0
ALLERGAN INDIA PVT LTD,2023-09-01,0.0,0.0
ALLERGAN INDIA PVT LTD,2023-10-01,0.0,0.0
ALLERGAN INDIA PVT LTD,2023-11-01,0.0,0.0
ALLERGAN INDIA PVT LTD,2023-12-01,0.0,0.0
AMERICAN PHARMA REMEDIES L,2022-07-01,0.0,0.0
AMERICAN PHARMA REMEDIES L,2022-09-01,0.0,1.06
AMERICAN PHARMA REMEDIES L,2022-10-01,2.13,1.59
AMERICAN PHARMA REMEDIES L,2023-01-01,0.0,1.59
AMNEAL HEALTHCARE PVT LTD,2024-01-01,0.0,0.0
AMNEAL HEALTHCARE PVT LTD,2024-02-01,0.0,0.0
AMNEAL HEALTHCARE PVT LTD,2024-03-01,0.1,0.04
AMNEAL HEALTHCARE PVT LTD,2024-04-01,0.0,0.03
AMNEAL HEALTHCARE PVT LTD,2024-05-01,0.26,0.11
APPASAMY OCULAR DEVICES P,2022-04-01,1.35,1.35
APPASAMY OCULAR DEVICES P,2022-05-01,0.9,1.08
APPASAMY OCULAR DEVICES P,2022-06-01,1.18,1.12
APPASAMY OCULAR DEVICES P,2022-07-01,0.86,0.98
APPASAMY OCULAR DEVICES P,2022-08-01,1.38,1.12
APPASAMY OCULAR DEVICES P,2022-09-01,3.93,1.76
APPASAMY OCULAR DEVICES P,2022-10-01,1.13,1.98
APPASAMY OCULAR DEVICES P,2022-11-01,1.14,1.87
APPASAMY OCULAR DEVICES P,2022-12-01,1.75,1.34
APPASAMY OCULAR DEVICES P,2023-01-01,1.55,1.48
APPASAMY OCULAR DEVICES P,2023-02-01,1.24,1.5
APPASAMY OCULAR DEVICES P,2023-03-01,2.0,1.56
APPASAMY OCULAR DEVICES P,2023-04-01,0.95,1.39
APPASAMY OCULAR DEVICES P,2023-05-01,1.29,1.42
APPASAMY OCULAR DEVICES P,2023-06-01,1.26,1.18
APPASAMY OCULAR DEVICES P,2023-07-01,1.56,1.37
APPASAMY OCULAR DEVICES P,2023-08-01,2.01,1.6
APPASAMY OCULAR DEVICES P,2023-09-01,1.4,1.63
APPASAMY OCULAR DEVICES P,2023-10-01,1.25,1.5
APPASAMY OCULAR DEVICES P,2023-11-01,1.08,1.23
APPASAMY OCULAR DEVICES P,2023-12-01,1.08,1.13
APPASAMY OCULAR DEVICES P,2024-01-01,1.34,1.16
APPASAMY OCULAR DEVICES P,2024-02-01,1.27,1.23
APPASAMY OCULAR DEVICES P,2024-03-01,1.05,1.22
APPASAMY OCULAR DEVICES P,2024-04-01,0.71,1.03
APPASAMY OCULAR DEVICES P,2024-05-01,2.05,1.18
APPLE PHARMACEUTICALS,2022-04-01,2.92,2.92
APPLE PHARMACEUTICALS,2022-05-01,0.0,1.28
APPLE PHARMACEUTICALS,2022-06-01,2.52,1.69
APPLE PHARMACEUTICALS,2022-07-01,0.0,0.7
APPLE PHARMACEUTICALS,2022-08-01,0.82,0.95
APPLE PHARMACEUTICALS,2022-09-01,0.0,0.31
APPLE PHARMACEUTICALS,2022-10-01,0.0,0.31
APPLE PHARMACEUTICALS,2022-11-01,1.81,0.59
APPLE PHARMACEUTICALS,2022-12-01,3.91,1.0
APPLE PHARMACEUTICALS,2023-01-01,0.0,1.85
APPLE PHARMACEUTICALS,2023-02-01,0.0,1.3
APPLE PHARMACEUTICALS,2023-03-01,2.15,1.28
APPLE PHARMACEUTICALS,2023-04-01,0.0,0.72
APPLE PHARMACEUTICALS,2023-05-01,0.0,0.5
APPLE PHARMACEUTICALS,2023-06-01,1.43,0.33
APPLE PHARMACEUTICALS,2023-07-01,19.3,2.67
APPLE PHARMACEUTICALS,2023-08-01,1.39,4.06
APPLE PHARMACEUTICALS,2023-09-01,1.04,2.79
APPLE PHARMACEUTICALS,2023-10-01,0.78,0.99
APPLE PHARMACEUTICALS,2023-11-01,0.82,0.88
APPLE PHARMACEUTICALS,2023-12-01,1.88,1.15
APPLE PHARMACEUTICALS,2024-01-01,0.0,0.81
APPLE PHARMACEUTICALS,2024-02-01,0.29,0.58
APPLE PHARMACEUTICALS,2024-03-01,0.77,0.33
APPLE PHARMACEUTICALS,2024-04-01,2.79,0.96
APPLE PHARMACEUTICALS,2024-05-01,0.91,1.35
AUROLAB,2022-04-01,0.46,0.46
AUROLAB,2022-05-01,0.56,0.51
AUROLAB,2022-06-01,0.03,0.34
AUROLAB,2022-07-01,0.24,0.26
AUROLAB,2022-08-01,0.45,0.24
AUROLAB,2022-09-01,0.6,0.45
AUROLAB,2022-10-01,1.28,0.8
AUROLAB,2022-11-01,1.34,1.0
AUROLAB,2022-12-01,1.52,1.33
AUROLAB,2023-01-01,1.45,1.42
AUROLAB,2023-02-01,0.7,1.15
AUROLAB,2023-03-01,0.84,0.96
AUROLAB,2023-04-01,0.27,0.57
AUROLAB,2023-05-01,0.79,0.61
AUROLAB,2023-06-01,0.93,0.63
AUROLAB,2023-07-01,1.85,1.11
AUROLAB,2023-08-01,1.35,1.35
AUROLAB,2023-09-01,1.04,1.4
AUROLAB,2023-10-01,0.09,0.79
AUROLAB,2023-11-01,1.57,0.91
AUROLAB,2023-12-01,2.12,1.31
AUROLAB,2024-01-01,1.47,1.69
AUROLAB,2024-02-01,0.97,1.43
AUROLAB,2024-03-01,2.52,1.58
AUROLAB,2024-04-01,1.04,1.47
AUROLAB,2024-05-01,1.46,1.71
AUSTRAK PHARMA,2023-04-01,0.65,0.65
AUSTRAK PHARMA,2023-05-01,1.37,1.06
AUSTRAK PHARMA,2023-06-01,0.52,0.96
AUSTRAK PHARMA,2023-07-01,0.0,0.93
AUSTRAK PHARMA,2023-08-01,0.0,0.2
AUSTRAK PHARMA,2023-09-01,0.0,0.0
AUSTRAK PHARMA,2023-10-01,1.86,0.85
AUSTRAK PHARMA,2023-11-01,0.0,0.82
AUSTRAK PHARMA,2023-12-01,0.0,1.14
AUSTRAK PHARMA,2024-01-01,0.0,0.0
AUSTRAK PHARMA,2024-02-01,0.0,0.0
AUSTRAK PHARMA,2024-03-01,0.0,0.0
AUSTRAK PHARMA,2024-04-01,0.0,0.0
AUSTRAK PHARMA,2024-05-01,0.0,0.0
BARODA SURGICAL BIOMEDS,2022-07-01,0.0,0.0
BARODA SURGICAL BIOMEDS,2022-08-01,0.0,0.0
BARODA SURGICAL BIOMEDS,2022-09-01,0.0,0.0
BARODA SURGICAL BIOMEDS,2022-11-01,0.0,0.0
BARODA SURGICAL BIOMEDS,2023-08-01,0.0,0.0
BAXTER INDIA PVT LTD,2023-03-01,0.0,0.0
BAXTER INDIA PVT LTD,2023-04-01,0.0,0.0
BAXTER INDIA PVT LTD,2023-05-01,0.0,0.0
BAXTER INDIA PVT LTD,2023-06-01,0.0,0.0
BAXTER INDIA PVT LTD,2023-07-01,0.0,0.0
BAXTER INDIA PVT LTD,2023-08-01,0.0,0.0
BAXTER INDIA PVT LTD,2023-09-01,0.0,0.0
BAXTER INDIA PVT LTD,2023-10-01,0.0,0.0
BAXTER INDIA PVT LTD,2023-11-01,0.0,0.0
BAXTER INDIA PVT LTD,2023-12-01,0.0,0.0
BAXTER INDIA PVT LTD,2024-01-01,0.0,0.0
BAXTER INDIA PVT LTD,2024-02-01,0.0,0.0
BAXTER INDIA PVT LTD,2024-03-01,0.0,0.0
BECTON DICKINSON & COMPANY,2023-10-01,0.0,0.0
BECTON DICKINSON & COMPANY,2023-11-01,3.58,4.3
BECTON DICKINSON & COMPANY,2023-12-01,2.15,3.22
BECTON DICKINSON & COMPANY,2024-02-01,0.0,3.22
BECTON DICKINSON & COMPANY,2024-03-01,0.0,4.66
BECTON DICKINSON & COMPANY,2024-04-01,0.0,0.0
BERRY&HERBS PHARMA PVT LTD,2023-07-01,0.0,0.0
BERRY&HERBS PHARMA PVT LTD,2023-08-01,0.56,0.35
BERRY&HERBS PHARMA PVT LTD,2023-09-01,0.34,0.34
BERRY&HERBS PHARMA PVT LTD,2023-10-01,0.0,0.3
BERRY&HERBS PHARMA PVT LTD,2023-11-01,0.26,0.19
BERRY&HERBS PHARMA PVT LTD,2023-12-01,0.13,0.13
BERRY&HERBS PHARMA PVT LTD,2024-01-01,0.24,0.21
BERRY&HERBS PHARMA PVT LTD,2024-02-01,2.35,1.01
BERRY&HERBS PHARMA PVT LTD,2024-03-01,1.11,1.27
BERRY&HERBS PHARMA PVT LTD,2024-04-01,0.55,1.28
BERRY&HERBS PHARMA PVT LTD,2024-05-01,0.82,0.82
BORN HEALTHCARE PVT LTD,2022-04-01,9.81,9.81
BORN HEALTHCARE PVT LTD,2022-05-01,0.0,4.9
BORN HEALTHCARE PVT LTD,2022-06-01,15.32,8.38
BORN HEALTHCARE PVT LTD,2022-07-01,3.06,6.13
BORN HEALTHCARE PVT LTD,2022-08-01,21.28,13.22
BORN HEALTHCARE PVT LTD,2022-09-01,2.13,8.82
BORN HEALTHCARE PVT LTD,2022-10-01,5.32,9.57
BORN HEALTHCARE PVT LTD,2022-11-01,0.0,2.48
BORN HEALTHCARE PVT LTD,2022-12-01,15.96,7.09
BORN HEALTHCARE PVT LTD,2023-01-01,10.64,8.87
BORN HEALTHCARE PVT LTD,2023-02-01,8.27,11.62
BORN HEALTHCARE PVT LTD,2023-03-01,10.64,9.85
BORN HEALTHCARE PVT LTD,2023-04-01,0.0,6.15
BORN HEALTHCARE PVT LTD,2023-05-01,0.0,1.25
BORN HEALTHCARE PVT LTD,2023-06-01,2.71,1.25
BORN HEALTHCARE PVT LTD,2023-07-01,11.09,2.1
BORN HEALTHCARE PVT LTD,2023-08-01,11.09,4.8
BORN HEALTHCARE PVT LTD,2023-09-01,11.09,11.09
BORN HEALTHCARE PVT LTD,2023-10-01,5.54,9.24
BORN HEALTHCARE PVT LTD,2023-11-01,0.0,5.54
BORN HEALTHCARE PVT LTD,2023-12-01,11.09,5.54
BORN HEALTHCARE PVT LTD,2024-01-01,16.63,9.24
BORN HEALTHCARE PVT LTD,2024-02-01,0.0,9.24
BORN HEALTHCARE PVT LTD,2024-03-01,0.0,6.65
BORN HEALTHCARE PVT LTD,2024-04-01,0.0,14.79
BORN HEALTHCARE PVT LTD,2024-05-01,0.0,99.8
CADILA,2022-06-01,0.0,0.0
CADILA,2022-07-01,0.0,0.0
CADILA,2022-08-01,0.0,0.0
CADILA,2022-09-01,0.0,12.86
CADILA,2022-10-01,2.22,5.05
CADILA,2022-11-01,6.67,2.78
CADILA,2022-12-01,0.0,4.44
CADILA,2023-01-01,1.11,3.7
CADILA,2023-02-01,2.22,2.22
CADILA,2023-03-01,0.0,2.22
CADILA,2023-04-01,0.0,6.67
CADILA,2023-07-01,0.0,0.0
CADILA,2023-08-01,0.0,0.0
CADILA,2023-09-01,0.0,0.0
CADILA,2023-10-01,0.0,0.0
CADILA,2024-03-01,0.0,0.0
CADILA,2024-04-01,0.0,7.78
CADILA,2024-05-01,2.22,2.22
CARE GROUP,2022-04-01,0.26,0.26
CARE GROUP,2022-05-01,0.29,0.28
CARE GROUP,2022-06-01,0.1,0.22
CARE GROUP,2022-07-01,0.61,0.31
CARE GROUP,2022-08-01,0.0,0.24
CARE GROUP,2022-09-01,0.18,0.31
CARE GROUP,2022-10-01,0.16,0.11
CARE GROUP,2022-11-01,0.25,0.2
CARE GROUP,2022-12-01,0.02,0.14
CARE GROUP,2023-01-01,0.02,0.09
CARE GROUP,2023-02-01,0.18,0.07
CARE GROUP,2023-03-01,0.53,0.2
CARE GROUP,2023-04-01,0.58,0.37
CARE GROUP,2023-05-01,0.34,0.49
CARE GROUP,2023-06-01,0.0,0.29
CARE GROUP,2023-07-01,0.45,0.28
CARE GROUP,2023-08-01,0.44,0.32
CARE GROUP,2023-09-01,0.19,0.37
CARE GROUP,2023-10-01,0.39,0.34
CARE GROUP,2023-11-01,0.36,0.3
CARE GROUP,2023-12-01,1.16,0.53
CARE GROUP,2024-01-01,0.67,0.65
CARE GROUP,2024-02-01,4.39,2.01
CARE GROUP,2024-03-01,0.0,1.04
CARE GROUP,2024-04-01,0.03,0.54
CARE GROUP,2024-05-01,1.02,0.3
CHC,2023-04-01,0.0,0.0
CHC,2023-06-01,2.57,7.71
CHC,2023-07-01,1.9,3.36
CHC,2023-08-01,2.11,2.1
CHC,2023-09-01,2.86,2.31
CHC,2023-10-01,10.86,3.29
CHC,2023-11-01,1.66,3.06
CHC,2023-12-01,3.14,3.17
CHC,2024-01-01,0.0,2.91
CHC,2024-02-01,0.0,5.71
CHC,2024-03-01,0.0,0.0
CIPLA,2022-04-01,0.0,0.0
CIPLA,2022-05-01,0.0,0.0
CIPLA,2022-06-01,0.0,0.0
CIPLA,2022-07-01,0.0,0.0
CIPLA,2022-08-01,0.0,0.0
CIPLA,2022-09-01,0.0,0.0
CIPLA,2022-10-01,0.0,0.0
CIPLA,2022-11-01,0.0,0.0
CIPLA,2022-12-01,0.0,0.0
CIPLA,2023-01-01,0.0,0.0
CIPLA,2023-02-01,0.0,0.0
CIPLA,2023-03-01,0.0,0.0
CIPLA,2023-04-01,0.0,0.0
CIPLA,2023-05-01,0.0,0.0
CIPLA,2023-06-01,0.0,0.0
CIPLA,2023-07-01,0.0,0.0
CIPLA,2023-08-01,0.0,0.0
CIPLA,2023-09-01,0.0,0.0
CIPLA,2023-10-01,0.0,0.0
CIPLA,2023-11-01,0.0,0.0
CIPLA,2023-12-01,0.0,0.0
CIPLA,2024-01-01,0.0,0.0
CIPLA,2024-02-01,0.0,0.0
CIPLA,2024-03-01,0.0,0.0
CLARIS OSTUKA,2022-04-01,0.0,0.0
CLARIS OSTUKA,2022-05-01,0.0,0.0
CLARIS OSTUKA,2022-06-01,0.34,1.13
CLARIS OSTUKA,2022-07-01,1.52,1.22
CLARIS OSTUKA,2022-08-01,19.14,1.52
CLARIS OSTUKA,2022-09-01,24.77,3.24
CLARIS OSTUKA,2022-10-01,17.7,19.69
CLARIS OSTUKA,2022-11-01,17.79,19.15
CLARIS OSTUKA,2022-12-01,0.0,23.74
CLARIS OSTUKA,2023-01-01,0.0,45.51
CLARIS OSTUKA,2023-02-01,39.5,94.95
CLARIS OSTUKA,2023-03-01,33.61,52.28
CLARIS OSTUKA,2023-04-01,0.0,55.88
CLARIS OSTUKA,2023-05-01,0.0,35.31
CLARIS OSTUKA,2023-06-01,1.85,5.33
CLARIS OSTUKA,2023-07-01,3.52,2.84
CLARIS OSTUKA,2023-08-01,11.26,5.08
CLARIS OSTUKA,2023-09-01,21.68,8.68
CLARIS OSTUKA,2023-10-01,20.73,16.87
CLARIS OSTUKA,2023-11-01,7.22,16.0
CLARIS OSTUKA,2023-12-01,22.35,16.87
CLARIS OSTUKA,2024-01-01,5.78,13.68
CLARIS OSTUKA,2024-02-01,10.71,17.0
CLARIS OSTUKA,2024-03-01,4.02,6.77
CLARIS OSTUKA,2024-04-01,0.0,9.24
CLARIS OSTUKA,2024-05-01,0.0,11.52
COASTAL HEALTH CARE,2022-06-01,0.0,0.0
COASTAL HEALTH CARE,2022-07-01,0.0,0.0
COASTAL HEALTH CARE,2022-08-01,0.0,0.0
COASTAL HEALTH CARE,2022-09-01,0.0,0.0
COASTAL HEALTH CARE,2022-10-01,0.0,0.0
COASTAL HEALTH CARE,2022-11-01,0.0,0.0
COASTAL HEALTH CARE,2022-12-01,0.0,0.0
COASTAL HEALTH CARE,2023-01-01,0.0,0.0
COASTAL HEALTH CARE,2023-02-01,2.0,0.4
DIAMOND MEDI CARE,2022-05-01,0.0,0.0
DIAMOND MEDI CARE,2022-06-01,5.09,8.24
DIAMOND MEDI CARE,2022-07-01,2.46,4.62
DIAMOND MEDI CARE,2022-08-01,1.51,2.46
DIAMOND MEDI CARE,2022-09-01,4.38,2.74
DIAMOND MEDI CARE,2022-10-01,0.36,2.59
DIAMOND MEDI CARE,2022-11-01,0.7,3.12
DIAMOND MEDI CARE,2022-12-01,0.0,0.35
DIAMOND MEDI CARE,2023-01-01,0.0,0.23
DIAMOND MEDI CARE,2023-02-01,0.0,0.0
DIAMOND MEDI CARE,2023-03-01,0.0,0.0
DIAMOND MEDI CARE,2023-04-01,0.0,0.0
DIAMOND MEDI CARE,2023-05-01,0.0,0.0
DIAMOND MEDI CARE,2023-06-01,0.0,0.0
DIAMOND MEDI CARE,2023-07-01,0.0,0.0
DIAMOND MEDI CARE,2023-08-01,0.0,0.0
DIAMOND MEDI CARE,2023-09-01,0.0,0.0
DIAMOND MEDI CARE,2023-10-01,2.4,0.48
DISPOVAN,2022-04-01,8.94,8.94
DISPOVAN,2022-05-01,4.01,5.84
DISPOVAN,2022-06-01,10.04,7.56
DISPOVAN,2022-07-01,8.88,7.75
DISPOVAN,2022-08-01,10.34,9.75
DISPOVAN,2022-09-01,9.02,9.38
DISPOVAN,2022-10-01,2.39,6.14
DISPOVAN,2022-11-01,8.38,5.95
DISPOVAN,2022-12-01,108.94,7.98
DISPOVAN,2023-01-01,6.02,11.67
DISPOVAN,2023-02-01,2.52,7.71
DISPOVAN,2023-03-01,12.3,5.79
DISPOVAN,2023-04-01,16.06,6.68
DISPOVAN,2023-05-01,2.18,8.58
DISPOVAN,2023-06-01,3.14,4.4
DISPOVAN,2023-07-01,12.56,5.71
DISPOVAN,2023-08-01,20.39,9.45
DISPOVAN,2023-09-01,3.61,7.12
DISPOVAN,2023-10-01,2.55,3.82
DISPOVAN,2023-11-01,2.29,2.68
DISPOVAN,2023-12-01,3.48,2.69
DISPOVAN,2024-01-01,33.69,3.72
DISPOVAN,2024-02-01,0.0,7.67
DISPOVAN,2024-03-01,0.0,72.57
DISPOVAN,2024-04-01,2.6,22.04
DISPOVAN,2024-05-01,5.87,7.42
DYNAMIC TECHNO MEDICALS PV,2022-04-01,0.0,0.0
DYNAMIC TECHNO MEDICALS PV,2022-05-01,0.0,0.0
DYNAMIC TECHNO MEDICALS PV,2022-06-01,0.0,0.0
DYNAMIC TECHNO MEDICALS PV,2022-07-01,0.0,0.0
DYNAMIC TECHNO MEDICALS PV,2022-08-01,0.0,0.0
DYNAMIC TECHNO MEDICALS PV,2022-09-01,0.0,0.0
DYNAMIC TECHNO MEDICALS PV,2022-10-01,0.0,0.0
DYNAMIC TECHNO MEDICALS PV,2022-11-01,0.0,0.0
DYNAMIC TECHNO MEDICALS PV,2022-12-01,0.0,0.0
DYNAMIC TECHNO MEDICALS PV,2023-01-01,0.0,0.0
DYNAMIC TECHNO MEDICALS PV,2023-02-01,2.06,0.41
DYNAMIC TECHNO MEDICALS PV,2023-07-01,0.0,0.51
DYNAMIC TECHNO MEDICALS PV,2023-08-01,0.0,0.5
DYNAMIC TECHNO MEDICALS PV,2023-09-01,2.0,0.5
DYNAMIC TECHNO MEDICALS PV,2024-01-01,0.0,0.49
DYNAMIC TECHNO MEDICALS PV,2024-02-01,0.0,0.46
DYNAMIC TECHNO MEDICALS PV,2024-03-01,0.0,0.0
ENTOD GLOTEK DIVISION,2022-04-01,1.28,1.28
ENTOD GLOTEK DIVISION,2022-05-01,1.26,1.27
ENTOD GLOTEK DIVISION,2022-06-01,1.71,1.47
ENTOD GLOTEK DIVISION,2022-07-01,1.74,1.62
ENTOD GLOTEK DIVISION,2022-08-01,1.89,1.78
ENTOD GLOTEK DIVISION,2022-09-01,2.46,2.0
ENTOD GLOTEK DIVISION,2022-10-01,1.76,2.03
ENTOD GLOTEK DIVISION,2022-11-01,2.93,2.35
ENTOD GLOTEK DIVISION,2022-12-01,2.13,2.23
ENTOD GLOTEK DIVISION,2023-01-01,1.79,2.24
ENTOD GLOTEK DIVISION,2023-02-01,3.27,2.24
ENTOD GLOTEK DIVISION,2023-03-01,2.25,2.3
ENTOD GLOTEK DIVISION,2023-04-01,5.94,3.64
ENTOD GLOTEK DIVISION,2023-05-01,2.28,3.38
ENTOD GLOTEK DIVISION,2023-06-01,3.93,4.08
ENTOD GLOTEK DIVISION,2023-07-01,3.56,3.26
ENTOD GLOTEK DIVISION,2023-08-01,4.43,3.99
ENTOD GLOTEK DIVISION,2023-09-01,1.72,3.13
ENTOD GLOTEK DIVISION,2023-10-01,1.86,2.49
ENTOD GLOTEK DIVISION,2023-11-01,1.84,1.81
ENTOD GLOTEK DIVISION,2023-12-01,2.75,2.14
ENTOD GLOTEK DIVISION,2024-01-01,0.51,1.58
ENTOD GLOTEK DIVISION,2024-02-01,1.62,1.53
ENTOD GLOTEK DIVISION,2024-03-01,1.06,1.06
ENTOD GLOTEK DIVISION,2024-04-01,1.62,1.47
ENTOD GLOTEK DIVISION,2024-05-01,1.02,1.21
ENTOD PHAMA(ENSIGHT),2022-04-01,1.1,1.1
ENTOD PHAMA(ENSIGHT),2022-05-01,1.33,1.24
ENTOD PHAMA(ENSIGHT),2022-06-01,1.67,1.43
ENTOD PHAMA(ENSIGHT),2022-07-01,1.29,1.43
ENTOD PHAMA(ENSIGHT),2022-08-01,1.48,1.47
ENTOD PHAMA(ENSIGHT),2022-09-01,1.6,1.46
ENTOD PHAMA(ENSIGHT),2022-10-01,1.69,1.58
ENTOD PHAMA(ENSIGHT),2022-11-01,2.16,1.82
ENTOD PHAMA(ENSIGHT),2022-12-01,1.56,1.8
ENTOD PHAMA(ENSIGHT),2023-01-01,1.18,1.66
ENTOD PHAMA(ENSIGHT),2023-02-01,2.82,1.78
ENTOD PHAMA(ENSIGHT),2023-03-01,1.87,1.91
ENTOD PHAMA(ENSIGHT),2023-04-01,2.4,2.35
ENTOD PHAMA(ENSIGHT),2023-05-01,2.8,2.35
ENTOD PHAMA(ENSIGHT),2023-06-01,1.71,2.32
ENTOD PHAMA(ENSIGHT),2023-07-01,2.52,2.36
ENTOD PHAMA(ENSIGHT),2023-08-01,2.31,2.21
ENTOD PHAMA(ENSIGHT),2023-09-01,1.44,2.04
ENTOD PHAMA(ENSIGHT),2023-10-01,1.42,1.68
ENTOD PHAMA(ENSIGHT),2023-11-01,1.71,1.53
ENTOD PHAMA(ENSIGHT),2023-12-01,1.75,1.62
ENTOD PHAMA(ENSIGHT),2024-01-01,1.37,1.62
ENTOD PHAMA(ENSIGHT),2024-02-01,1.84,1.66
ENTOD PHAMA(ENSIGHT),2024-03-01,1.8,1.67
ENTOD PHAMA(ENSIGHT),2024-04-01,0.99,1.53
ENTOD PHAMA(ENSIGHT),2024-05-01,2.09,1.59
ENTOD PHARMA-G TECH,2022-04-01,1.67,1.67
ENTOD PHARMA-G TECH,2022-05-01,1.07,1.32
ENTOD PHARMA-G TECH,2022-06-01,1.09,1.23
ENTOD PHARMA-G TECH,2022-07-01,1.17,1.11
ENTOD PHARMA-G TECH,2022-08-01,0.81,1.03
ENTOD PHARMA-G TECH,2022-09-01,1.27,1.08
ENTOD PHARMA-G TECH,2022-10-01,1.18,1.08
ENTOD PHARMA-G TECH,2022-11-01,0.9,1.14
ENTOD PHARMA-G TECH,2022-12-01,1.22,1.1
ENTOD PHARMA-G TECH,2023-01-01,0.67,0.94
ENTOD PHARMA-G TECH,2023-02-01,1.27,1.05
ENTOD PHARMA-G TECH,2023-03-01,1.05,0.99
ENTOD PHARMA-G TECH,2023-04-01,3.98,1.68
ENTOD PHARMA-G TECH,2023-05-01,1.16,1.68
ENTOD PHARMA-G TECH,2023-06-01,0.74,1.44
ENTOD PHARMA-G TECH,2023-07-01,0.96,0.94
ENTOD PHARMA-G TECH,2023-08-01,1.13,0.95
ENTOD PHARMA-G TECH,2023-09-01,0.95,1.02
ENTOD PHARMA-G TECH,2023-10-01,0.7,0.94
ENTOD PHARMA-G TECH,2023-11-01,0.64,0.77
ENTOD PHARMA-G TECH,2023-12-01,1.1,0.82
ENTOD PHARMA-G TECH,2024-01-01,0.8,0.84
ENTOD PHARMA-G TECH,2024-02-01,1.06,0.98
ENTOD PHARMA-G TECH,2024-03-01,1.09,0.97
ENTOD PHARMA-G TECH,2024-04-01,1.8,1.27
ENTOD PHARMA-G TECH,2024-05-01,1.55,1.48
ENTOD PHARMACEUTICALS LTD,2022-04-01,1.34,1.34
ENTOD PHARMACEUTICALS LTD,2022-05-01,1.54,1.43
ENTOD PHARMACEUTICALS LTD,2022-06-01,1.53,1.46
ENTOD PHARMACEUTICALS LTD,2022-07-01,1.22,1.43
ENTOD PHARMACEUTICALS LTD,2022-08-01,1.1,1.27
ENTOD PHARMACEUTICALS LTD,2022-09-01,1.23,1.18
ENTOD PHARMACEUTICALS LTD,2022-10-01,0.89,1.06
ENTOD PHARMACEUTICALS LTD,2022-11-01,0.96,1.01
ENTOD PHARMACEUTICALS LTD,2022-12-01,0.72,0.85
ENTOD PHARMACEUTICALS LTD,2023-01-01,0.66,0.79
ENTOD PHARMACEUTICALS LTD,2023-02-01,0.47,0.64
ENTOD PHARMACEUTICALS LTD,2023-03-01,0.29,0.51
ENTOD PHARMACEUTICALS LTD,2023-04-01,0.88,0.52
ENTOD PHARMACEUTICALS LTD,2023-05-01,1.66,0.92
ENTOD PHARMACEUTICALS LTD,2023-06-01,0.98,1.19
ENTOD PHARMACEUTICALS LTD,2023-07-01,0.68,1.13
ENTOD PHARMACEUTICALS LTD,2023-08-01,1.4,1.03
ENTOD PHARMACEUTICALS LTD,2023-09-01,0.13,0.69
ENTOD PHARMACEUTICALS LTD,2023-10-01,0.78,0.72
ENTOD PHARMACEUTICALS LTD,2023-11-01,0.28,0.39
ENTOD PHARMACEUTICALS LTD,2023-12-01,1.15,0.76
ENTOD PHARMACEUTICALS LTD,2024-01-01,1.12,0.86
ENTOD PHARMACEUTICALS LTD,2024-02-01,0.53,0.89
ENTOD PHARMACEUTICALS LTD,2024-03-01,0.53,0.68
ENTOD PHARMACEUTICALS LTD,2024-04-01,1.43,0.78
ENTOD PHARMACEUTICALS LTD,2024-05-01,1.46,1.07
ETHICON,2022-08-01,0.0,0.0
ETHICON,2022-12-01,0.0,0.0
ETHICON,2023-07-01,0.0,0.0
ETHICON,2023-08-01,0.0,0.0
ETHICON,2024-01-01,0.0,9.28
ETHICON,2024-02-01,0.42,1.82
ETHICON,2024-03-01,2.95,1.35
ETHICON,2024-04-01,0.0,1.12
ETHICON,2024-05-01,0.0,0.98
EXELTIS,2022-04-01,9.74,9.74
EXELTIS,2022-05-01,19.02,14.38
EXELTIS,2022-06-01,1.22,3.41
EXELTIS,2022-07-01,0.85,1.69
EXELTIS,2022-08-01,4.75,1.63
EXELTIS,2022-09-01,0.0,1.82
EXELTIS,2022-10-01,0.0,4.46
EXELTIS,2022-11-01,146.1,48.7
EXELTIS,2022-12-01,0.0,48.7
EXELTIS,2023-01-01,27.49,57.86
EXELTIS,2023-02-01,2.43,11.48
EYEKENZ HEALTHCARE PVT LTD,2024-04-01,0.21,0.21
EYEKENZ HEALTHCARE PVT LTD,2024-05-01,0.34,0.3
EZTEST,2023-06-01,0.0,0.0
EZTEST,2024-01-01,0.0,0.0
FDC,2022-12-01,1.39,1.39
FDC,2023-01-01,1.06,1.2
FDC,2023-02-01,1.42,1.24
FDC,2023-03-01,0.0,1.06
FDC,2023-04-01,0.0,0.85
FDC,2023-05-01,0.0,0.0
FDC,2023-06-01,0.0,0.0
FDC,2023-07-01,0.0,0.0
FDC,2023-08-01,0.0,0.0
FDC,2023-09-01,0.0,0.0
FDC,2023-10-01,0.0,0.0
FDC,2023-11-01,0.0,0.0
FDC,2023-12-01,0.0,0.0
FDC,2024-01-01,0.0,0.0
FDC,2024-02-01,0.0,0.0
FDC,2024-03-01,0.0,0.0
FDC,2024-04-01,0.0,0.0
FDC,2024-05-01,0.0,0.0
FSD CARE PHRAMA PVT LTD,2022-04-01,0.0,0.0
FSD CARE PHRAMA PVT LTD,2022-05-01,0.0,0.0
FSD CARE PHRAMA PVT LTD,2022-06-01,0.0,0.0
FSD CARE PHRAMA PVT LTD,2022-07-01,0.0,0.0
FSD CARE PHRAMA PVT LTD,2022-08-01,0.0,0.0
FSD CARE PHRAMA PVT LTD,2022-09-01,0.0,0.0
FSD CARE PHRAMA PVT LTD,2022-10-01,0.0,0.0
FSD CARE PHRAMA PVT LTD,2022-11-01,0.0,0.0
FSD CARE PHRAMA PVT LTD,2022-12-01,0.0,0.0
FSD CARE PHRAMA PVT LTD,2023-01-01,0.0,0.0
FSD CARE PHRAMA PVT LTD,2023-02-01,0.0,0.0
FSD CARE PHRAMA PVT LTD,2023-03-01,0.0,0.0
FSD CARE PHRAMA PVT LTD,2023-04-01,0.0,0.0
FSD CARE PHRAMA PVT LTD,2023-05-01,0.0,0.0
FSD CARE PHRAMA PVT LTD,2023-06-01,0.0,0.0
FSD CARE PHRAMA PVT LTD,2023-07-01,0.0,0.0
FSD CARE PHRAMA PVT LTD,2023-08-01,0.0,0.0
FSD CARE PHRAMA PVT LTD,2023-09-01,0.0,0.0
FSD CARE PHRAMA PVT LTD,2023-10-01,0.0,0.0
FSD CARE PHRAMA PVT LTD,2023-11-01,0.0,0.0
FSD CARE PHRAMA PVT LTD,2023-12-01,0.0,0.0
FSD CARE PHRAMA PVT LTD,2024-01-01,0.0,0.0
FSD CARE PHRAMA PVT LTD,2024-02-01,0.0,0.0
FSD CARE PHRAMA PVT LTD,2024-03-01,0.0,0.0
FSD CARE PHRAMA PVT LTD,2024-04-01,0.0,0.0
FSD CARE PHRAMA PVT LTD,2024-05-01,0.0,0.0
G.T.RAJ TEX,2022-04-01,0.0,0.0
G.T.RAJ TEX,2022-05-01,0.0,0.0
G.T.RAJ TEX,2022-08-01,0.0,0.0
G.T.RAJ TEX,2022-09-01,0.0,0.0
G.T.RAJ TEX,2022-10-01,1.05,3.16
G.T.RAJ TEX,2022-11-01,2.11,2.11
G.T.RAJ TEX,2022-12-01,0.0,2.11
G.T.RAJ TEX,2023-01-01,0.0,4.21
G.T.RAJ TEX,2023-02-01,0.0,4.21
G.T.RAJ TEX,2023-03-01,0.0,0.53
G.T.RAJ TEX,2023-04-01,0.38,0.22
G.T.RAJ TEX,2023-05-01,0.0,0.14
G.T.RAJ TEX,2023-06-01,0.0,0.11
G.T.RAJ TEX,2023-07-01,0.0,0.0
G.T.RAJ TEX,2023-08-01,0.27,0.1
G.T.RAJ TEX,2023-09-01,1.26,0.5
G.T.RAJ TEX,2023-10-01,2.92,1.14
G.T.RAJ TEX,2023-11-01,0.73,1.54
G.T.RAJ TEX,2023-12-01,2.19,1.92
G.T.RAJ TEX,2024-01-01,0.0,2.7
G.T.RAJ TEX,2024-02-01,0.0,8.05
G.T.RAJ TEX,2024-04-01,0.0,0.0
G.T.RAJ TEX,2024-05-01,0.0,0.0
GERMAN REMEDIES,2022-08-01,0.0,0.0
GERMAN REMEDIES,2023-11-01,0.0,0.0
GERMAN REMEDIES PHARMACEUT,2023-09-01,0.0,0.0
GERMAN REMEDIES PHARMACEUT,2023-10-01,4.51,2.26
GERMAN REMEDIES PHARMACEUT,2024-02-01,0.0,3.38
GLASS VAN,2022-04-01,0.0,0.0
GLASS VAN,2022-06-01,0.0,0.0
GLASS VAN,2022-07-01,0.0,0.0
GLASS VAN,2022-11-01,0.0,0.0
GLASS VAN,2023-12-01,0.0,0.0
GLASS VAN,2024-01-01,0.0,0.0
HICARE PHARMA,2022-04-01,0.07,0.07
HICARE PHARMA,2022-05-01,0.1,0.08
HICARE PHARMA,2022-06-01,0.12,0.1
HICARE PHARMA,2022-07-01,0.18,0.13
HICARE PHARMA,2022-08-01,0.25,0.18
HICARE PHARMA,2022-09-01,0.3,0.24
HICARE PHARMA,2022-10-01,0.48,0.35
HICARE PHARMA,2022-11-01,0.89,0.54
HICARE PHARMA,2022-12-01,0.96,0.72
HICARE PHARMA,2023-01-01,0.6,0.83
HICARE PHARMA,2023-02-01,2.12,1.23
HICARE PHARMA,2023-03-01,1.59,1.41
HICARE PHARMA,2023-04-01,0.05,1.18
HICARE PHARMA,2023-05-01,0.64,0.63
HICARE PHARMA,2023-06-01,0.82,0.58
HICARE PHARMA,2023-07-01,0.46,0.63
HICARE PHARMA,2023-08-01,0.71,0.65
HICARE PHARMA,2023-09-01,0.82,0.66
HICARE PHARMA,2023-10-01,0.43,0.66
HICARE PHARMA,2023-11-01,1.01,0.75
HICARE PHARMA,2023-12-01,0.56,0.67
HICARE PHARMA,2024-01-01,0.27,0.65
HICARE PHARMA,2024-02-01,1.08,0.66
HICARE PHARMA,2024-03-01,2.7,1.17
HICARE PHARMA,2024-04-01,1.1,1.57
HICARE PHARMA,2024-05-01,0.7,1.56
HIMEDIA LABORATORIES PVT L,2022-04-01,0.0,0.0
HIMEDIA LABORATORIES PVT L,2022-05-01,0.0,0.0
HIMEDIA LABORATORIES PVT L,2022-06-01,0.0,0.0
HIMEDIA LABORATORIES PVT L,2022-07-01,0.0,0.0
HIMEDIA LABORATORIES PVT L,2022-08-01,0.0,0.0
HIMEDIA LABORATORIES PVT L,2022-09-01,0.0,0.0
HIMEDIA LABORATORIES PVT L,2022-10-01,0.0,0.0
HIMEDIA LABORATORIES PVT L,2022-11-01,0.0,0.0
HIMEDIA LABORATORIES PVT L,2022-12-01,0.0,0.0
HIMEDIA LABORATORIES PVT L,2023-01-01,0.0,0.0
HIMEDIA LABORATORIES PVT L,2023-02-01,0.0,0.0
HIMEDIA LABORATORIES PVT L,2023-03-01,0.0,0.0
HIMEDIA LABORATORIES PVT L,2023-04-01,0.0,0.0
HIMEDIA LABORATORIES PVT L,2023-05-01,0.0,0.0
HIMEDIA LABORATORIES PVT L,2023-06-01,0.0,0.0
HIMEDIA LABORATORIES PVT L,2023-07-01,0.0,0.0
HIMEDIA LABORATORIES PVT L,2023-08-01,0.0,0.0
HIMEDIA LABORATORIES PVT L,2023-09-01,0.0,0.0
HIMEDIA LABORATORIES PVT L,2023-10-01,0.0,0.0
HIMEDIA LABORATORIES PVT L,2023-11-01,0.0,0.0
HIMEDIA LABORATORIES PVT L,2023-12-01,0.0,0.0
HIMEDIA LABORATORIES PVT L,2024-01-01,0.0,0.0
HIMEDIA LABORATORIES PVT L,2024-02-01,0.0,0.0
HIMEDIA LABORATORIES PVT L,2024-03-01,0.0,0.0
HINDUSTAN SYRINGS & MEDICA,2022-04-01,0.0,0.0
HINDUSTAN SYRINGS & MEDICA,2023-02-01,0.0,0.0
HINDUSTAN SYRINGS & MEDICA,2023-12-01,0.0,0.0
HINDUSTAN SYRINGS & MEDICA,2024-01-01,0.0,0.0
HIS EYENESS OPTHALMICS,2022-04-01,0.52,0.52
HIS EYENESS OPTHALMICS,2022-05-01,0.42,0.47
HIS EYENESS OPTHALMICS,2022-06-01,0.58,0.5
HIS EYENESS OPTHALMICS,2022-07-01,0.66,0.54
HIS EYENESS OPTHALMICS,2022-08-01,0.64,0.63
HIS EYENESS OPTHALMICS,2022-09-01,0.87,0.73
HIS EYENESS OPTHALMICS,2022-10-01,0.59,0.7
HIS EYENESS OPTHALMICS,2022-11-01,0.74,0.73
HIS EYENESS OPTHALMICS,2022-12-01,0.71,0.68
HIS EYENESS OPTHALMICS,2023-01-01,0.66,0.7
HIS EYENESS OPTHALMICS,2023-02-01,1.14,0.84
HIS EYENESS OPTHALMICS,2023-03-01,0.7,0.83
HIS EYENESS OPTHALMICS,2023-04-01,0.62,0.81
HIS EYENESS OPTHALMICS,2023-05-01,0.53,0.61
HIS EYENESS OPTHALMICS,2023-06-01,0.54,0.57
HIS EYENESS OPTHALMICS,2023-07-01,0.58,0.55
HIS EYENESS OPTHALMICS,2023-08-01,0.66,0.59
HIS EYENESS OPTHALMICS,2023-09-01,0.37,0.54
HIS EYENESS OPTHALMICS,2023-10-01,0.57,0.54
HIS EYENESS OPTHALMICS,2023-11-01,0.48,0.47
HIS EYENESS OPTHALMICS,2023-12-01,0.99,0.64
HIS EYENESS OPTHALMICS,2024-01-01,0.51,0.63
HIS EYENESS OPTHALMICS,2024-02-01,0.71,0.72
HIS EYENESS OPTHALMICS,2024-03-01,0.66,0.63
HIS EYENESS OPTHALMICS,2024-04-01,0.73,0.7
HIS EYENESS OPTHALMICS,2024-05-01,0.65,0.68
INTAS PHARMACEUTICALS PVT,2023-03-01,0.0,0.0
INTAS PHARMACEUTICALS PVT,2023-08-01,0.0,0.0
INTAS PHARMACEUTICALS PVT,2024-01-01,0.0,0.0
JMS CO LTD,2022-04-01,0.0,0.0
JMS CO LTD,2022-05-01,0.0,0.0
JMS CO LTD,2022-07-01,0.0,0.0
JMS CO LTD,2022-08-01,0.0,0.0
JMS CO LTD,2022-09-01,6.02,27.08
JMS CO LTD,2022-10-01,2.09,5.19
JMS CO LTD,2022-11-01,6.69,4.29
JMS CO LTD,2022-12-01,0.0,4.36
JMS CO LTD,2023-01-01,6.27,7.18
JMS CO LTD,2023-02-01,0.7,3.79
JMS CO LTD,2023-03-01,21.07,5.95
JMS CO LTD,2023-04-01,0.0,6.31
JMS CO LTD,2023-06-01,1.88,11.9
JMS CO LTD,2023-07-01,5.68,4.71
JMS CO LTD,2023-08-01,0.0,6.61
JMS CO LTD,2023-09-01,0.0,17.21
JMS CO LTD,2023-10-01,0.0,0.0
JMS CO LTD,2023-12-01,0.0,0.0
JMS CO LTD,2024-02-01,0.0,0.0
JMS CO LTD,2024-03-01,0.0,0.0
JMS CO LTD,2024-04-01,0.0,0.0
JOHNSON & JOHNSON,2022-04-01,0.0,0.0
JOHNSON & JOHNSON,2022-06-01,0.0,0.0
JOHNSON & JOHNSON,2022-12-01,0.0,0.0
JOHNSON & JOHNSON,2023-10-01,0.0,0.78
JOHNSON & JOHNSON,2023-11-01,2.35,1.42
KALPAS INDUSTRIES,2022-05-01,0.0,0.0
KALPAS INDUSTRIES,2023-11-01,0.0,0.0
KLARSEHEN,2023-01-01,0.0,0.0
KLARSEHEN,2023-04-01,0.0,0.0
LAVUE PHARMA. PVT LTD,2024-04-01,0.0,0.0
LAVUE PHARMA. PVT LTD,2024-05-01,0.31,0.22
LENORA GLOVE PVT.LTD,2022-04-01,0.0,0.0
LENORA GLOVE PVT.LTD,2022-05-01,0.0,0.0
LENORA GLOVE PVT.LTD,2022-06-01,0.0,0.0
LENORA GLOVE PVT.LTD,2022-07-01,0.0,0.0
LENORA GLOVE PVT.LTD,2022-08-01,0.0,0.0
LENORA GLOVE PVT.LTD,2022-09-01,0.0,0.0
LENORA GLOVE PVT.LTD,2022-10-01,0.0,0.0
LENORA GLOVE PVT.LTD,2022-11-01,0.0,0.0
LENORA GLOVE PVT.LTD,2022-12-01,0.0,0.0
LENORA GLOVE PVT.LTD,2023-01-01,0.0,0.0
LENORA GLOVE PVT.LTD,2023-02-01,0.0,0.0
LENORA GLOVE PVT.LTD,2023-03-01,0.0,0.0
LENORA GLOVE PVT.LTD,2023-04-01,0.0,0.0
LENORA GLOVE PVT.LTD,2023-05-01,0.0,0.0
LENORA GLOVE PVT.LTD,2023-06-01,0.0,0.0
LENORA GLOVE PVT.LTD,2023-07-01,0.0,0.0
LENORA GLOVE PVT.LTD,2023-08-01,0.0,0.0
LENORA GLOVE PVT.LTD,2023-09-01,0.0,0.0
LENORA GLOVE PVT.LTD,2023-10-01,0.0,0.0
LENORA GLOVE PVT.LTD,2023-11-01,0.0,0.0
LENORA GLOVE PVT.LTD,2023-12-01,0.0,0.0
LENORA GLOVE PVT.LTD,2024-01-01,0.0,0.0
LENORA GLOVE PVT.LTD,2024-02-01,0.0,0.0
LENORA GLOVE PVT.LTD,2024-03-01,0.0,0.0
LUPIN LTD,2023-01-01,0.0,0.0
LUPIN LTD,2023-02-01,0.0,0.0
LUPIN LTD,2023-06-01,0.0,4.35
LUPIN LTD,2023-07-01,2.17,2.17
LUPIN LTD,2023-08-01,0.0,3.26
MADHU INSTRUMENTS PVT. LTD,2022-04-01,0.0,0.0
MADHU INSTRUMENTS PVT. LTD,2022-05-01,1.37,0.5
MADHU INSTRUMENTS PVT. LTD,2022-06-01,4.78,0.91
MADHU INSTRUMENTS PVT. LTD,2022-07-01,13.52,3.27
MADHU INSTRUMENTS PVT. LTD,2022-08-01,2.26,4.3
MADHU INSTRUMENTS PVT. LTD,2022-09-01,0.97,2.43
MADHU INSTRUMENTS PVT. LTD,2022-10-01,0.0,1.13
MADHU INSTRUMENTS PVT. LTD,2022-11-01,0.0,0.45
MADHU INSTRUMENTS PVT. LTD,2022-12-01,0.0,0.0
MADHU INSTRUMENTS PVT. LTD,2023-01-01,0.0,0.0
MADHU INSTRUMENTS PVT. LTD,2023-02-01,1.87,0.37
MEDIKLIN HEALTHCARE LTD,2022-04-01,0.46,0.46
MEDIKLIN HEALTHCARE LTD,2022-05-01,0.62,0.54
MEDIKLIN HEALTHCARE LTD,2022-06-01,2.39,0.99
MEDIKLIN HEALTHCARE LTD,2022-07-01,1.24,1.29
MEDIKLIN HEALTHCARE LTD,2022-08-01,1.45,1.78
MEDIKLIN HEALTHCARE LTD,2022-09-01,2.56,1.9
MEDIKLIN HEALTHCARE LTD,2022-10-01,0.38,1.43
MEDIKLIN HEALTHCARE LTD,2022-11-01,0.0,0.94
MEDIKLIN HEALTHCARE LTD,2022-12-01,0.52,0.31
MEDIKLIN HEALTHCARE LTD,2023-01-01,0.31,0.28
MEDIKLIN HEALTHCARE LTD,2023-02-01,0.83,0.53
MEDIKLIN HEALTHCARE LTD,2023-03-01,0.85,0.63
MEDIKLIN HEALTHCARE LTD,2023-04-01,0.64,0.76
MEDIKLIN HEALTHCARE LTD,2023-05-01,0.28,0.56
MEDIKLIN HEALTHCARE LTD,2023-06-01,0.37,0.43
MEDIKLIN HEALTHCARE LTD,2023-07-01,0.39,0.34
MEDIKLIN HEALTHCARE LTD,2023-08-01,1.35,0.7
MEDIKLIN HEALTHCARE LTD,2023-09-01,2.27,1.16
MEDIKLIN HEALTHCARE LTD,2023-10-01,2.74,1.9
MEDIKLIN HEALTHCARE LTD,2023-11-01,2.76,2.6
MEDIKLIN HEALTHCARE LTD,2023-12-01,1.5,2.3
MEDIKLIN HEALTHCARE LTD,2024-01-01,0.83,1.74
MEDIKLIN HEALTHCARE LTD,2024-02-01,1.89,1.42
MEDIKLIN HEALTHCARE LTD,2024-03-01,0.0,1.05
MEDIKLIN HEALTHCARE LTD,2024-04-01,0.0,1.05
MEDIKLIN HEALTHCARE LTD,2024-05-01,0.0,0.0
MEDIPRIDE,2022-07-01,0.0,0.0
MEDIPRIDE,2022-08-01,2.13,1.07
MURALI TRADERS,2022-08-01,0.0,0.0
MURALI TRADERS,2023-08-01,0.0,0.0
NEOMEDIX HEALTHCARE INDIA,2024-02-01,0.59,0.59
NEOMEDIX HEALTHCARE INDIA,2024-03-01,0.07,0.25
NEOMEDIX HEALTHCARE INDIA,2024-04-01,0.1,0.17
NEOMEDIX HEALTHCARE INDIA,2024-05-01,0.0,0.05
NEON LABORATORIES LTD,2022-04-01,0.0,0.0
NEON LABORATORIES LTD,2022-06-01,6.21,39.61
NEON LABORATORIES LTD,2022-07-01,2.3,14.74
NEON LABORATORIES LTD,2022-08-01,0.67,2.14
NEON LABORATORIES LTD,2022-09-01,4.27,2.16
NEON LABORATORIES LTD,2022-10-01,3.34,2.4
NEON LABORATORIES LTD,2022-11-01,4.13,3.94
NEON LABORATORIES LTD,2022-12-01,0.0,6.88
NEON LABORATORIES LTD,2023-01-01,4.61,7.17
NEON LABORATORIES LTD,2023-02-01,7.62,8.6
NEON LABORATORIES LTD,2023-03-01,30.89,8.74
NEON LABORATORIES LTD,2023-04-01,22.9,13.81
NEON LABORATORIES LTD,2023-05-01,0.0,8.18
NEON LABORATORIES LTD,2023-06-01,4.16,4.13
NEON LABORATORIES LTD,2023-07-01,8.32,4.16
NEON LABORATORIES LTD,2023-08-01,18.08,10.19
NEON LABORATORIES LTD,2023-09-01,0.0,18.51
NEON LABORATORIES LTD,2023-10-01,21.05,25.04
NEON LABORATORIES LTD,2023-11-01,11.15,17.66
NEON LABORATORIES LTD,2023-12-01,5.03,10.4
NEON LABORATORIES LTD,2024-01-01,7.77,8.02
NEON LABORATORIES LTD,2024-02-01,83.53,13.23
NEON LABORATORIES LTD,2024-03-01,37.96,26.34
OCUZEN HEALTH CARE,2022-04-01,0.79,0.79
OCUZEN HEALTH CARE,2022-05-01,0.55,0.69
OCUZEN HEALTH CARE,2022-06-01,1.18,0.84
OCUZEN HEALTH CARE,2022-07-01,1.49,1.07
OCUZEN HEALTH CARE,2022-08-01,1.27,1.31
OCUZEN HEALTH CARE,2022-09-01,0.0,1.01
OCUZEN HEALTH CARE,2022-10-01,0.0,0.48
OCUZEN HEALTH CARE,2022-11-01,0.0,0.0
OCUZEN HEALTH CARE,2022-12-01,0.0,0.0
OCUZEN HEALTH CARE,2023-01-01,0.0,0.0
OCUZEN HEALTH CARE,2023-02-01,0.0,0.0
OCUZEN HEALTH CARE,2023-03-01,0.0,0.0
OCUZEN HEALTH CARE,2023-07-01,0.77,0.07
OCUZEN HEALTH CARE,2023-08-01,1.03,0.38
OCUZEN HEALTH CARE,2023-09-01,0.38,0.68
OCUZEN HEALTH CARE,2023-10-01,0.59,0.63
OCUZEN HEALTH CARE,2023-11-01,0.89,0.64
OCUZEN HEALTH CARE,2023-12-01,0.45,0.64
OCUZEN HEALTH CARE,2024-01-01,1.03,0.79
OCUZEN HEALTH CARE,2024-02-01,0.6,0.7
OCUZEN HEALTH CARE,2024-03-01,1.34,1.0
OCUZEN HEALTH CARE,2024-04-01,0.91,0.95
OCUZEN HEALTH CARE,2024-05-01,1.46,1.2
OTHERS,2022-04-01,0.0,0.0
OTHERS,2022-05-01,0.0,0.0
OTHERS,2022-06-01,0.0,0.0
OTHERS,2022-07-01,0.0,0.0
OTHERS,2022-08-01,0.0,0.0
OTHERS,2022-09-01,0.0,0.0
OTHERS,2022-10-01,0.0,0.0
OTHERS,2022-11-01,0.03,0.01
OTHERS,2022-12-01,0.07,0.04
OTHERS,2023-01-01,0.07,0.06
OTHERS,2023-02-01,0.76,0.27
OTHERS,2023-03-01,0.0,0.29
OTHERS,2023-04-01,0.0,0.34
OTHERS,2023-05-01,0.0,0.0
OTHERS,2023-06-01,0.0,0.0
OTHERS,2023-07-01,0.08,0.03
OTHERS,2023-08-01,0.0,0.03
OTHERS,2023-09-01,2.0,0.43
PIONEER,2022-08-01,0.0,0.0
PIONEER,2022-09-01,0.0,0.0
PIONEER,2022-11-01,0.0,0.0
PIONEER,2023-07-01,0.0,0.0
PRIDE&PRIME PHARMACEUTICAL,2022-04-01,0.95,0.95
PRIDE&PRIME PHARMACEUTICAL,2022-05-01,0.0,0.49
PRIDE&PRIME PHARMACEUTICAL,2022-06-01,0.0,0.33
PRIDE&PRIME PHARMACEUTICAL,2022-07-01,0.0,0.0
PRIDE&PRIME PHARMACEUTICAL,2022-08-01,0.77,0.24
PRIDE&PRIME PHARMACEUTICAL,2022-09-01,0.0,0.26
PRIDE&PRIME PHARMACEUTICAL,2022-10-01,0.0,0.28
PRIDE&PRIME PHARMACEUTICAL,2022-11-01,0.0,0.0
PRIDE&PRIME PHARMACEUTICAL,2022-12-01,0.0,0.0
PRIDE&PRIME PHARMACEUTICAL,2023-01-01,1.4,0.47
PRIDE&PRIME PHARMACEUTICAL,2023-02-01,0.0,0.47
PRIDE&PRIME PHARMACEUTICAL,2023-03-01,0.0,0.47
PRIDE&PRIME PHARMACEUTICAL,2023-04-01,0.29,0.09
PRIDE&PRIME PHARMACEUTICAL,2023-05-01,0.0,0.1
PRIDE&PRIME PHARMACEUTICAL,2023-06-01,0.0,0.1
PRIDE&PRIME PHARMACEUTICAL,2023-07-01,0.0,0.0
PRIDE&PRIME PHARMACEUTICAL,2023-08-01,0.0,0.0
PRIDE&PRIME PHARMACEUTICAL,2023-09-01,0.0,0.0
PRIDE&PRIME PHARMACEUTICAL,2023-10-01,0.0,0.0
PRIDE&PRIME PHARMACEUTICAL,2023-11-01,0.0,0.0
PRIDE&PRIME PHARMACEUTICAL,2023-12-01,0.0,0.0
PRIDE&PRIME PHARMACEUTICAL,2024-01-01,0.0,0.0
PRIDE&PRIME PHARMACEUTICAL,2024-02-01,0.0,0.0
PRIDE&PRIME PHARMACEUTICAL,2024-03-01,0.0,0.0
PRIDE&PRIME PHARMACEUTICAL,2024-04-01,0.0,0.0
PRIDE&PRIME PHARMACEUTICAL,2024-05-01,0.0,0.0
RAMAN&WEIL PVT LTD,2022-04-01,0.5,0.5
RAMAN&WEIL PVT LTD,2022-05-01,2.38,1.26
RAMAN&WEIL PVT LTD,2022-06-01,2.4,1.5
RAMAN&WEIL PVT LTD,2022-07-01,0.36,1.36
RAMAN&WEIL PVT LTD,2022-08-01,0.0,0.41
RAMAN&WEIL PVT LTD,2022-09-01,1.07,0.42
RAMAN&WEIL PVT LTD,2022-10-01,0.43,0.44
RAMAN&WEIL PVT LTD,2022-11-01,0.0,0.67
RAMAN&WEIL PVT LTD,2022-12-01,2.71,1.08
RAMAN&WEIL PVT LTD,2023-01-01,0.12,0.91
RAMAN&WEIL PVT LTD,2023-02-01,2.87,1.76
RAMAN&WEIL PVT LTD,2023-03-01,4.55,2.0
RAMAN&WEIL PVT LTD,2023-04-01,0.0,2.21
RAMAN&WEIL PVT LTD,2023-05-01,0.8,1.35
RAMAN&WEIL PVT LTD,2023-06-01,1.26,0.65
RAMAN&WEIL PVT LTD,2023-07-01,6.62,2.21
RAMAN&WEIL PVT LTD,2023-08-01,1.76,2.98
RAMAN&WEIL PVT LTD,2023-09-01,1.76,3.38
RAMAN&WEIL PVT LTD,2023-10-01,1.83,1.8
RAMAN&WEIL PVT LTD,2023-11-01,2.18,1.98
RAMAN&WEIL PVT LTD,2023-12-01,0.34,1.54
RAMAN&WEIL PVT LTD,2024-01-01,0.0,0.9
RAMAN&WEIL PVT LTD,2024-02-01,4.14,1.22
RAMAN&WEIL PVT LTD,2024-03-01,0.0,1.49
RAMAN&WEIL PVT LTD,2024-04-01,0.0,6.66
RAMAN&WEIL PVT LTD,2024-05-01,0.0,30.1
RAMSONS,2022-04-01,0.0,0.0
RAMSONS,2022-05-01,0.0,0.0
RAMSONS,2022-06-01,0.0,0.0
RAMSONS,2022-08-01,8.44,31.11
RAMSONS,2022-09-01,2.53,10.28
RAMSONS,2022-10-01,5.91,5.07
RAMSONS,2022-11-01,4.22,4.22
RAMSONS,2022-12-01,1.69,3.94
RAMSONS,2023-01-01,6.44,4.12
RAMSONS,2023-02-01,1.11,3.08
RAMSONS,2023-03-01,1.69,3.08
RAMSONS,2023-04-01,0.0,0.43
RAMSONS,2023-05-01,1.33,0.8
RAMSONS,2023-06-01,0.0,0.58
RAMSONS,2023-07-01,0.0,0.74
RAMSONS,2023-08-01,0.0,0.0
RAMSONS,2023-09-01,2.0,0.4
RAMSONS,2023-10-01,0.0,0.44
RAMSONS,2023-11-01,2.96,1.61
RAMSONS,2023-12-01,2.22,1.67
RAMSONS,2024-01-01,0.0,1.48
RAMSONS,2024-02-01,0.0,0.44
RAMSONS,2024-03-01,0.0,0.0
RANBAXY,2023-03-01,0.0,0.0
RANBAXY,2023-07-01,0.0,0.0
RANBAXY,2023-09-01,2.16,6.31
RANBAXY,2023-10-01,5.41,4.87
RANBAXY,2024-01-01,0.0,4.33
RANBAXY,2024-02-01,0.0,9.74
REGAL LABORATORIES,2022-07-01,0.0,0.0
REGAL LABORATORIES,2022-10-01,0.0,0.0
REGAL LABORATORIES,2023-03-01,0.0,0.0
REGAL LABORATORIES,2023-07-01,0.0,0.0
REGAL LABORATORIES,2023-10-01,0.0,0.0
REGAL LABORATORIES,2023-11-01,0.0,0.0
REGAL LABORATORIES,2024-01-01,0.0,0.0
REGAL LABORATORIES,2024-03-01,0.0,0.0
REGAL LABORATORIES,2024-05-01,0.0,0.0
SANGAM HEALTHCARE (SAFTI-N,2022-04-01,0.0,0.0
SANGAM HEALTHCARE (SAFTI-N,2022-05-01,0.0,0.0
SANGAM HEALTHCARE (SAFTI-N,2022-06-01,2.16,1.52
SANGAM HEALTHCARE (SAFTI-N,2022-07-01,1.24,1.51
SANGAM HEALTHCARE (SAFTI-N,2022-08-01,0.0,1.25
SANGAM HEALTHCARE (SAFTI-N,2022-09-01,10.82,3.47
SANGAM HEALTHCARE (SAFTI-N,2022-10-01,13.18,6.96
SANGAM HEALTHCARE (SAFTI-N,2022-12-01,0.55,5.29
SANGAM HEALTHCARE (SAFTI-N,2023-01-01,0.71,1.78
SANGAM HEALTHCARE (SAFTI-N,2023-02-01,0.0,0.46
SANGAM HEALTHCARE (SAFTI-N,2023-03-01,2.71,1.08
SANGAM HEALTHCARE (SAFTI-N,2023-04-01,0.4,1.07
SANGAM HEALTHCARE (SAFTI-N,2023-05-01,0.0,1.2
SANGAM HEALTHCARE (SAFTI-N,2023-06-01,0.0,0.15
SANGAM HEALTHCARE (SAFTI-N,2023-07-01,4.0,1.33
SANGAM HEALTHCARE (SAFTI-N,2023-08-01,0.0,1.33
SANGAM HEALTHCARE (SAFTI-N,2023-09-01,0.49,1.56
SANGAM HEALTHCARE (SAFTI-N,2023-10-01,2.02,1.21
SANGAM HEALTHCARE (SAFTI-N,2023-11-01,1.97,1.75
SANGAM HEALTHCARE (SAFTI-N,2023-12-01,0.0,1.36
SANGAM HEALTHCARE (SAFTI-N,2024-01-01,2.57,1.72
SANGAM HEALTHCARE (SAFTI-N,2024-02-01,0.0,1.04
SANGAM HEALTHCARE (SAFTI-N,2024-03-01,0.0,0.92
SANGAM HEALTHCARE (SAFTI-N,2024-04-01,0.0,0.0
SANGAM HEALTHCARE (SAFTI-N,2024-05-01,0.0,0.0
SEARLE,2022-04-01,0.0,0.0
SEARLE,2022-09-01,0.0,2.26
SEARLE,2022-10-01,0.0,0.75
SEARLE,2022-11-01,2.26,0.57
SENSES PHARMACEUTICALS LTD,2022-04-01,0.71,0.71
SENSES PHARMACEUTICALS LTD,2022-05-01,0.49,0.6
SENSES PHARMACEUTICALS LTD,2022-06-01,0.84,0.68
SENSES PHARMACEUTICALS LTD,2022-07-01,0.43,0.59
SENSES PHARMACEUTICALS LTD,2022-08-01,0.79,0.68
SENSES PHARMACEUTICALS LTD,2022-09-01,1.31,0.78
SENSES PHARMACEUTICALS LTD,2022-10-01,0.72,0.92
SENSES PHARMACEUTICALS LTD,2022-11-01,0.87,0.95
SENSES PHARMACEUTICALS LTD,2022-12-01,0.46,0.69
SENSES PHARMACEUTICALS LTD,2023-01-01,0.89,0.74
SENSES PHARMACEUTICALS LTD,2023-02-01,0.67,0.68
SENSES PHARMACEUTICALS LTD,2023-03-01,0.69,0.75
SENSES PHARMACEUTICALS LTD,2023-04-01,0.86,0.74
SENSES PHARMACEUTICALS LTD,2023-05-01,0.98,0.84
SENSES PHARMACEUTICALS LTD,2023-06-01,0.86,0.89
SENSES PHARMACEUTICALS LTD,2023-07-01,1.1,0.98
SENSES PHARMACEUTICALS LTD,2023-08-01,0.93,0.96
SENSES PHARMACEUTICALS LTD,2023-09-01,0.6,0.86
SENSES PHARMACEUTICALS LTD,2023-10-01,0.69,0.74
SENSES PHARMACEUTICALS LTD,2023-11-01,0.82,0.7
SENSES PHARMACEUTICALS LTD,2023-12-01,0.74,0.75
SENSES PHARMACEUTICALS LTD,2024-01-01,0.82,0.79
SENSES PHARMACEUTICALS LTD,2024-02-01,0.71,0.75
SENSES PHARMACEUTICALS LTD,2024-03-01,1.1,0.89
SENSES PHARMACEUTICALS LTD,2024-04-01,0.8,0.88
SENSES PHARMACEUTICALS LTD,2024-05-01,0.67,0.85
SENTISS PHARMA PVT LTD,2024-01-01,0.0,0.0
SENTISS PHARMA PVT LTD,2024-02-01,0.06,0.04
SENTISS PHARMA PVT LTD,2024-03-01,0.21,0.14
SENTISS PHARMA PVT LTD,2024-04-01,0.47,0.3
SENTISS PHARMA PVT LTD,2024-05-01,0.17,0.28
SHERINGS,2022-04-01,0.97,0.97
SHERINGS,2022-05-01,0.18,0.55
SHERINGS,2022-06-01,0.23,0.44
SHERINGS,2022-07-01,0.67,0.35
SHERINGS,2022-08-01,0.28,0.39
SHERINGS,2022-09-01,0.46,0.47
SHERINGS,2022-10-01,2.05,0.87
SHERINGS,2022-11-01,0.09,0.83
SHERINGS,2022-12-01,0.63,0.9
SHERINGS,2023-01-01,0.45,0.38
SHERINGS,2023-02-01,0.34,0.47
SHERINGS,2023-03-01,1.91,0.83
SHERINGS,2023-04-01,0.62,0.87
SHERINGS,2023-05-01,1.16,1.16
SHERINGS,2023-06-01,0.86,0.89
SHERINGS,2023-07-01,0.18,0.71
SHERINGS,2023-08-01,1.14,0.73
SHERINGS,2023-09-01,0.23,0.46
SHERINGS,2023-10-01,1.4,0.91
SHERINGS,2023-11-01,1.15,0.92
SHERINGS,2023-12-01,1.64,1.4
SHERINGS,2024-01-01,0.98,1.26
SHERINGS,2024-02-01,0.92,1.19
SHERINGS,2024-03-01,0.94,0.95
SHERINGS,2024-04-01,0.76,0.88
SHERINGS,2024-05-01,0.76,0.82
SHERWYN PHARMA(GENORA),2022-04-01,0.0,0.0
SHERWYN PHARMA(GENORA),2022-05-01,0.0,0.0
SHERWYN PHARMA(GENORA),2022-06-01,0.0,0.0
SHERWYN PHARMA(GENORA),2022-07-01,0.0,0.0
SHERWYN PHARMA(GENORA),2022-08-01,0.0,0.0
SHERWYN PHARMA(GENORA),2022-09-01,0.0,0.0
SHERWYN PHARMA(GENORA),2022-10-01,0.0,0.0
SHERWYN PHARMA(GENORA),2022-11-01,0.0,0.0
SHERWYN PHARMA(GENORA),2022-12-01,0.0,0.0
SHERWYN PHARMA(GENORA),2023-01-01,0.0,0.0
SHERWYN PHARMA(GENORA),2023-02-01,0.0,0.0
SHERWYN PHARMA(GENORA),2023-03-01,0.0,0.0
SHERWYN PHARMA(GENORA),2023-04-01,0.0,0.0
SHERWYN PHARMA(GENORA),2023-05-01,0.0,0.0
SHERWYN PHARMA(GENORA),2023-06-01,0.0,0.0
SHERWYN PHARMA(GENORA),2023-07-01,0.0,0.0
SHERWYN PHARMA(GENORA),2023-08-01,0.0,0.0
SHERWYN PHARMA(GENORA),2023-09-01,0.0,0.0
SHERWYN PHARMA(GENORA),2023-10-01,0.0,0.0
SHERWYN PHARMA(GENORA),2023-11-01,0.0,0.0
SHERWYN PHARMA(GENORA),2023-12-01,0.0,0.0
SHERWYN PHARMA(GENORA),2024-01-01,0.0,0.0
SHERWYN PHARMA(GENORA),2024-02-01,0.0,0.0
SHERWYN PHARMA(GENORA),2024-03-01,0.0,0.0
SHERWYN PHARMACEUTICALS PV,2022-04-01,0.0,0.0
SHERWYN PHARMACEUTICALS PV,2022-05-01,0.0,0.0
SHERWYN PHARMACEUTICALS PV,2022-06-01,0.0,0.0
SHERWYN PHARMACEUTICALS PV,2022-07-01,0.0,0.0
SHERWYN PHARMACEUTICALS PV,2022-08-01,0.0,0.0
SHERWYN PHARMACEUTICALS PV,2022-09-01,0.0,0.0
SHERWYN PHARMACEUTICALS PV,2022-10-01,0.0,0.0
SHERWYN PHARMACEUTICALS PV,2022-11-01,0.0,0.0
SHERWYN PHARMACEUTICALS PV,2022-12-01,0.0,0.0
SHERWYN PHARMACEUTICALS PV,2023-01-01,0.0,0.0
SHERWYN PHARMACEUTICALS PV,2023-02-01,0.0,0.0
SHERWYN PHARMACEUTICALS PV,2023-03-01,0.0,0.0
SHERWYN PHARMACEUTICALS PV,2023-04-01,0.0,0.0
SHERWYN PHARMACEUTICALS PV,2023-05-01,0.0,0.0
SHERWYN PHARMACEUTICALS PV,2023-06-01,0.0,0.0
SHERWYN PHARMACEUTICALS PV,2023-07-01,0.0,0.0
SHERWYN PHARMACEUTICALS PV,2023-08-01,0.0,0.0
SHERWYN PHARMACEUTICALS PV,2023-09-01,0.0,0.0
SHERWYN PHARMACEUTICALS PV,2023-10-01,0.0,0.0
SHERWYN PHARMACEUTICALS PV,2023-11-01,0.0,0.0
SHERWYN PHARMACEUTICALS PV,2023-12-01,0.0,0.0
SHERWYN PHARMACEUTICALS PV,2024-01-01,0.0,0.0
SHERWYN PHARMACEUTICALS PV,2024-02-01,0.0,0.0
SHERWYN PHARMACEUTICALS PV,2024-03-01,0.0,0.0
SOMA SCIENTIFICS&SURGICALS,2023-12-01,0.0,0.0
SOMA SCIENTIFICS&SURGICALS,2024-03-01,0.0,0.0
SPECTRUM BIOCIDES INDIA PV,2022-12-01,0.0,0.0
SPECTRUM BIOCIDES INDIA PV,2023-04-01,0.0,0.0
SPECTRUM BIOCIDES INDIA PV,2023-08-01,0.0,0.0
SUBHAM PHARMACEUTICALS,2022-04-01,0.0,0.0
SUBHAM PHARMACEUTICALS,2022-05-01,0.0,0.0
SUBHAM PHARMACEUTICALS,2022-06-01,0.0,0.0
SUBHAM PHARMACEUTICALS,2022-07-01,0.0,0.0
SUBHAM PHARMACEUTICALS,2022-08-01,0.0,0.0
SUBHAM PHARMACEUTICALS,2022-09-01,0.0,0.0
SUBHAM PHARMACEUTICALS,2022-10-01,0.0,0.0
SUBHAM PHARMACEUTICALS,2022-11-01,0.0,0.0
SUBHAM PHARMACEUTICALS,2022-12-01,0.0,0.0
SUBHAM PHARMACEUTICALS,2023-01-01,0.0,0.0
SUBHAM PHARMACEUTICALS,2023-02-01,0.0,0.0
SUBHAM PHARMACEUTICALS,2023-03-01,0.0,0.0
SUBHAM PHARMACEUTICALS,2023-04-01,0.0,0.0
SUBHAM PHARMACEUTICALS,2023-05-01,0.0,0.0
SUBHAM PHARMACEUTICALS,2023-06-01,0.0,0.0
SUBHAM PHARMACEUTICALS,2023-07-01,0.0,0.0
SUBHAM PHARMACEUTICALS,2023-08-01,0.0,0.0
SUBHAM PHARMACEUTICALS,2023-09-01,0.0,0.0
SUBHAM PHARMACEUTICALS,2023-10-01,0.0,0.0
SUBHAM PHARMACEUTICALS,2023-11-01,0.0,0.0
SUBHAM PHARMACEUTICALS,2023-12-01,0.0,0.0
SUBHAM PHARMACEUTICALS,2024-01-01,0.0,0.0
SUBHAM PHARMACEUTICALS,2024-02-01,0.0,0.0
SUBHAM PHARMACEUTICALS,2024-03-01,0.0,0.0
SUNWAYS PHARMACEUTICALS,2022-04-01,1.47,1.47
SUNWAYS PHARMACEUTICALS,2022-05-01,1.15,1.28
SUNWAYS PHARMACEUTICALS,2022-06-01,0.46,0.92
SUNWAYS PHARMACEUTICALS,2022-07-01,0.86,0.8
SUNWAYS PHARMACEUTICALS,2022-08-01,1.16,0.85
SUNWAYS PHARMACEUTICALS,2022-09-01,1.28,1.09
SUNWAYS PHARMACEUTICALS,2022-10-01,0.93,1.12
SUNWAYS PHARMACEUTICALS,2022-11-01,0.84,1.0
SUNWAYS PHARMACEUTICALS,2022-12-01,1.43,1.06
SUNWAYS PHARMACEUTICALS,2023-01-01,0.86,1.05
SUNWAYS PHARMACEUTICALS,2023-02-01,1.22,1.19
SUNWAYS PHARMACEUTICALS,2023-03-01,0.59,0.9
SUNWAYS PHARMACEUTICALS,2023-04-01,1.47,1.09
SUNWAYS PHARMACEUTICALS,2023-05-01,0.65,0.9
SUNWAYS PHARMACEUTICALS,2023-06-01,0.88,1.01
SUNWAYS PHARMACEUTICALS,2023-07-01,1.0,0.84
SUNWAYS PHARMACEUTICALS,2023-08-01,1.36,1.09
SUNWAYS PHARMACEUTICALS,2023-09-01,0.82,1.07
SUNWAYS PHARMACEUTICALS,2023-10-01,0.56,0.92
SUNWAYS PHARMACEUTICALS,2023-11-01,1.34,0.87
SUNWAYS PHARMACEUTICALS,2023-12-01,0.38,0.73
SUNWAYS PHARMACEUTICALS,2024-01-01,0.87,0.85
SUNWAYS PHARMACEUTICALS,2024-02-01,0.86,0.71
SUNWAYS PHARMACEUTICALS,2024-03-01,0.6,0.8
SUNWAYS PHARMACEUTICALS,2024-04-01,0.93,0.8
SUNWAYS PHARMACEUTICALS,2024-05-01,0.97,0.82
SUNWAYS PHARMACEUTICALS(OR,2022-04-01,1.22,1.22
SUNWAYS PHARMACEUTICALS(OR,2022-05-01,0.78,0.97
SUNWAYS PHARMACEUTICALS(OR,2022-06-01,1.06,1.0
SUNWAYS PHARMACEUTICALS(OR,2022-07-01,0.62,0.83
SUNWAYS PHARMACEUTICALS(OR,2022-08-01,0.58,0.77
SUNWAYS PHARMACEUTICALS(OR,2022-09-01,0.7,0.64
SUNWAYS PHARMACEUTICALS(OR,2022-10-01,1.01,0.77
SUNWAYS PHARMACEUTICALS(OR,2022-11-01,0.68,0.81
SUNWAYS PHARMACEUTICALS(OR,2022-12-01,1.3,1.0
SUNWAYS PHARMACEUTICALS(OR,2023-01-01,0.5,0.78
SUNWAYS PHARMACEUTICALS(OR,2023-02-01,1.24,0.97
SUNWAYS PHARMACEUTICALS(OR,2023-03-01,0.85,0.85
SUNWAYS PHARMACEUTICALS(OR,2023-04-01,1.68,1.29
SUNWAYS PHARMACEUTICALS(OR,2023-05-01,0.82,1.12
SUNWAYS PHARMACEUTICALS(OR,2023-06-01,0.93,1.08
SUNWAYS PHARMACEUTICALS(OR,2023-07-01,1.06,0.96
SUNWAYS PHARMACEUTICALS(OR,2023-08-01,0.73,0.91
SUNWAYS PHARMACEUTICALS(OR,2023-09-01,0.51,0.78
SUNWAYS PHARMACEUTICALS(OR,2023-10-01,1.19,0.8
SUNWAYS PHARMACEUTICALS(OR,2023-11-01,0.69,0.8
SUNWAYS PHARMACEUTICALS(OR,2023-12-01,0.91,0.95
SUNWAYS PHARMACEUTICALS(OR,2024-01-01,0.77,0.79
SUNWAYS PHARMACEUTICALS(OR,2024-02-01,1.6,1.11
SUNWAYS PHARMACEUTICALS(OR,2024-03-01,0.87,1.11
SUNWAYS PHARMACEUTICALS(OR,2024-04-01,1.25,1.28
SUNWAYS PHARMACEUTICALS(OR,2024-05-01,1.07,1.07
SUNWAYS PHARMACEUTICALS(RE,2022-04-01,0.81,0.81
SUNWAYS PHARMACEUTICALS(RE,2022-05-01,0.48,0.66
SUNWAYS PHARMACEUTICALS(RE,2022-06-01,1.83,1.01
SUNWAYS PHARMACEUTICALS(RE,2022-07-01,0.69,0.95
SUNWAYS PHARMACEUTICALS(RE,2022-08-01,1.18,1.17
SUNWAYS PHARMACEUTICALS(RE,2022-09-01,0.71,0.86
SUNWAYS PHARMACEUTICALS(RE,2022-10-01,1.13,1.0
SUNWAYS PHARMACEUTICALS(RE,2022-11-01,0.88,0.92
SUNWAYS PHARMACEUTICALS(RE,2022-12-01,0.9,0.96
SUNWAYS PHARMACEUTICALS(RE,2023-01-01,0.59,0.79
SUNWAYS PHARMACEUTICALS(RE,2023-02-01,1.85,1.11
SUNWAYS PHARMACEUTICALS(RE,2023-03-01,0.62,1.03
SUNWAYS PHARMACEUTICALS(RE,2023-04-01,0.99,1.17
SUNWAYS PHARMACEUTICALS(RE,2023-05-01,0.53,0.7
SUNWAYS PHARMACEUTICALS(RE,2023-06-01,0.75,0.74
SUNWAYS PHARMACEUTICALS(RE,2023-07-01,0.95,0.76
SUNWAYS PHARMACEUTICALS(RE,2023-08-01,1.32,1.0
SUNWAYS PHARMACEUTICALS(RE,2023-09-01,0.76,0.99
SUNWAYS PHARMACEUTICALS(RE,2023-10-01,0.35,0.75
SUNWAYS PHARMACEUTICALS(RE,2023-11-01,0.72,0.59
SUNWAYS PHARMACEUTICALS(RE,2023-12-01,0.68,0.57
SUNWAYS PHARMACEUTICALS(RE,2024-01-01,0.69,0.7
SUNWAYS PHARMACEUTICALS(RE,2024-02-01,0.72,0.7
SUNWAYS PHARMACEUTICALS(RE,2024-03-01,0.73,0.71
SUNWAYS PHARMACEUTICALS(RE,2024-04-01,0.6,0.7
SUNWAYS PHARMACEUTICALS(RE,2024-05-01,0.96,0.76
SUPERFINE NEEDLES PVT LTD,2023-06-01,0.0,0.0
SUPERFINE NEEDLES PVT LTD,2023-07-01,54.0,27.0
SURGICARE,2022-04-01,1.51,1.51
SURGICARE,2022-05-01,1.08,1.29
SURGICARE,2022-06-01,0.35,0.98
SURGICARE,2022-07-01,1.38,0.94
SURGICARE,2022-08-01,0.0,0.58
SURGICARE,2022-09-01,0.55,0.63
SURGICARE,2022-10-01,0.51,0.39
SURGICARE,2022-11-01,0.28,0.45
SURGICARE,2022-12-01,0.51,0.44
SURGICARE,2023-01-01,1.22,0.68
SURGICARE,2023-02-01,1.84,1.1
SURGICARE,2023-03-01,3.37,1.87
SURGICARE,2023-04-01,2.15,2.37
SURGICARE,2023-05-01,0.0,1.7
SURGICARE,2023-06-01,0.45,0.78
SURGICARE,2023-07-01,1.78,0.74
SURGICARE,2023-08-01,2.22,1.48
SURGICARE,2023-09-01,1.05,1.73
SURGICARE,2023-10-01,6.73,2.61
SURGICARE,2023-11-01,2.33,2.86
SURGICARE,2023-12-01,4.52,5.1
SURGICARE,2024-01-01,0.0,8.09
SURGICARE,2024-03-01,0.0,16.18
SURGICARE,2024-05-01,0.0,0.0
SUTURES INDIA,2022-04-01,0.0,0.0
SUTURES INDIA,2022-05-01,0.0,0.0
SUTURES INDIA,2022-06-01,2.22,0.44
TAS MED(INDIA)PVT.LTD(VALL,2022-04-01,1.02,1.02
TAS MED(INDIA)PVT.LTD(VALL,2022-05-01,0.81,0.9
TAS MED(INDIA)PVT.LTD(VALL,2022-06-01,0.65,0.81
TAS MED(INDIA)PVT.LTD(VALL,2022-07-01,0.35,0.62
TAS MED(INDIA)PVT.LTD(VALL,2022-08-01,0.1,0.41
TAS MED(INDIA)PVT.LTD(VALL,2022-09-01,0.18,0.22
TAS MED(INDIA)PVT.LTD(VALL,2022-10-01,0.12,0.13
TAS MED(INDIA)PVT.LTD(VALL,2022-11-01,0.41,0.21
TAS MED(INDIA)PVT.LTD(VALL,2022-12-01,1.54,0.35
TAS MED(INDIA)PVT.LTD(VALL,2023-01-01,0.73,0.66
TAS MED(INDIA)PVT.LTD(VALL,2023-02-01,1.14,1.15
TAS MED(INDIA)PVT.LTD(VALL,2023-03-01,8.78,1.6
TAS MED(INDIA)PVT.LTD(VALL,2023-04-01,2.97,2.8
TAS MED(INDIA)PVT.LTD(VALL,2023-05-01,2.03,2.71
TAS MED(INDIA)PVT.LTD(VALL,2023-06-01,0.33,1.55
TAS MED(INDIA)PVT.LTD(VALL,2023-07-01,0.0,0.87
TAS MED(INDIA)PVT.LTD(VALL,2023-08-01,0.0,0.12
TAS MED(INDIA)PVT.LTD(VALL,2023-09-01,0.22,0.07
TAS MED(INDIA)PVT.LTD(VALL,2023-10-01,0.26,0.19
TAS MED(INDIA)PVT.LTD(VALL,2023-11-01,0.15,0.19
TAS MED(INDIA)PVT.LTD(VALL,2023-12-01,0.36,0.24
TAS MED(INDIA)PVT.LTD(VALL,2024-01-01,1.0,0.32
TAS MED(INDIA)PVT.LTD(VALL,2024-02-01,1.11,0.71
TAS MED(INDIA)PVT.LTD(VALL,2024-03-01,0.33,0.78
TAS MED(INDIA)PVT.LTD(VALL,2024-04-01,0.64,0.69
TAS MED(INDIA)PVT.LTD(VALL,2024-05-01,4.74,1.66
TASMED (INDIA) PVT LTD(PAS,2022-04-01,1.34,1.34
TASMED (INDIA) PVT LTD(PAS,2022-05-01,1.06,1.18
TASMED (INDIA) PVT LTD(PAS,2022-06-01,0.86,1.04
TASMED (INDIA) PVT LTD(PAS,2022-07-01,1.06,0.98
TASMED (INDIA) PVT LTD(PAS,2022-08-01,1.51,1.09
TASMED (INDIA) PVT LTD(PAS,2022-09-01,1.61,1.32
TASMED (INDIA) PVT LTD(PAS,2022-10-01,1.37,1.51
TASMED (INDIA) PVT LTD(PAS,2022-11-01,1.96,1.62
TASMED (INDIA) PVT LTD(PAS,2022-12-01,4.24,2.12
TASMED (INDIA) PVT LTD(PAS,2023-01-01,2.59,2.69
TASMED (INDIA) PVT LTD(PAS,2023-02-01,2.05,2.62
TASMED (INDIA) PVT LTD(PAS,2023-03-01,3.17,2.53
TASMED (INDIA) PVT LTD(PAS,2023-04-01,2.53,2.51
TASMED (INDIA) PVT LTD(PAS,2023-05-01,2.91,2.88
TASMED (INDIA) PVT LTD(PAS,2023-06-01,1.49,2.33
TASMED (INDIA) PVT LTD(PAS,2023-07-01,1.77,2.07
TASMED (INDIA) PVT LTD(PAS,2023-08-01,2.25,1.84
TASMED (INDIA) PVT LTD(PAS,2023-09-01,1.87,1.95
TASMED (INDIA) PVT LTD(PAS,2023-10-01,0.94,1.61
TASMED (INDIA) PVT LTD(PAS,2023-11-01,1.64,1.46
TASMED (INDIA) PVT LTD(PAS,2023-12-01,0.78,1.13
TASMED (INDIA) PVT LTD(PAS,2024-01-01,0.93,1.12
TASMED (INDIA) PVT LTD(PAS,2024-02-01,0.96,0.88
TASMED (INDIA) PVT LTD(PAS,2024-03-01,1.12,0.99
TASMED (INDIA) PVT LTD(PAS,2024-04-01,2.8,1.23
TASMED (INDIA) PVT LTD(PAS,2024-05-01,2.54,1.77
TASMED(INDIA) PVT.LTD(ASPI,2022-04-01,0.0,0.0
TASMED(INDIA) PVT.LTD(ASPI,2022-05-01,2.08,1.4
TASMED(INDIA) PVT.LTD(ASPI,2022-06-01,0.51,0.97
TASMED(INDIA) PVT.LTD(ASPI,2022-07-01,0.9,1.06
TASMED(INDIA) PVT.LTD(ASPI,2022-08-01,1.17,0.89
TASMED(INDIA) PVT.LTD(ASPI,2022-09-01,1.53,1.17
TASMED(INDIA) PVT.LTD(ASPI,2022-10-01,3.33,1.69
TASMED(INDIA) PVT.LTD(ASPI,2022-11-01,1.09,1.89
TASMED(INDIA) PVT.LTD(ASPI,2022-12-01,2.22,2.21
TASMED(INDIA) PVT.LTD(ASPI,2023-01-01,0.94,1.38
TASMED(INDIA) PVT.LTD(ASPI,2023-02-01,1.96,1.62
TASMED(INDIA) PVT.LTD(ASPI,2023-03-01,3.55,1.73
TASMED(INDIA) PVT.LTD(ASPI,2023-04-01,3.42,2.76
TASMED(INDIA) PVT.LTD(ASPI,2023-05-01,1.03,2.43
TASMED(INDIA) PVT.LTD(ASPI,2023-06-01,1.26,1.82
TASMED(INDIA) PVT.LTD(ASPI,2023-07-01,2.45,1.6
TASMED(INDIA) PVT.LTD(ASPI,2023-08-01,2.6,2.13
TASMED(INDIA) PVT.LTD(ASPI,2023-09-01,1.04,1.98
TASMED(INDIA) PVT.LTD(ASPI,2023-10-01,0.78,1.42
TASMED(INDIA) PVT.LTD(ASPI,2023-11-01,1.27,1.02
TASMED(INDIA) PVT.LTD(ASPI,2023-12-01,1.45,1.11
TASMED(INDIA) PVT.LTD(ASPI,2024-01-01,0.53,1.02
TASMED(INDIA) PVT.LTD(ASPI,2024-02-01,1.45,1.12
TASMED(INDIA) PVT.LTD(ASPI,2024-03-01,2.18,1.2
TASMED(INDIA) PVT.LTD(ASPI,2024-04-01,3.27,1.96
TASMED(INDIA) PVT.LTD(ASPI,2024-05-01,1.09,1.91
TEKAY PRODUCTS,2022-05-01,0.0,0.0
TEKAY PRODUCTS,2022-10-01,0.0,0.0
TEKAY PRODUCTS,2023-05-01,0.0,4.8
TEKAY PRODUCTS,2023-06-01,2.3,2.3
TEKAY PRODUCTS,2023-07-01,0.0,2.4
TEKAY PRODUCTS,2024-01-01,0.0,2.4
TEKAY PRODUCTS,2024-02-01,0.0,0.83
TEKAY PRODUCTS,2024-03-01,0.0,0.0
TEKAY PRODUCTS,2024-04-01,0.0,1.0
THE RAMARAJU COTTON MILLS,2022-04-01,0.0,0.0
THE RAMARAJU COTTON MILLS,2022-05-01,8.89,20.54
THE RAMARAJU COTTON MILLS,2022-06-01,6.6,13.57
THE RAMARAJU COTTON MILLS,2022-07-01,0.0,10.99
THE RAMARAJU COTTON MILLS,2022-08-01,0.0,19.69
THE RAMARAJU COTTON MILLS,2022-09-01,0.0,0.0
THE RAMARAJU COTTON MILLS,2022-10-01,0.0,0.0
THE RAMARAJU COTTON MILLS,2022-11-01,0.0,0.0
THE RAMARAJU COTTON MILLS,2022-12-01,0.0,0.0
THE RAMARAJU COTTON MILLS,2023-01-01,13.09,28.46
THE RAMARAJU COTTON MILLS,2023-02-01,6.54,16.42
THE RAMARAJU COTTON MILLS,2023-03-01,0.0,13.15
THE RAMARAJU COTTON MILLS,2023-04-01,0.0,19.88
THE RAMARAJU COTTON MILLS,2023-05-01,0.0,6.67
THE RAMARAJU COTTON MILLS,2023-06-01,4.44,3.89
THE RAMARAJU COTTON MILLS,2023-07-01,19.75,5.73
THE RAMARAJU COTTON MILLS,2023-08-01,24.26,13.23
THE RAMARAJU COTTON MILLS,2023-09-01,1.78,7.56
THE RAMARAJU COTTON MILLS,2023-10-01,2.47,3.69
THE RAMARAJU COTTON MILLS,2023-11-01,2.82,2.42
THE RAMARAJU COTTON MILLS,2023-12-01,3.7,2.79
THE RAMARAJU COTTON MILLS,2024-01-01,0.0,4.4
THE RAMARAJU COTTON MILLS,2024-02-01,9.81,9.02
THE RAMARAJU COTTON MILLS,2024-03-01,10.48,11.99
THE RAMARAJU COTTON MILLS,2024-04-01,0.0,10.77
THE RAMARAJU COTTON MILLS,2024-05-01,0.0,13.59
VKEY,2022-04-01,0.55,0.55
VKEY,2022-05-01,0.0,0.31
VKEY,2022-06-01,0.0,0.21
VKEY,2022-07-01,0.0,0.0
VKEY,2022-08-01,0.0,0.0
VKEY,2022-09-01,0.0,0.0
VKEY,2022-10-01,0.95,0.26
VKEY,2022-11-01,2.86,0.71
WELNINNOV PHARMACEUTICALS,2024-03-01,0.23,0.23
WELNINNOV PHARMACEUTICALS,2024-04-01,0.47,0.39
WELNINNOV PHARMACEUTICALS,2024-05-01,0.0,0.29
ZIVIRA ASTRA DIVISION,2022-04-01,0.61,0.61
ZIVIRA ASTRA DIVISION,2022-05-01,0.36,0.45
ZIVIRA ASTRA DIVISION,2022-06-01,0.38,0.42
ZIVIRA ASTRA DIVISION,2022-07-01,0.31,0.35
ZIVIRA ASTRA DIVISION,2022-08-01,0.12,0.27
ZIVIRA ASTRA DIVISION,2022-09-01,0.25,0.23
ZIVIRA ASTRA DIVISION,2022-10-01,0.35,0.23
ZIVIRA ASTRA DIVISION,2022-11-01,0.74,0.4
ZIVIRA ASTRA DIVISION,2022-12-01,0.8,0.62
ZIVIRA ASTRA DIVISION,2023-01-01,0.31,0.59
ZIVIRA ASTRA DIVISION,2023-02-01,0.66,0.57
ZIVIRA ASTRA DIVISION,2023-03-01,0.21,0.4
ZIVIRA ASTRA DIVISION,2023-04-01,0.64,0.53
ZIVIRA ASTRA DIVISION,2023-05-01,0.34,0.4
ZIVIRA ASTRA DIVISION,2023-06-01,0.63,0.54
ZIVIRA ASTRA DIVISION,2023-07-01,0.79,0.58
ZIVIRA ASTRA DIVISION,2023-08-01,0.9,0.76
ZIVIRA ASTRA DIVISION,2023-09-01,0.04,0.66
ZIVIRA ASTRA DIVISION,2023-10-01,0.0,0.4
ZIVIRA ASTRA DIVISION,2023-11-01,0.23,0.09
ZIVIRA ASTRA DIVISION,2023-12-01,0.28,0.16
ZIVIRA ASTRA DIVISION,2024-01-01,0.09,0.19
ZIVIRA ASTRA DIVISION,2024-02-01,0.21,0.19
ZIVIRA ASTRA DIVISION,2024-03-01,1.84,0.55
ZIVIRA ASTRA DIVISION,2024-04-01,1.06,0.84
ZIVIRA ASTRA DIVISION,2024-05-01,1.02,1.38
ZIVIRA LABS PVT.LTD,2022-04-01,0.54,0.54
ZIVIRA LABS PVT.LTD,2022-05-01,0.42,0.48
ZIVIRA LABS PVT.LTD,2022-06-01,0.34,0.43
ZIVIRA LABS PVT.LTD,2022-07-01,0.37,0.38
ZIVIRA LABS PVT.LTD,2022-08-01,0.53,0.41
ZIVIRA LABS PVT.LTD,2022-09-01,0.59,0.49
ZIVIRA LABS PVT.LTD,2022-10-01,0.48,0.54
ZIVIRA LABS PVT.LTD,2022-11-01,0.71,0.59
ZIVIRA LABS PVT.LTD,2022-12-01,0.78,0.66
ZIVIRA LABS PVT.LTD,2023-01-01,0.33,0.62
ZIVIRA LABS PVT.LTD,2023-02-01,0.72,0.62
ZIVIRA LABS PVT.LTD,2023-03-01,0.48,0.5
ZIVIRA LABS PVT.LTD,2023-04-01,0.85,0.7
ZIVIRA LABS PVT.LTD,2023-05-01,0.54,0.63
ZIVIRA LABS PVT.LTD,2023-06-01,0.54,0.64
ZIVIRA LABS PVT.LTD,2023-07-01,1.16,0.72
ZIVIRA LABS PVT.LTD,2023-08-01,0.82,0.82
ZIVIRA LABS PVT.LTD,2023-09-01,0.57,0.86
ZIVIRA LABS PVT.LTD,2023-10-01,0.56,0.65
ZIVIRA LABS PVT.LTD,2023-11-01,0.78,0.62
ZIVIRA LABS PVT.LTD,2023-12-01,0.61,0.64
ZIVIRA LABS PVT.LTD,2024-01-01,0.84,0.74
ZIVIRA LABS PVT.LTD,2024-02-01,0.87,0.76
ZIVIRA LABS PVT.LTD,2024-03-01,1.14,0.92
ZIVIRA LABS PVT.LTD,2024-04-01,1.36,1.11
ZIVIRA LABS PVT.LTD,2024-05-01,1.1,1.2
