company_name,inventory_month,month,opening_value,receipt_value,issue_value,closing_value
ZIVIRA LABS PVT.LTD,2022-04-01,April,201779.83,131443.5,118750.06,240702.52
HIS EYENESS OPTHALMICS,2022-04-01,April,224931.5,117018.2,121287.86,240429.09
SUNWAYS PHARMACEUTICALS,2022-04-01,April,57217.5,190734.95,138405.87,130710.63
SENSES PHARMACEUTICALS LTD,2022-04-01,April,59534.61,37726.96,42082.34,59645.22
CARE GROUP,2022-04-01,April,34451.54,33042.96,11830.18,57642.24
ZIVIRA ASTRA DIVISION,2022-04-01,April,39282.25,33804.0,29009.97,56531.52
ENTOD PHARMACEUTICALS LTD,2022-04-01,April,53413.09,54155.62,66646.63,46323.06
SUNWAYS PHARMACEUTICALS(OR,2022-04-01,April,23331.9,56258.92,41307.57,44252.0
TAS MED(INDIA)PVT.LTD(VALL,2022-04-01,April,28165.19,45095.44,35981.08,42541.41
ENTOD PHARMA-G TECH,2022-04-01,April,17383.66,65756.0,48784.41,41152.92
APPASAMY OCULAR DEVICES P,2022-04-01,April,24946.83,50901.65,43977.24,40148.21
HICARE PHARMA,2022-04-01,April,24376.48,16603.6,2182.46,38688.58
TASMED (INDIA) PVT LTD(PAS,2022-04-01,April,25758.01,40996.92,38376.56,31569.27
ENTOD PHAMA(ENSIGHT),2022-04-01,April,25119.02,33753.55,30653.12,30632.01
SHERINGS,2022-04-01,April,13035.17,23247.7,15945.89,19843.88
ALLERGAN INDIA PVT LTD,2022-04-01,April,18130.37,5229.66,7802.63,15788.37
SUNWAYS PHARMACEUTICALS(RE,2022-04-01,April,16538.41,9202.93,12835.41,14979.77
PRIDE&PRIME PHARMACEUTICAL,2022-04-01,April,14759.21,8869.5,13357.0,13344.96
ENTOD GLOTEK DIVISION,2022-04-01,April,5877.03,15800.83,11717.95,12382.81
AUROLAB,2022-04-01,April,14727.56,2823.0,6190.37,11973.81
OCUZEN HEALTH CARE,2022-04-01,April,16751.08,0.0,9535.2,7514.18
FSD CARE PHRAMA PVT LTD,2022-04-01,April,6208.2,0.0,0.0,6208.2
SUBHAM PHARMACEUTICALS,2022-04-01,April,6060.76,0.0,0.0,6060.76
APPLE PHARMACEUTICALS,2022-04-01,April,2951.28,13356.09,12152.0,5358.96
AJANTA PHARMA LTD,2022-04-01,April,0.0,6530.23,1868.96,4737.56
TASMED(INDIA) PVT.LTD(ASPI,2022-04-01,April,1493.94,1195.65,0.0,2689.59
CIPLA,2022-04-01,April,2369.66,0.0,0.0,2369.66
EXELTIS,2022-04-01,April,0.0,7885.19,7680.0,1577.04
MADHU INSTRUMENTS PVT. LTD,2022-04-01,April,1380.0,0.0,0.0,1380.0
SURGICARE,2022-04-01,April,1320.0,1775.0,1987.5,1320.0
MEDIKLIN HEALTHCARE LTD,2022-04-01,April,942.5,800.0,500.0,1232.5
HIMEDIA LABORATORIES PVT L,2022-04-01,April,1168.75,0.0,0.0,1168.75
RAMAN&WEIL PVT LTD,2022-04-01,April,1528.0,0.0,635.0,1020.0
LENORA GLOVE PVT.LTD,2022-04-01,April,662.5,0.0,0.0,662.5
SHERWYN PHARMACEUTICALS PV,2022-04-01,April,515.9,0.0,0.0,515.9
VKEY,2022-04-01,April,630.0,0.0,290.0,420.0
DISPOVAN,2022-04-01,April,0.0,1767.5,1565.0,350.0
SUTURES INDIA,2022-04-01,April,270.0,0.0,0.0,270.0
DYNAMIC TECHNO MEDICALS PV,2022-04-01,April,175.0,0.0,0.0,175.0
OTHERS,2022-04-01,April,0.0,175.0,0.0,175.0
SHERWYN PHARMA(GENORA),2022-04-01,April,38.58,0.0,0.0,38.58
SANGAM HEALTHCARE (SAFTI-N,2022-04-01,April,38.25,0.0,0.0,38.25
BORN HEALTHCARE PVT LTD,2022-04-01,April,23.5,207.5,230.5,23.5
ALKEM HEALTH SCIENCES,2022-04-01,April,0.0,637.5,687.5,0.0
GLASS VAN,2022-04-01,April,0.0,235.0,270.0,0.0
SEARLE,2022-04-01,April,0.0,57.5,65.0,0.0
CLARIS OSTUKA,2022-04-01,April,0.0,345.0,369.0,0.0
JOHNSON & JOHNSON,2022-04-01,April,0.0,4877.45,5650.72,0.0
G.T.RAJ TEX,2022-04-01,April,0.0,188.0,198.0,0.0
HINDUSTAN SYRINGS & MEDICA,2022-04-01,April,0.0,47.0,54.0,0.0
NEON LABORATORIES LTD,2022-04-01,April,0.0,6348.5,7097.5,0.0
RAMSONS,2022-04-01,April,0.0,430.0,500.0,0.0
3M,2022-04-01,April,0.0,528.0,600.0,0.0
THE RAMARAJU COTTON MILLS,2022-04-01,April,0.0,876.0,944.0,0.0
JMS CO LTD,2022-04-01,April,0.0,4610.0,4965.0,0.0
ALKEM LABORATORIES LTD,2022-04-01,April,0.0,157.5,175.0,0.0
ZIVIRA LABS PVT.LTD,2022-05-01,May,240702.76,92865.64,108899.56,272758.86
HIS EYENESS OPTHALMICS,2022-05-01,May,240429.5,53989.15,93571.91,209721.57
SUNWAYS PHARMACEUTICALS,2022-05-01,May,130710.82,149674.23,155216.01,138360.33
ZIVIRA ASTRA DIVISION,2022-05-01,May,56531.54,70538.66,31030.24,113964.08
SENSES PHARMACEUTICALS LTD,2022-05-01,May,59645.31,33580.23,30789.11,65401.68
ENTOD PHAMA(ENSIGHT),2022-05-01,May,30632.01,72447.53,57624.1,56054.95
APPASAMY OCULAR DEVICES P,2022-05-01,May,40148.21,51789.7,42930.14,55482.79
CARE GROUP,2022-05-01,May,57642.24,9369.0,16136.12,53309.29
TAS MED(INDIA)PVT.LTD(VALL,2022-05-01,May,42541.42,40016.46,37147.04,48678.72
SUNWAYS PHARMACEUTICALS(OR,2022-05-01,May,44252.0,36874.67,35722.91,47522.15
TASMED (INDIA) PVT LTD(PAS,2022-05-01,May,31569.32,53414.85,41716.54,46980.41
ENTOD PHARMA-G TECH,2022-05-01,May,41152.94,41421.48,44756.55,42574.48
HICARE PHARMA,2022-05-01,May,38688.58,3692.0,3719.19,37491.19
ENTOD PHARMACEUTICALS LTD,2022-05-01,May,46323.06,38758.09,60309.14,32069.23
SHERINGS,2022-05-01,May,19843.88,0.0,3320.02,17452.28
PRIDE&PRIME PHARMACEUTICAL,2022-05-01,May,13344.96,0.0,0.0,13344.96
ALLERGAN INDIA PVT LTD,2022-05-01,May,15788.37,0.0,2726.11,12996.4
SUNWAYS PHARMACEUTICALS(RE,2022-05-01,May,14979.77,4049.84,6714.34,12708.65
ENTOD GLOTEK DIVISION,2022-05-01,May,12382.81,13214.8,15672.1,12478.04
AUROLAB,2022-05-01,May,11973.81,4558.2,6493.68,11376.32
OCUZEN HEALTH CARE,2022-05-01,May,7514.18,6391.0,4719.11,9571.38
AJANTA PHARMA LTD,2022-05-01,May,4737.56,10350.66,6756.34,8607.66
FSD CARE PHRAMA PVT LTD,2022-05-01,May,6208.2,0.0,0.0,6208.2
SUBHAM PHARMACEUTICALS,2022-05-01,May,6060.76,0.0,0.0,6060.76
TASMED(INDIA) PVT.LTD(ASPI,2022-05-01,May,2689.59,10831.07,8839.7,5794.78
APPLE PHARMACEUTICALS,2022-05-01,May,5358.96,0.0,0.0,5358.96
CIPLA,2022-05-01,May,2369.66,0.0,0.0,2369.66
SURGICARE,2022-05-01,May,1320.0,1296.25,1425.0,1320.0
HIMEDIA LABORATORIES PVT L,2022-05-01,May,1168.75,0.0,0.0,1168.75
MEDIKLIN HEALTHCARE LTD,2022-05-01,May,1232.5,400.0,720.0,1087.5
RAMAN&WEIL PVT LTD,2022-05-01,May,1020.0,1500.0,2070.0,720.0
LENORA GLOVE PVT.LTD,2022-05-01,May,662.5,0.0,0.0,662.5
SHERWYN PHARMACEUTICALS PV,2022-05-01,May,515.9,0.0,0.0,515.9
VKEY,2022-05-01,May,420.0,0.0,0.0,420.0
SUTURES INDIA,2022-05-01,May,270.0,0.0,0.0,270.0
DISPOVAN,2022-05-01,May,350.0,991.0,1195.0,246.0
MADHU INSTRUMENTS PVT. LTD,2022-05-01,May,1380.0,0.0,1100.0,230.0
DYNAMIC TECHNO MEDICALS PV,2022-05-01,May,175.0,0.0,0.0,175.0
OTHERS,2022-05-01,May,175.0,0.0,0.0,175.0
THE RAMARAJU COTTON MILLS,2022-05-01,May,0.0,810.0,720.0,162.0
SHERWYN PHARMA(GENORA),2022-05-01,May,38.58,0.0,0.0,38.58
SANGAM HEALTHCARE (SAFTI-N,2022-05-01,May,38.25,0.0,0.0,38.25
BORN HEALTHCARE PVT LTD,2022-05-01,May,23.5,0.0,0.0,23.5
JMS CO LTD,2022-05-01,May,0.0,2310.0,2485.0,0.0
TEKAY PRODUCTS,2022-05-01,May,0.0,200.0,250.0,0.0
RAMSONS,2022-05-01,May,0.0,269.5,300.0,0.0
KALPAS INDUSTRIES,2022-05-01,May,0.0,460.0,550.0,0.0
CLARIS OSTUKA,2022-05-01,May,0.0,845.0,901.5,0.0
G.T.RAJ TEX,2022-05-01,May,0.0,376.0,396.0,0.0
3M,2022-05-01,May,0.0,1056.0,1200.0,0.0
DIAMOND MEDI CARE,2022-05-01,May,0.0,2220.0,2710.0,0.0
EXELTIS,2022-05-01,May,1577.04,10245.25,14999.04,0.0
ALKEM HEALTH SCIENCES,2022-05-01,May,0.0,306.0,330.0,0.0
ZIVIRA LABS PVT.LTD,2022-06-01,June,272759.04,82020.41,89602.83,261644.03
SUNWAYS PHARMACEUTICALS,2022-06-01,June,138360.62,156063.99,82725.23,222888.28
HIS EYENESS OPTHALMICS,2022-06-01,June,209721.9,47678.92,106849.73,156556.83
ZIVIRA ASTRA DIVISION,2022-06-01,June,113964.11,65459.29,46665.1,128855.14
SENSES PHARMACEUTICALS LTD,2022-06-01,June,65401.77,45218.14,53120.53,61280.17
TASMED (INDIA) PVT LTD(PAS,2022-06-01,June,46980.6,54194.22,46288.87,60613.91
ENTOD PHAMA(ENSIGHT),2022-06-01,June,56054.95,82505.64,94481.44,57101.2
APPASAMY OCULAR DEVICES P,2022-06-01,June,55482.79,48701.4,62891.71,50891.52
ENTOD PHARMA-G TECH,2022-06-01,June,42574.48,52696.53,50664.95,50538.1
SUNWAYS PHARMACEUTICALS(OR,2022-06-01,June,47522.22,47753.23,51412.26,49329.72
CARE GROUP,2022-06-01,June,53309.29,-2588.52,5069.96,45322.91
TAS MED(INDIA)PVT.LTD(VALL,2022-06-01,June,48678.72,22234.43,29911.82,42908.09
ENTOD PHARMACEUTICALS LTD,2022-06-01,June,32069.23,50637.3,53469.98,37629.47
HICARE PHARMA,2022-06-01,June,37491.19,3859.8,4283.97,35253.49
ENTOD GLOTEK DIVISION,2022-06-01,June,12478.04,39602.64,31580.62,24501.8
ALLERGAN INDIA PVT LTD,2022-06-01,June,12996.4,18627.48,14158.43,18660.75
SHERINGS,2022-06-01,June,17452.28,2693.7,4040.81,17662.18
AJANTA PHARMA LTD,2022-06-01,June,8607.66,12521.49,5570.23,15786.27
EXELTIS,2022-06-01,June,0.0,23655.57,9600.0,15770.3
AUROLAB,2022-06-01,June,11376.32,3669.3,389.1,14883.79
PRIDE&PRIME PHARMACEUTICAL,2022-06-01,June,13344.96,0.0,0.0,13344.96
SUNWAYS PHARMACEUTICALS(RE,2022-06-01,June,12708.65,19809.8,22969.56,12387.06
OCUZEN HEALTH CARE,2022-06-01,June,9571.38,8421.6,10565.51,8405.63
FSD CARE PHRAMA PVT LTD,2022-06-01,June,6208.2,0.0,0.0,6208.2
SUBHAM PHARMACEUTICALS,2022-06-01,June,6060.76,0.0,0.0,6060.76
TASMED(INDIA) PVT.LTD(ASPI,2022-06-01,June,5794.78,2987.88,2957.64,5794.78
APPLE PHARMACEUTICALS,2022-06-01,June,5358.96,9463.41,11868.2,4066.02
CLARIS OSTUKA,2022-06-01,June,0.0,565.0,550.6,3210.0
CIPLA,2022-06-01,June,2369.66,0.0,0.0,2369.66
DIAMOND MEDI CARE,2022-06-01,June,0.0,5300.0,4380.0,1720.0
SURGICARE,2022-06-01,June,1320.0,433.75,462.5,1320.0
HIMEDIA LABORATORIES PVT L,2022-06-01,June,1168.75,0.0,0.0,1168.75
LENORA GLOVE PVT.LTD,2022-06-01,June,662.5,0.0,0.0,662.5
SHERWYN PHARMACEUTICALS PV,2022-06-01,June,515.9,0.0,0.0,515.9
NEON LABORATORIES LTD,2022-06-01,June,0.0,1547.0,1320.0,425.0
VKEY,2022-06-01,June,420.0,0.0,0.0,420.0
RAMAN&WEIL PVT LTD,2022-06-01,June,720.0,910.0,1370.0,420.0
DISPOVAN,2022-06-01,June,246.0,3178.5,3293.0,410.0
MEDIKLIN HEALTHCARE LTD,2022-06-01,June,1087.5,625.0,1735.0,362.5
SANGAM HEALTHCARE (SAFTI-N,2022-06-01,June,38.25,637.5,386.4,318.75
MADHU INSTRUMENTS PVT. LTD,2022-06-01,June,230.0,1150.0,1100.0,230.0
OTHERS,2022-06-01,June,175.0,0.0,0.0,175.0
DYNAMIC TECHNO MEDICALS PV,2022-06-01,June,175.0,0.0,0.0,175.0
COASTAL HEALTH CARE,2022-06-01,June,0.0,44.0,0.0,44.0
SHERWYN PHARMA(GENORA),2022-06-01,June,38.58,0.0,0.0,38.58
BORN HEALTHCARE PVT LTD,2022-06-01,June,23.5,337.5,360.0,23.5
RAMSONS,2022-06-01,June,0.0,755.0,975.0,0.0
SUTURES INDIA,2022-06-01,June,270.0,0.0,300.0,0.0
ALKEM LABORATORIES LTD,2022-06-01,June,0.0,100.0,110.0,0.0
THE RAMARAJU COTTON MILLS,2022-06-01,June,162.0,324.0,535.0,0.0
GLASS VAN,2022-06-01,June,0.0,23.5,25.0,0.0
JOHNSON & JOHNSON,2022-06-01,June,0.0,812.7,927.92,0.0
CADILA,2022-06-01,June,0.0,63.5,67.5,0.0
ZIVIRA LABS PVT.LTD,2022-07-01,July,261644.29,104738.4,94860.91,250008.19
SUNWAYS PHARMACEUTICALS,2022-07-01,July,222888.42,183185.39,201927.94,249321.07
HIS EYENESS OPTHALMICS,2022-07-01,July,156557.06,101752.7,107500.66,169671.88
ZIVIRA ASTRA DIVISION,2022-07-01,July,128855.29,29416.3,37219.38,112252.3
ENTOD PHAMA(ENSIGHT),2022-07-01,July,57101.2,108630.05,92236.16,85517.65
ENTOD PHARMA-G TECH,2022-07-01,July,50538.1,65035.97,64095.23,59134.44
SENSES PHARMACEUTICALS LTD,2022-07-01,July,61280.26,20610.0,26016.88,58853.72
APPASAMY OCULAR DEVICES P,2022-07-01,July,50891.52,41500.3,45260.98,53955.53
SUNWAYS PHARMACEUTICALS(OR,2022-07-01,July,49329.8,17718.61,28250.35,41083.8
ENTOD PHARMACEUTICALS LTD,2022-07-01,July,37629.47,40950.7,46411.98,38589.86
HICARE PHARMA,2022-07-01,July,35253.49,9036.0,6559.34,35879.37
TASMED (INDIA) PVT LTD(PAS,2022-07-01,July,60613.94,20789.6,50222.29,34442.25
TAS MED(INDIA)PVT.LTD(VALL,2022-07-01,July,42908.09,809.47,13172.18,31356.01
CARE GROUP,2022-07-01,July,45322.91,0.0,21810.93,25727.66
ENTOD GLOTEK DIVISION,2022-07-01,July,24501.8,33540.85,42060.5,23956.68
SUNWAYS PHARMACEUTICALS(RE,2022-07-01,July,12387.06,19561.25,12067.84,22497.72
SHERINGS,2022-07-01,July,17662.18,7232.0,11137.87,15816.54
ALLERGAN INDIA PVT LTD,2022-07-01,July,18660.75,5289.75,9373.73,14902.71
PRIDE&PRIME PHARMACEUTICAL,2022-07-01,July,13344.96,0.0,0.0,13344.96
AUROLAB,2022-07-01,July,14883.79,0.0,3202.32,11926.99
APPLE PHARMACEUTICALS,2022-07-01,July,4066.02,5098.5,0.0,9511.02
AJANTA PHARMA LTD,2022-07-01,July,15786.27,0.0,6762.38,9299.91
OCUZEN HEALTH CARE,2022-07-01,July,8405.63,9908.0,12163.87,7954.4
EXELTIS,2022-07-01,July,15770.38,0.0,10066.2,7885.19
TASMED(INDIA) PVT.LTD(ASPI,2022-07-01,July,5794.78,7193.71,6032.39,7614.71
FSD CARE PHRAMA PVT LTD,2022-07-01,July,6208.2,0.0,0.0,6208.2
SUBHAM PHARMACEUTICALS,2022-07-01,July,6060.76,0.0,0.0,6060.76
RAMAN&WEIL PVT LTD,2022-07-01,July,420.0,2780.0,530.0,2544.0
CIPLA,2022-07-01,July,2369.66,0.0,0.0,2369.66
SURGICARE,2022-07-01,July,1320.0,1725.0,1825.0,1320.0
OTHERS,2022-07-01,July,175.0,1005.0,0.0,1210.0
HIMEDIA LABORATORIES PVT L,2022-07-01,July,1168.75,0.0,0.0,1168.75
DIAMOND MEDI CARE,2022-07-01,July,1720.0,2280.0,3540.0,1160.0
LENORA GLOVE PVT.LTD,2022-07-01,July,662.5,0.0,0.0,662.5
SHERWYN PHARMACEUTICALS PV,2022-07-01,July,515.9,0.0,0.0,515.9
MEDIKLIN HEALTHCARE LTD,2022-07-01,July,362.5,600.0,540.0,507.5
NEON LABORATORIES LTD,2022-07-01,July,425.0,883.5,977.5,425.0
VKEY,2022-07-01,July,420.0,0.0,0.0,420.0
MEDIPRIDE,2022-07-01,July,0.0,258.0,0.0,258.0
DISPOVAN,2022-07-01,July,410.0,2438.5,2862.5,235.0
DYNAMIC TECHNO MEDICALS PV,2022-07-01,July,175.0,0.0,0.0,175.0
SANGAM HEALTHCARE (SAFTI-N,2022-07-01,July,318.75,63.75,277.5,127.5
CLARIS OSTUKA,2022-07-01,July,3210.0,2430.4,2516.4,107.0
COASTAL HEALTH CARE,2022-07-01,July,44.0,0.0,0.0,44.0
SHERWYN PHARMA(GENORA),2022-07-01,July,38.58,0.0,0.0,38.58
BORN HEALTHCARE PVT LTD,2022-07-01,July,23.5,67.5,72.0,23.5
CADILA,2022-07-01,July,0.0,63.5,67.5,0.0
BARODA SURGICAL BIOMEDS,2022-07-01,July,0.0,550.0,625.0,0.0
THE RAMARAJU COTTON MILLS,2022-07-01,July,0.0,486.0,525.0,0.0
REGAL LABORATORIES,2022-07-01,July,0.0,540.0,580.0,0.0
MADHU INSTRUMENTS PVT. LTD,2022-07-01,July,230.0,1150.0,1555.0,0.0
JMS CO LTD,2022-07-01,July,0.0,3630.0,3905.0,0.0
AMERICAN PHARMA REMEDIES L,2022-07-01,July,0.0,200.0,212.5,0.0
GLASS VAN,2022-07-01,July,0.0,235.0,250.0,0.0
ZIVIRA LABS PVT.LTD,2022-08-01,August,250008.58,127689.32,138546.17,276011.4
SUNWAYS PHARMACEUTICALS,2022-08-01,August,249321.39,180579.21,264497.83,207544.06
HIS EYENESS OPTHALMICS,2022-08-01,August,169672.16,118215.8,114605.62,188597.68
ZIVIRA ASTRA DIVISION,2022-08-01,August,112252.45,9678.06,14785.15,126828.43
ENTOD PHAMA(ENSIGHT),2022-08-01,August,85517.67,90264.8,118707.42,74448.01
SUNWAYS PHARMACEUTICALS(OR,2022-08-01,August,41083.84,26234.3,25134.96,45161.17
SENSES PHARMACEUTICALS LTD,2022-08-01,August,58853.72,21946.36,40556.39,44176.14
ENTOD PHARMACEUTICALS LTD,2022-08-01,August,38589.86,45543.25,45059.82,43605.38
HICARE PHARMA,2022-08-01,August,35879.37,9913.8,9474.76,41439.99
ENTOD PHARMA-G TECH,2022-08-01,August,59134.44,18993.86,40525.86,40353.9
SUNWAYS PHARMACEUTICALS(RE,2022-08-01,August,22497.72,36413.62,31556.38,31210.83
TAS MED(INDIA)PVT.LTD(VALL,2022-08-01,August,31356.01,741.77,3059.94,29311.36
TASMED (INDIA) PVT LTD(PAS,2022-08-01,August,34442.34,37976.06,47961.11,29171.49
APPASAMY OCULAR DEVICES P,2022-08-01,August,53955.53,22882.2,56917.88,28673.84
CARE GROUP,2022-08-01,August,25727.66,0.0,88.2,25658.71
ALLERGAN INDIA PVT LTD,2022-08-01,August,14902.71,6620.58,5980.19,15801.95
SHERINGS,2022-08-01,August,15816.54,3710.1,4425.19,15589.54
ENTOD GLOTEK DIVISION,2022-08-01,August,23956.68,21589.5,36109.03,14174.05
AUROLAB,2022-08-01,August,11926.99,5250.0,5540.32,12601.99
PRIDE&PRIME PHARMACEUTICAL,2022-08-01,August,13344.96,3053.5,9250.4,10709.31
AJANTA PHARMA LTD,2022-08-01,August,9299.91,0.0,0.0,9299.91
TASMED(INDIA) PVT.LTD(ASPI,2022-08-01,August,7614.71,8428.56,8900.07,7614.71
FSD CARE PHRAMA PVT LTD,2022-08-01,August,6208.2,0.0,0.0,6208.2
SUBHAM PHARMACEUTICALS,2022-08-01,August,6060.76,0.0,0.0,6060.76
OCUZEN HEALTH CARE,2022-08-01,August,7954.4,5207.2,8560.67,5568.0
APPLE PHARMACEUTICALS,2022-08-01,August,9511.02,0.0,5537.0,4066.02
DIAMOND MEDI CARE,2022-08-01,August,1160.0,5320.0,3590.0,3600.0
RAMAN&WEIL PVT LTD,2022-08-01,August,2544.0,0.0,0.0,2544.0
CIPLA,2022-08-01,August,2369.66,0.0,0.0,2369.66
SURGICARE,2022-08-01,August,1320.0,0.0,0.0,1320.0
OTHERS,2022-08-01,August,1210.0,0.0,0.0,1210.0
HIMEDIA LABORATORIES PVT L,2022-08-01,August,1168.75,0.0,0.0,1168.75
MADHU INSTRUMENTS PVT. LTD,2022-08-01,August,0.0,2300.0,1300.0,1150.0
NEON LABORATORIES LTD,2022-08-01,August,425.0,773.5,426.25,850.0
MEDIKLIN HEALTHCARE LTD,2022-08-01,August,507.5,1075.0,945.0,797.5
LENORA GLOVE PVT.LTD,2022-08-01,August,662.5,0.0,0.0,662.5
SHERWYN PHARMACEUTICALS PV,2022-08-01,August,515.9,0.0,0.0,515.9
VKEY,2022-08-01,August,420.0,0.0,0.0,420.0
DISPOVAN,2022-08-01,August,235.0,3279.0,3335.0,410.0
DYNAMIC TECHNO MEDICALS PV,2022-08-01,August,175.0,0.0,0.0,175.0
EXELTIS,2022-08-01,August,7885.19,7885.19,19040.0,131.42
SANGAM HEALTHCARE (SAFTI-N,2022-08-01,August,127.5,0.0,0.0,127.5
RAMSONS,2022-08-01,August,0.0,520.0,475.0,112.5
CLARIS OSTUKA,2022-08-01,August,107.0,1939.6,2048.0,107.0
COASTAL HEALTH CARE,2022-08-01,August,44.0,0.0,0.0,44.0
SHERWYN PHARMA(GENORA),2022-08-01,August,38.58,0.0,0.0,38.58
BORN HEALTHCARE PVT LTD,2022-08-01,August,23.5,350.0,500.0,23.5
JMS CO LTD,2022-08-01,August,0.0,3325.0,3550.0,0.0
MEDIPRIDE,2022-08-01,August,258.0,0.0,275.0,0.0
PIONEER,2022-08-01,August,0.0,420.0,480.0,0.0
G.T.RAJ TEX,2022-08-01,August,0.0,188.0,198.0,0.0
THE RAMARAJU COTTON MILLS,2022-08-01,August,0.0,486.0,535.0,0.0
ETHICON,2022-08-01,August,0.0,570.35,680.0,0.0
GERMAN REMEDIES,2022-08-01,August,0.0,120.0,130.0,0.0
ALKEM LABORATORIES LTD,2022-08-01,August,0.0,188.0,206.0,0.0
MURALI TRADERS,2022-08-01,August,0.0,30.0,35.0,0.0
BARODA SURGICAL BIOMEDS,2022-08-01,August,0.0,498.0,567.0,0.0
CADILA,2022-08-01,August,0.0,315.0,337.5,0.0
SUNWAYS PHARMACEUTICALS,2022-09-01,September,207544.28,249960.39,274759.85,223055.99
HIS EYENESS OPTHALMICS,2022-09-01,September,188597.93,147297.3,165922.74,193194.83
ZIVIRA LABS PVT.LTD,2022-09-01,September,276011.82,0.0,121377.22,134688.85
ZIVIRA ASTRA DIVISION,2022-09-01,September,126828.62,0.0,27147.61,90395.76
ENTOD PHAMA(ENSIGHT),2022-09-01,September,74448.01,82650.25,108936.83,62061.92
SUNWAYS PHARMACEUTICALS(OR,2022-09-01,September,45161.17,43950.82,36376.9,58744.92
ENTOD PHARMA-G TECH,2022-09-01,September,40353.9,60384.8,58119.14,50817.13
HICARE PHARMA,2022-09-01,September,41439.99,13647.7,12355.01,42230.09
SUNWAYS PHARMACEUTICALS(RE,2022-09-01,September,31210.83,31413.05,25229.07,40184.34
SENSES PHARMACEUTICALS LTD,2022-09-01,September,44176.14,38100.95,52248.77,35856.37
ENTOD PHARMACEUTICALS LTD,2022-09-01,September,43605.38,31491.32,47661.92,34042.2
APPASAMY OCULAR DEVICES P,2022-09-01,September,28673.84,89525.25,113558.9,29130.08
TAS MED(INDIA)PVT.LTD(VALL,2022-09-01,September,29311.36,0.0,4758.96,25001.46
ENTOD GLOTEK DIVISION,2022-09-01,September,14174.05,45991.24,45119.31,22436.99
AUROLAB,2022-09-01,September,12601.99,16771.19,10206.48,21194.24
CARE GROUP,2022-09-01,September,25658.71,-3666.24,3919.0,17211.06
TASMED (INDIA) PVT LTD(PAS,2022-09-01,September,29171.49,21927.61,37142.77,16923.93
SHERINGS,2022-09-01,September,15589.54,3182.5,6692.17,13553.39
ALLERGAN INDIA PVT LTD,2022-09-01,September,15801.95,6425.47,8927.53,13535.87
PRIDE&PRIME PHARMACEUTICAL,2022-09-01,September,10709.31,0.0,0.0,10709.31
AJANTA PHARMA LTD,2022-09-01,September,9299.91,0.0,3157.99,6270.82
FSD CARE PHRAMA PVT LTD,2022-09-01,September,6208.2,0.0,0.0,6208.2
SUBHAM PHARMACEUTICALS,2022-09-01,September,6060.76,0.0,0.0,6060.76
OCUZEN HEALTH CARE,2022-09-01,September,5568.0,0.0,0.0,5568.0
APPLE PHARMACEUTICALS,2022-09-01,September,4066.02,0.0,0.0,4066.02
TASMED(INDIA) PVT.LTD(ASPI,2022-09-01,September,7614.71,2987.88,8111.46,2987.88
CIPLA,2022-09-01,September,2369.66,0.0,0.0,2369.66
SURGICARE,2022-09-01,September,1320.0,1747.5,962.5,2190.0
OTHERS,2022-09-01,September,1210.0,0.0,0.0,1210.0
HIMEDIA LABORATORIES PVT L,2022-09-01,September,1168.75,0.0,0.0,1168.75
RAMAN&WEIL PVT LTD,2022-09-01,September,2544.0,0.0,1900.0,1020.0
MEDIKLIN HEALTHCARE LTD,2022-09-01,September,797.5,1895.0,2230.0,942.5
JMS CO LTD,2022-09-01,September,0.0,2680.0,2130.0,708.0
LENORA GLOVE PVT.LTD,2022-09-01,September,662.5,0.0,0.0,662.5
SHERWYN PHARMACEUTICALS PV,2022-09-01,September,515.9,0.0,0.0,515.9
DIAMOND MEDI CARE,2022-09-01,September,3600.0,4120.0,8980.0,500.0
MADHU INSTRUMENTS PVT. LTD,2022-09-01,September,1150.0,0.0,780.0,460.0
VKEY,2022-09-01,September,420.0,0.0,0.0,420.0
DISPOVAN,2022-09-01,September,410.0,3397.0,3697.5,410.0
AMERICAN PHARMA REMEDIES L,2022-09-01,September,0.0,400.0,0.0,400.0
ALKEM LABORATORIES LTD,2022-09-01,September,0.0,466.0,301.0,187.0
DYNAMIC TECHNO MEDICALS PV,2022-09-01,September,175.0,0.0,0.0,175.0
EXELTIS,2022-09-01,September,131.42,0.0,0.0,131.42
SANGAM HEALTHCARE (SAFTI-N,2022-09-01,September,127.5,1275.0,1380.0,127.5
RAMSONS,2022-09-01,September,112.5,255.0,285.0,112.5
CADILA,2022-09-01,September,0.0,63.0,0.0,63.0
SEARLE,2022-09-01,September,0.0,57.5,0.0,57.5
COASTAL HEALTH CARE,2022-09-01,September,44.0,0.0,0.0,44.0
SHERWYN PHARMA(GENORA),2022-09-01,September,38.58,0.0,0.0,38.58
BORN HEALTHCARE PVT LTD,2022-09-01,September,23.5,40.5,50.0,23.5
BARODA SURGICAL BIOMEDS,2022-09-01,September,0.0,56.0,63.0,0.0
ABBOTT HEALTHCARE PVT. LTD,2022-09-01,September,0.0,550.0,609.0,0.0
CLARIS OSTUKA,2022-09-01,September,107.0,1153.8,1325.0,0.0
NEON LABORATORIES LTD,2022-09-01,September,850.0,850.0,1813.5,0.0
PIONEER,2022-09-01,September,0.0,840.0,960.0,0.0
THE RAMARAJU COTTON MILLS,2022-09-01,September,0.0,1296.0,1425.0,0.0
G.T.RAJ TEX,2022-09-01,September,0.0,188.0,198.0,0.0
SUNWAYS PHARMACEUTICALS,2022-10-01,October,223056.2,203228.61,219105.39,247075.49
HIS EYENESS OPTHALMICS,2022-10-01,October,193195.18,143534.1,123486.64,225994.52
ZIVIRA LABS PVT.LTD,2022-10-01,October,134688.97,0.0,49641.19,73564.33
ENTOD PHAMA(ENSIGHT),2022-10-01,October,62061.92,103096.83,110816.53,68757.72
ZIVIRA ASTRA DIVISION,2022-10-01,October,90395.88,0.0,26102.32,57259.66
ENTOD PHARMACEUTICALS LTD,2022-10-01,October,34042.2,56424.43,39783.35,55588.64
SENSES PHARMACEUTICALS LTD,2022-10-01,October,35856.37,47857.79,32247.66,53559.05
HICARE PHARMA,2022-10-01,October,42230.09,24912.9,21743.51,48421.68
APPASAMY OCULAR DEVICES P,2022-10-01,October,29130.08,50824.26,41930.9,44978.55
SUNWAYS PHARMACEUTICALS(RE,2022-10-01,October,40184.34,45269.16,47229.68,43255.39
ENTOD PHARMA-G TECH,2022-10-01,October,50817.22,35527.89,52518.57,38132.9
SUNWAYS PHARMACEUTICALS(OR,2022-10-01,October,58745.0,21818.44,47772.42,35555.56
TAS MED(INDIA)PVT.LTD(VALL,2022-10-01,October,25001.46,6187.73,3150.21,27957.97
TASMED (INDIA) PVT LTD(PAS,2022-10-01,October,16923.93,23225.9,23997.86,18030.22
CARE GROUP,2022-10-01,October,17211.06,2970.0,2850.0,17811.06
ENTOD GLOTEK DIVISION,2022-10-01,October,22436.99,25635.79,35025.92,17320.4
ALLERGAN INDIA PVT LTD,2022-10-01,October,13535.87,8876.84,9767.69,13151.47
SHERINGS,2022-10-01,October,13553.39,22103.0,26235.0,12052.25
PRIDE&PRIME PHARMACEUTICAL,2022-10-01,October,10709.31,0.0,0.0,10709.31
AUROLAB,2022-10-01,October,21194.24,4750.0,19800.0,9862.24
APPLE PHARMACEUTICALS,2022-10-01,October,4066.02,5445.0,0.0,9511.02
AJANTA PHARMA LTD,2022-10-01,October,6270.82,0.0,0.0,6270.82
FSD CARE PHRAMA PVT LTD,2022-10-01,October,6208.2,0.0,0.0,6208.2
SUBHAM PHARMACEUTICALS,2022-10-01,October,6060.76,0.0,0.0,6060.76
OCUZEN HEALTH CARE,2022-10-01,October,5568.0,0.0,0.0,5568.0
TASMED(INDIA) PVT.LTD(ASPI,2022-10-01,October,2987.88,9133.33,9945.43,2987.88
CIPLA,2022-10-01,October,2369.66,0.0,0.0,2369.66
JMS CO LTD,2022-10-01,October,708.0,3420.0,2585.0,1770.0
SURGICARE,2022-10-01,October,2190.0,425.0,993.75,1740.0
OTHERS,2022-10-01,October,1210.0,33.0,0.0,1243.0
HIMEDIA LABORATORIES PVT L,2022-10-01,October,1168.75,0.0,0.0,1168.75
MEDIKLIN HEALTHCARE LTD,2022-10-01,October,942.5,290.0,360.0,942.5
DISPOVAN,2022-10-01,October,410.0,1999.5,1613.0,940.0
RAMAN&WEIL PVT LTD,2022-10-01,October,1020.0,0.0,370.0,720.0
NEON LABORATORIES LTD,2022-10-01,October,0.0,1688.0,1120.0,671.0
LENORA GLOVE PVT.LTD,2022-10-01,October,662.5,0.0,0.0,662.5
SHERWYN PHARMACEUTICALS PV,2022-10-01,October,515.9,0.0,0.0,515.9
DIAMOND MEDI CARE,2022-10-01,October,500.0,160.0,180.0,500.0
MADHU INSTRUMENTS PVT. LTD,2022-10-01,October,460.0,0.0,0.0,460.0
G.T.RAJ TEX,2022-10-01,October,0.0,564.0,198.0,376.0
CLARIS OSTUKA,2022-10-01,October,0.0,2017.3,1894.0,214.0
VKEY,2022-10-01,October,420.0,0.0,300.0,210.0
ALKEM LABORATORIES LTD,2022-10-01,October,187.0,206.0,220.0,206.0
DYNAMIC TECHNO MEDICALS PV,2022-10-01,October,175.0,0.0,0.0,175.0
EXELTIS,2022-10-01,October,131.42,0.0,0.0,131.42
RAMSONS,2022-10-01,October,112.5,575.0,665.0,112.5
CADILA,2022-10-01,October,63.0,126.0,140.0,63.0
SEARLE,2022-10-01,October,57.5,0.0,0.0,57.5
COASTAL HEALTH CARE,2022-10-01,October,44.0,0.0,0.0,44.0
SHERWYN PHARMA(GENORA),2022-10-01,October,38.58,0.0,0.0,38.58
BORN HEALTHCARE PVT LTD,2022-10-01,October,23.5,117.5,125.0,23.5
REGAL LABORATORIES,2022-10-01,October,0.0,590.0,620.0,0.0
THE RAMARAJU COTTON MILLS,2022-10-01,October,0.0,486.0,540.0,0.0
3M,2022-10-01,October,0.0,528.0,600.0,0.0
TEKAY PRODUCTS,2022-10-01,October,0.0,200.0,230.0,0.0
AMERICAN PHARMA REMEDIES L,2022-10-01,October,400.0,0.0,425.0,0.0
SANGAM HEALTHCARE (SAFTI-N,2022-10-01,October,127.5,637.5,840.0,0.0
SUNWAYS PHARMACEUTICALS,2022-11-01,November,247075.75,251832.82,233880.44,310122.82
HIS EYENESS OPTHALMICS,2022-11-01,November,225995.02,217674.2,186520.24,276574.45
ZIVIRA LABS PVT.LTD,2022-11-01,November,73564.39,94752.8,78934.22,149436.26
ENTOD PHAMA(ENSIGHT),2022-11-01,November,68757.72,124978.12,149637.27,69515.55
ENTOD PHARMACEUTICALS LTD,2022-11-01,November,55588.67,61028.71,58182.81,65731.63
ZIVIRA ASTRA DIVISION,2022-11-01,November,57259.79,36442.8,41758.83,56355.34
SUNWAYS PHARMACEUTICALS(RE,2022-11-01,November,43255.45,49326.53,43073.5,54273.21
SENSES PHARMACEUTICALS LTD,2022-11-01,November,53559.05,39942.67,46141.9,52454.32
APPASAMY OCULAR DEVICES P,2022-11-01,November,44978.55,39844.8,49679.96,42522.9
SUNWAYS PHARMACEUTICALS(OR,2022-11-01,November,35555.56,14666.92,22451.65,30392.51
ENTOD PHARMA-G TECH,2022-11-01,November,38132.9,19126.28,30204.56,28956.39
HICARE PHARMA,2022-11-01,November,48421.68,9757.4,31992.7,23222.06
CARE GROUP,2022-11-01,November,17811.06,5327.0,4581.0,19211.06
ENTOD GLOTEK DIVISION,2022-11-01,November,17320.4,40568.03,49120.68,16242.86
SHERINGS,2022-11-01,November,12052.25,6364.0,1244.51,15532.87
PRIDE&PRIME PHARMACEUTICAL,2022-11-01,November,10709.31,0.0,0.0,10709.31
TASMED (INDIA) PVT LTD(PAS,2022-11-01,November,18030.22,14878.91,26894.31,9399.49
ALLERGAN INDIA PVT LTD,2022-11-01,November,13151.47,0.0,7136.91,6388.47
FSD CARE PHRAMA PVT LTD,2022-11-01,November,6208.2,0.0,0.0,6208.2
SUBHAM PHARMACEUTICALS,2022-11-01,November,6060.76,0.0,0.0,6060.76
OCUZEN HEALTH CARE,2022-11-01,November,5568.0,0.0,0.0,5568.0
TAS MED(INDIA)PVT.LTD(VALL,2022-11-01,November,27957.97,-16374.46,6747.26,5134.84
AUROLAB,2022-11-01,November,9862.24,3362.5,9965.92,5020.1
TASMED(INDIA) PVT.LTD(ASPI,2022-11-01,November,2987.88,2987.88,3253.6,2987.88
CIPLA,2022-11-01,November,2369.66,0.0,0.0,2369.66
SURGICARE,2022-11-01,November,1740.0,425.0,481.25,1740.0
OTHERS,2022-11-01,November,1243.0,0.0,39.0,1210.0
HIMEDIA LABORATORIES PVT L,2022-11-01,November,1168.75,0.0,0.0,1168.75
MEDIKLIN HEALTHCARE LTD,2022-11-01,November,942.5,0.0,0.0,942.5
APPLE PHARMACEUTICALS,2022-11-01,November,9511.02,0.0,9439.0,900.0
RAMAN&WEIL PVT LTD,2022-11-01,November,720.0,0.0,0.0,720.0
LENORA GLOVE PVT.LTD,2022-11-01,November,662.5,0.0,0.0,662.5
SHERWYN PHARMACEUTICALS PV,2022-11-01,November,515.9,0.0,0.0,515.9
DIAMOND MEDI CARE,2022-11-01,November,500.0,320.0,350.0,500.0
MADHU INSTRUMENTS PVT. LTD,2022-11-01,November,460.0,0.0,0.0,460.0
DYNAMIC TECHNO MEDICALS PV,2022-11-01,November,175.0,0.0,0.0,175.0
EXELTIS,2022-11-01,November,131.42,15770.38,19200.0,131.42
RAMSONS,2022-11-01,November,112.5,425.0,475.0,112.5
COASTAL HEALTH CARE,2022-11-01,November,44.0,0.0,0.0,44.0
SHERWYN PHARMA(GENORA),2022-11-01,November,38.58,0.0,0.0,38.58
BORN HEALTHCARE PVT LTD,2022-11-01,November,23.5,0.0,0.0,23.5
PIONEER,2022-11-01,November,0.0,400.0,460.0,0.0
ALKEM LABORATORIES LTD,2022-11-01,November,206.0,114.0,348.0,0.0
VKEY,2022-11-01,November,210.0,0.0,300.0,0.0
GLASS VAN,2022-11-01,November,0.0,500.0,540.0,0.0
JMS CO LTD,2022-11-01,November,1770.0,3861.0,5920.0,0.0
CLARIS OSTUKA,2022-11-01,November,214.0,1608.6,1903.0,0.0
SEARLE,2022-11-01,November,57.5,0.0,65.0,0.0
G.T.RAJ TEX,2022-11-01,November,376.0,0.0,396.0,0.0
THE RAMARAJU COTTON MILLS,2022-11-01,November,0.0,162.0,175.0,0.0
CADILA,2022-11-01,November,63.0,126.0,210.0,0.0
DISPOVAN,2022-11-01,November,940.0,2729.5,3937.5,0.0
BARODA SURGICAL BIOMEDS,2022-11-01,November,0.0,56.0,64.0,0.0
NEON LABORATORIES LTD,2022-11-01,November,671.0,615.0,1384.0,0.0
HIS EYENESS OPTHALMICS,2022-12-01,December,276575.05,130650.7,184243.28,245092.65
SUNWAYS PHARMACEUTICALS,2022-12-01,December,310123.31,178140.43,358853.19,192500.84
ZIVIRA LABS PVT.LTD,2022-12-01,December,149436.4,48164.9,97137.44,98660.15
ZIVIRA ASTRA DIVISION,2022-12-01,December,56355.46,91706.04,56043.02,83476.09
ENTOD PHAMA(ENSIGHT),2022-12-01,December,69515.55,96524.55,111240.6,73285.57
ENTOD PHARMACEUTICALS LTD,2022-12-01,December,65731.73,28469.2,43781.55,55829.91
SENSES PHARMACEUTICALS LTD,2022-12-01,December,52454.32,18285.75,23712.7,50035.94
SUNWAYS PHARMACEUTICALS(RE,2022-12-01,December,54273.3,36715.5,46556.96,49268.23
APPASAMY OCULAR DEVICES P,2022-12-01,December,42522.9,59100.5,72540.93,40213.66
SUNWAYS PHARMACEUTICALS(OR,2022-12-01,December,30392.51,46374.02,43927.45,36987.35
ENTOD GLOTEK DIVISION,2022-12-01,December,16242.86,58508.39,51489.79,32005.28
ENTOD PHARMA-G TECH,2022-12-01,December,28956.39,35911.54,37076.34,31964.15
CARE GROUP,2022-12-01,December,19211.06,0.0,360.0,18911.06
HICARE PHARMA,2022-12-01,December,23222.06,13653.8,20042.52,18409.04
PRIDE&PRIME PHARMACEUTICAL,2022-12-01,December,10709.31,0.0,0.0,10709.31
SHERINGS,2022-12-01,December,15532.87,0.0,8002.46,9881.28
FSD CARE PHRAMA PVT LTD,2022-12-01,December,6208.2,0.0,0.0,6208.2
SUBHAM PHARMACEUTICALS,2022-12-01,December,6060.76,0.0,0.0,6060.76
OCUZEN HEALTH CARE,2022-12-01,December,5568.0,0.0,0.0,5568.0
AJANTA PHARMA LTD,2022-12-01,December,5440.99,0.0,250.12,5198.6
TASMED(INDIA) PVT.LTD(ASPI,2022-12-01,December,2987.88,10291.69,9079.11,5197.2
ALLERGAN INDIA PVT LTD,2022-12-01,December,6388.47,0.0,1493.74,4983.2
TASMED (INDIA) PVT LTD(PAS,2022-12-01,December,9399.49,22730.09,30397.48,4933.38
AUROLAB,2022-12-01,December,5020.1,4920.0,6956.96,4120.1
TAS MED(INDIA)PVT.LTD(VALL,2022-12-01,December,5134.84,4820.75,6929.58,3849.06
CIPLA,2022-12-01,December,2369.66,0.0,0.0,2369.66
OTHERS,2022-12-01,December,1210.0,1075.5,114.0,2190.0
SURGICARE,2022-12-01,December,1740.0,1300.0,993.75,2160.0
HIMEDIA LABORATORIES PVT L,2022-12-01,December,1168.75,0.0,0.0,1168.75
MEDIKLIN HEALTHCARE LTD,2022-12-01,December,942.5,580.0,530.0,1087.5
RAMAN&WEIL PVT LTD,2022-12-01,December,720.0,2244.0,2230.0,928.0
APPLE PHARMACEUTICALS,2022-12-01,December,900.0,3232.35,3518.2,900.0
LENORA GLOVE PVT.LTD,2022-12-01,December,662.5,0.0,0.0,662.5
FDC,2022-12-01,December,0.0,1054.68,439.82,632.81
SHERWYN PHARMACEUTICALS PV,2022-12-01,December,515.9,0.0,0.0,515.9
SANGAM HEALTHCARE (SAFTI-N,2022-12-01,December,0.0,637.5,140.0,510.0
DIAMOND MEDI CARE,2022-12-01,December,500.0,0.0,0.0,500.0
MADHU INSTRUMENTS PVT. LTD,2022-12-01,December,460.0,0.0,0.0,460.0
DYNAMIC TECHNO MEDICALS PV,2022-12-01,December,175.0,0.0,0.0,175.0
EXELTIS,2022-12-01,December,131.42,0.0,0.0,131.42
RAMSONS,2022-12-01,December,112.5,150.0,190.0,112.5
DISPOVAN,2022-12-01,December,0.0,3539.0,3867.5,71.0
COASTAL HEALTH CARE,2022-12-01,December,44.0,0.0,0.0,44.0
SHERWYN PHARMA(GENORA),2022-12-01,December,38.58,0.0,0.0,38.58
BORN HEALTHCARE PVT LTD,2022-12-01,December,23.5,352.5,375.0,23.5
THE RAMARAJU COTTON MILLS,2022-12-01,December,0.0,972.0,1070.0,0.0
SPECTRUM BIOCIDES INDIA PV,2022-12-01,December,0.0,385.0,430.0,0.0
ALKEM LABORATORIES LTD,2022-12-01,December,0.0,279.0,308.0,0.0
3M,2022-12-01,December,0.0,282.0,636.0,0.0
CLARIS OSTUKA,2022-12-01,December,0.0,1215.8,1284.0,0.0
CADILA,2022-12-01,December,0.0,63.0,70.0,0.0
JOHNSON & JOHNSON,2022-12-01,December,0.0,1437.36,1620.0,0.0
JMS CO LTD,2022-12-01,December,0.0,702.0,760.0,0.0
NEON LABORATORIES LTD,2022-12-01,December,0.0,1935.0,2111.0,0.0
G.T.RAJ TEX,2022-12-01,December,0.0,188.0,198.0,0.0
ETHICON,2022-12-01,December,0.0,5895.72,7320.0,0.0
HIS EYENESS OPTHALMICS,2023-01-01,January,245093.14,139883.1,161350.76,242623.95
SUNWAYS PHARMACEUTICALS,2023-01-01,January,192501.08,154852.12,168943.02,198997.5
ZIVIRA LABS PVT.LTD,2023-01-01,January,98660.22,30117.3,34774.28,111084.62
ZIVIRA ASTRA DIVISION,2023-01-01,January,83476.26,19083.75,25916.1,85338.29
SUNWAYS PHARMACEUTICALS(OR,2023-01-01,January,36987.35,49014.93,25866.79,65591.31
SUNWAYS PHARMACEUTICALS(RE,2023-01-01,January,49268.23,36920.01,31647.09,57842.38
APPASAMY OCULAR DEVICES P,2023-01-01,January,40213.66,74056.05,71872.16,52682.26
SENSES PHARMACEUTICALS LTD,2023-01-01,January,50035.94,43665.25,45844.44,52568.21
ENTOD PHAMA(ENSIGHT),2023-01-01,January,73285.57,32624.54,70080.51,45419.18
ENTOD PHARMACEUTICALS LTD,2023-01-01,January,55829.94,7173.35,30166.13,35945.82
HICARE PHARMA,2023-01-01,January,18409.04,20637.8,13787.89,27297.71
ENTOD PHARMA-G TECH,2023-01-01,January,31964.15,3599.65,18947.11,24398.92
TASMED (INDIA) PVT LTD(PAS,2023-01-01,January,4933.38,42385.8,30947.63,18928.53
CARE GROUP,2023-01-01,January,18911.06,0.0,355.0,18611.06
SHERINGS,2023-01-01,January,9881.28,9796.55,5316.92,13736.78
PRIDE&PRIME PHARMACEUTICAL,2023-01-01,January,10709.31,13306.0,14964.0,10709.31
AUROLAB,2023-01-01,January,4120.1,9983.25,8326.08,7353.35
ENTOD GLOTEK DIVISION,2023-01-01,January,32005.31,4298.89,34900.88,7055.31
TASMED(INDIA) PVT.LTD(ASPI,2023-01-01,January,5197.2,6265.65,5381.67,6265.67
FSD CARE PHRAMA PVT LTD,2023-01-01,January,6208.2,0.0,0.0,6208.2
SUBHAM PHARMACEUTICALS,2023-01-01,January,6060.76,0.0,0.0,6060.76
OCUZEN HEALTH CARE,2023-01-01,January,5568.0,0.0,0.0,5568.0
AJANTA PHARMA LTD,2023-01-01,January,5198.6,0.0,0.0,5198.6
TAS MED(INDIA)PVT.LTD(VALL,2023-01-01,January,3849.06,2745.33,2867.75,4060.24
ALLERGAN INDIA PVT LTD,2023-01-01,January,4983.2,0.0,1145.8,3899.63
CIPLA,2023-01-01,January,2369.66,0.0,0.0,2369.66
OTHERS,2023-01-01,January,2190.0,125.0,150.0,2190.0
SURGICARE,2023-01-01,January,2160.0,1690.0,2356.25,1700.0
MEDIKLIN HEALTHCARE LTD,2023-01-01,January,1087.5,435.0,355.0,1232.5
HIMEDIA LABORATORIES PVT L,2023-01-01,January,1168.75,0.0,0.0,1168.75
RAMAN&WEIL PVT LTD,2023-01-01,January,928.0,318.0,120.0,1136.0
APPLE PHARMACEUTICALS,2023-01-01,January,900.0,0.0,0.0,900.0
NEON LABORATORIES LTD,2023-01-01,January,0.0,2680.0,1960.0,850.0
JMS CO LTD,2023-01-01,January,0.0,2808.0,2220.0,708.0
LENORA GLOVE PVT.LTD,2023-01-01,January,662.5,0.0,0.0,662.5
DISPOVAN,2023-01-01,January,71.0,2388.5,2031.2,603.5
SHERWYN PHARMACEUTICALS PV,2023-01-01,January,515.9,0.0,0.0,515.9
DIAMOND MEDI CARE,2023-01-01,January,500.0,0.0,0.0,500.0
MADHU INSTRUMENTS PVT. LTD,2023-01-01,January,460.0,0.0,0.0,460.0
SANGAM HEALTHCARE (SAFTI-N,2023-01-01,January,510.0,0.0,270.0,255.0
FDC,2023-01-01,January,632.81,0.0,448.8,210.94
DYNAMIC TECHNO MEDICALS PV,2023-01-01,January,175.0,0.0,0.0,175.0
THE RAMARAJU COTTON MILLS,2023-01-01,January,0.0,1134.0,1060.0,162.0
EXELTIS,2023-01-01,January,131.42,3396.03,3612.8,131.42
CADILA,2023-01-01,January,0.0,189.0,70.0,126.0
RAMSONS,2023-01-01,January,112.5,650.0,725.0,112.5
COASTAL HEALTH CARE,2023-01-01,January,44.0,0.0,0.0,44.0
SHERWYN PHARMA(GENORA),2023-01-01,January,38.58,0.0,0.0,38.58
BORN HEALTHCARE PVT LTD,2023-01-01,January,23.5,202.5,250.0,23.5
AMERICAN PHARMA REMEDIES L,2023-01-01,January,0.0,200.0,212.5,0.0
LUPIN LTD,2023-01-01,January,0.0,92.0,100.0,0.0
G.T.RAJ TEX,2023-01-01,January,0.0,188.0,198.0,0.0
KLARSEHEN,2023-01-01,January,0.0,7262.44,7726.0,0.0
CLARIS OSTUKA,2023-01-01,January,0.0,1582.6,1683.0,0.0
HIS EYENESS OPTHALMICS,2023-02-01,February,242624.33,314026.9,303700.65,288989.73
SUNWAYS PHARMACEUTICALS,2023-02-01,February,198997.63,237612.67,257945.51,225594.15
SENSES PHARMACEUTICALS LTD,2023-02-01,February,52568.21,42616.55,38437.68,61780.1
ZIVIRA LABS PVT.LTD,2023-02-01,February,111084.72,13159.4,60894.93,57094.72
ENTOD PHAMA(ENSIGHT),2023-02-01,February,45419.18,128261.76,142011.57,55393.1
APPASAMY OCULAR DEVICES P,2023-02-01,February,52682.26,52202.5,63585.22,49730.74
SUNWAYS PHARMACEUTICALS(RE,2023-02-01,February,57842.4,73603.41,95788.94,45631.07
ZIVIRA ASTRA DIVISION,2023-02-01,February,85338.46,0.0,39897.91,34894.61
ENTOD PHARMACEUTICALS LTD,2023-02-01,February,35945.82,12958.1,16658.66,34383.02
ENTOD PHARMA-G TECH,2023-02-01,February,24398.92,35870.54,34171.58,29421.92
SUNWAYS PHARMACEUTICALS(OR,2023-02-01,February,65591.38,16675.83,58599.47,29276.85
TASMED (INDIA) PVT LTD(PAS,2023-02-01,February,18928.53,39204.44,40957.55,20989.34
CARE GROUP,2023-02-01,February,18611.06,3000.0,3320.0,18611.06
HICARE PHARMA,2023-02-01,February,27297.71,44008.4,47614.16,17583.98
ENTOD GLOTEK DIVISION,2023-02-01,February,7055.31,39647.01,35426.74,14636.71
SHERINGS,2023-02-01,February,13736.78,0.0,4192.71,11092.75
PRIDE&PRIME PHARMACEUTICAL,2023-02-01,February,10709.31,0.0,0.0,10709.31
AUROLAB,2023-02-01,February,7353.35,4577.7,5189.94,7510.67
FSD CARE PHRAMA PVT LTD,2023-02-01,February,6208.2,0.0,0.0,6208.2
SUBHAM PHARMACEUTICALS,2023-02-01,February,6060.76,0.0,0.0,6060.76
OCUZEN HEALTH CARE,2023-02-01,February,5568.0,0.0,0.0,5568.0
AJANTA PHARMA LTD,2023-02-01,February,5198.6,0.0,0.0,5198.6
ALLERGAN INDIA PVT LTD,2023-02-01,February,3899.63,0.0,1102.22,2860.36
TASMED(INDIA) PVT.LTD(ASPI,2023-02-01,February,6265.67,4481.82,8775.21,2689.09
CIPLA,2023-02-01,February,2369.66,0.0,0.0,2369.66
TAS MED(INDIA)PVT.LTD(VALL,2023-02-01,February,4060.24,0.0,3050.8,1314.91
HIMEDIA LABORATORIES PVT L,2023-02-01,February,1168.75,0.0,0.0,1168.75
OTHERS,2023-02-01,February,2190.0,0.0,1207.0,980.0
APPLE PHARMACEUTICALS,2023-02-01,February,900.0,0.0,0.0,900.0
SURGICARE,2023-02-01,February,1700.0,1260.0,2350.0,860.0
LENORA GLOVE PVT.LTD,2023-02-01,February,662.5,0.0,0.0,662.5
MEDIKLIN HEALTHCARE LTD,2023-02-01,February,1232.5,0.0,780.0,652.5
DISPOVAN,2023-02-01,February,603.5,1322.0,1470.5,563.0
RAMAN&WEIL PVT LTD,2023-02-01,February,1136.0,1340.0,2390.0,530.0
SHERWYN PHARMACEUTICALS PV,2023-02-01,February,515.9,0.0,0.0,515.9
DIAMOND MEDI CARE,2023-02-01,February,500.0,0.0,0.0,500.0
JMS CO LTD,2023-02-01,February,708.0,0.0,370.0,354.0
SANGAM HEALTHCARE (SAFTI-N,2023-02-01,February,255.0,0.0,0.0,255.0
G.T.RAJ TEX,2023-02-01,February,0.0,188.0,0.0,188.0
RAMSONS,2023-02-01,February,112.5,112.5,125.0,112.5
CLARIS OSTUKA,2023-02-01,February,0.0,2124.35,2113.0,107.0
FDC,2023-02-01,February,210.94,0.0,179.52,42.19
SHERWYN PHARMA(GENORA),2023-02-01,February,38.58,0.0,0.0,38.58
BORN HEALTHCARE PVT LTD,2023-02-01,February,23.5,171.5,194.45,23.5
CADILA,2023-02-01,February,126.0,0.0,140.0,0.0
MADHU INSTRUMENTS PVT. LTD,2023-02-01,February,460.0,0.0,430.0,0.0
EXELTIS,2023-02-01,February,131.42,0.0,160.0,0.0
LUPIN LTD,2023-02-01,February,0.0,92.0,100.0,0.0
HINDUSTAN SYRINGS & MEDICA,2023-02-01,February,0.0,252.0,270.0,0.0
THE RAMARAJU COTTON MILLS,2023-02-01,February,162.0,324.0,530.0,0.0
DYNAMIC TECHNO MEDICALS PV,2023-02-01,February,175.0,0.0,180.0,0.0
ALKEM LABORATORIES LTD,2023-02-01,February,0.0,187.0,210.0,0.0
COASTAL HEALTH CARE,2023-02-01,February,44.0,0.0,44.0,0.0
NEON LABORATORIES LTD,2023-02-01,February,850.0,2128.75,3239.75,0.0
HIS EYENESS OPTHALMICS,2023-03-01,March,288990.16,186488.87,203321.54,294760.01
SUNWAYS PHARMACEUTICALS,2023-03-01,March,225594.34,33528.62,111884.2,154496.38
ZIVIRA LABS PVT.LTD,2023-03-01,March,57094.73,10113.36,31203.3,71586.62
SENSES PHARMACEUTICALS LTD,2023-03-01,March,61780.1,31249.82,41442.02,57901.62
ENTOD PHAMA(ENSIGHT),2023-03-01,March,55393.1,80288.06,103466.26,55022.92
ZIVIRA ASTRA DIVISION,2023-03-01,March,34894.66,331.94,9174.11,51087.66
SUNWAYS PHARMACEUTICALS(RE,2023-03-01,March,45631.13,28022.13,29196.02,49091.43
APPASAMY OCULAR DEVICES P,2023-03-01,March,49730.74,47875.1,79130.61,29550.91
SUNWAYS PHARMACEUTICALS(OR,2023-03-01,March,29276.85,17198.61,23418.54,25733.71
ENTOD PHARMACEUTICALS LTD,2023-03-01,March,34383.02,-10981.78,7818.5,18904.48
HICARE PHARMA,2023-03-01,March,17583.98,6318.0,22598.2,10913.79
PRIDE&PRIME PHARMACEUTICAL,2023-03-01,March,10709.31,0.0,0.0,10709.31
ENTOD PHARMA-G TECH,2023-03-01,March,29421.92,-1565.31,20253.61,9245.24
ENTOD GLOTEK DIVISION,2023-03-01,March,14636.71,17288.52,26785.57,9140.66
SHERINGS,2023-03-01,March,11092.75,10739.7,18474.48,8293.5
TASMED (INDIA) PVT LTD(PAS,2023-03-01,March,20989.34,15621.02,43930.89,6741.58
FSD CARE PHRAMA PVT LTD,2023-03-01,March,6208.2,0.0,0.0,6208.2
AUROLAB,2023-03-01,March,7510.67,3181.7,5757.78,6199.98
SUBHAM PHARMACEUTICALS,2023-03-01,March,6060.76,0.0,0.0,6060.76
CARE GROUP,2023-03-01,March,18611.06,-8047.13,6423.0,5758.0
AJANTA PHARMA LTD,2023-03-01,March,5198.6,0.0,0.0,5198.6
APPLE PHARMACEUTICALS,2023-03-01,March,900.0,8677.35,5668.32,4370.94
ALLERGAN INDIA PVT LTD,2023-03-01,March,2860.36,0.0,0.0,2860.36
CIPLA,2023-03-01,March,2369.66,0.0,0.0,2369.66
TASMED(INDIA) PVT.LTD(ASPI,2023-03-01,March,2689.09,4838.61,6895.67,1195.15
HIMEDIA LABORATORIES PVT L,2023-03-01,March,1168.75,0.0,0.0,1168.75
MEDIKLIN HEALTHCARE LTD,2023-03-01,March,652.5,1030.0,740.0,1087.5
OTHERS,2023-03-01,March,980.0,0.0,0.0,980.0
SURGICARE,2023-03-01,March,860.0,2565.0,2900.0,860.0
LENORA GLOVE PVT.LTD,2023-03-01,March,662.5,0.0,0.0,662.5
SHERWYN PHARMACEUTICALS PV,2023-03-01,March,515.9,0.0,0.0,515.9
DIAMOND MEDI CARE,2023-03-01,March,500.0,0.0,0.0,500.0
RAMAN&WEIL PVT LTD,2023-03-01,March,530.0,1640.0,2160.0,420.0
G.T.RAJ TEX,2023-03-01,March,188.0,188.0,0.0,376.0
SANGAM HEALTHCARE (SAFTI-N,2023-03-01,March,255.0,637.5,690.0,255.0
NEON LABORATORIES LTD,2023-03-01,March,0.0,3058.5,3104.5,201.0
RAMSONS,2023-03-01,March,112.5,150.0,190.0,112.5
BAXTER INDIA PVT LTD,2023-03-01,March,0.0,49.0,0.0,49.0
FDC,2023-03-01,March,42.19,0.0,0.0,42.19
SHERWYN PHARMA(GENORA),2023-03-01,March,38.58,0.0,0.0,38.58
BORN HEALTHCARE PVT LTD,2023-03-01,March,23.5,235.0,250.0,23.5
THE RAMARAJU COTTON MILLS,2023-03-01,March,0.0,486.0,540.0,0.0
DISPOVAN,2023-03-01,March,563.0,2690.0,3462.5,0.0
REGAL LABORATORIES,2023-03-01,March,0.0,590.0,620.0,0.0
TAS MED(INDIA)PVT.LTD(VALL,2023-03-01,March,1314.91,3981.38,5774.3,0.0
CLARIS OSTUKA,2023-03-01,March,107.0,1610.6,1798.0,0.0
INTAS PHARMACEUTICALS PVT,2023-03-01,March,0.0,400.0,500.0,0.0
RANBAXY,2023-03-01,March,0.0,770.0,840.0,0.0
CADILA,2023-03-01,March,0.0,63.0,70.0,0.0
OCUZEN HEALTH CARE,2023-03-01,March,5568.0,-5952.0,0.0,0.0
JMS CO LTD,2023-03-01,March,354.0,3155.0,3730.0,0.0
3M,2023-03-01,March,0.0,1128.0,1272.0,0.0
HIS EYENESS OPTHALMICS,2023-04-01,April,305841.07,189604.15,195715.22,321447.94
SUNWAYS PHARMACEUTICALS,2023-04-01,April,166200.99,268258.4,273205.19,204761.28
ZIVIRA LABS PVT.LTD,2023-04-01,April,64610.93,82962.78,63485.16,84545.9
ENTOD PHAMA(ENSIGHT),2023-04-01,April,57264.89,118889.33,138659.98,58422.89
SENSES PHARMACEUTICALS LTD,2023-04-01,April,60720.45,38392.4,50068.55,56209.95
SUNWAYS PHARMACEUTICALS(RE,2023-04-01,April,51713.62,48803.45,52225.56,53783.87
SUNWAYS PHARMACEUTICALS(OR,2023-04-01,April,27992.08,73847.68,62101.03,45765.08
APPASAMY OCULAR DEVICES P,2023-04-01,April,30005.1,44333.0,35573.59,44835.56
HICARE PHARMA,2023-04-01,April,10019.43,20086.5,1146.6,37638.18
ZIVIRA ASTRA DIVISION,2023-04-01,April,49196.82,12230.44,27681.03,36927.37
ENTOD PHARMACEUTICALS LTD,2023-04-01,April,18649.7,21844.16,18979.4,24717.9
TASMED (INDIA) PVT LTD(PAS,2023-04-01,April,7430.84,35872.57,30594.4,16789.39
SHERINGS,2023-04-01,April,10263.87,13425.96,8057.49,15925.57
AUROLAB,2023-04-01,April,6644.55,7223.7,2590.0,12197.74
ENTOD PHARMA-G TECH,2023-04-01,April,9345.57,38005.4,40582.72,11051.3
PRIDE&PRIME PHARMACEUTICAL,2023-04-01,April,10709.31,0.0,2828.4,8897.01
CARE GROUP,2023-04-01,April,5758.0,6777.0,4165.0,8718.0
ENTOD GLOTEK DIVISION,2023-04-01,April,9491.24,45826.45,53169.18,8407.2
TAS MED(INDIA)PVT.LTD(VALL,2023-04-01,April,0.0,14982.9,9789.3,6592.53
FSD CARE PHRAMA PVT LTD,2023-04-01,April,6208.2,0.0,0.0,6208.2
SUBHAM PHARMACEUTICALS,2023-04-01,April,6060.76,0.0,0.0,6060.76
TASMED(INDIA) PVT.LTD(ASPI,2023-04-01,April,1314.75,13083.48,10668.28,4930.31
APPLE PHARMACEUTICALS,2023-04-01,April,4370.94,0.0,0.0,4370.94
ALLERGAN INDIA PVT LTD,2023-04-01,April,2860.35,0.0,0.0,2860.35
AJANTA PHARMA LTD,2023-04-01,April,5198.6,0.0,2857.74,2457.5
CIPLA,2023-04-01,April,2369.66,0.0,0.0,2369.66
AUSTRAK PHARMA,2023-04-01,April,0.0,1954.4,472.51,1457.39
MEDIKLIN HEALTHCARE LTD,2023-04-01,April,1050.0,900.0,760.0,1330.0
HIMEDIA LABORATORIES PVT L,2023-04-01,April,1168.75,0.0,0.0,1168.75
RAMAN&WEIL PVT LTD,2023-04-01,April,420.0,600.0,0.0,1090.0
OTHERS,2023-04-01,April,980.0,0.0,0.0,980.0
RAMSONS,2023-04-01,April,112.5,787.5,0.0,900.0
SURGICARE,2023-04-01,April,860.0,1680.0,1850.0,860.0
LENORA GLOVE PVT.LTD,2023-04-01,April,662.5,0.0,0.0,662.5
G.T.RAJ TEX,2023-04-01,April,420.0,376.0,200.0,630.0
SHERWYN PHARMACEUTICALS PV,2023-04-01,April,515.9,0.0,0.0,515.9
DIAMOND MEDI CARE,2023-04-01,April,500.0,0.0,0.0,500.0
DISPOVAN,2023-04-01,April,0.0,1520.5,1437.5,179.0
SANGAM HEALTHCARE (SAFTI-N,2023-04-01,April,250.0,0.0,84.0,175.0
BAXTER INDIA PVT LTD,2023-04-01,April,49.0,0.0,0.0,49.0
FDC,2023-04-01,April,42.19,0.0,0.0,42.19
SHERWYN PHARMA(GENORA),2023-04-01,April,38.58,0.0,0.0,38.58
BORN HEALTHCARE PVT LTD,2023-04-01,April,25.25,0.0,0.0,25.25
SPECTRUM BIOCIDES INDIA PV,2023-04-01,April,0.0,180.0,192.0,0.0
CADILA,2023-04-01,April,0.0,189.0,210.0,0.0
CHC,2023-04-01,April,0.0,300.0,360.0,0.0
KLARSEHEN,2023-04-01,April,0.0,4539.02,4828.75,0.0
CLARIS OSTUKA,2023-04-01,April,0.0,1972.6,2068.0,0.0
THE RAMARAJU COTTON MILLS,2023-04-01,April,0.0,486.0,540.0,0.0
NEON LABORATORIES LTD,2023-04-01,April,201.0,1901.0,2301.5,0.0
JMS CO LTD,2023-04-01,April,0.0,354.0,370.0,0.0
HIS EYENESS OPTHALMICS,2023-05-01,May,321448.29,163390.3,173844.96,330994.54
SUNWAYS PHARMACEUTICALS,2023-05-01,May,204761.57,61183.84,118587.63,160472.89
SUNWAYS PHARMACEUTICALS(RE,2023-05-01,May,53783.87,54851.71,35159.69,77718.05
ZIVIRA LABS PVT.LTD,2023-05-01,May,84545.92,31959.7,42616.61,72056.11
SENSES PHARMACEUTICALS LTD,2023-05-01,May,56209.95,43945.02,53257.07,53005.5
SUNWAYS PHARMACEUTICALS(OR,2023-05-01,May,45765.08,34234.22,37871.26,46169.46
ENTOD PHAMA(ENSIGHT),2023-05-01,May,58422.89,108000.59,146047.32,45781.8
HICARE PHARMA,2023-05-01,May,37638.25,30271.1,26521.76,44851.81
ZIVIRA ASTRA DIVISION,2023-05-01,May,36927.37,21934.02,13592.22,44030.72
APPASAMY OCULAR DEVICES P,2023-05-01,May,44835.56,44092.75,55833.46,41480.36
ENTOD PHARMA-G TECH,2023-05-01,May,11051.3,43937.13,25107.08,32351.95
ENTOD PHARMACEUTICALS LTD,2023-05-01,May,24717.9,30393.16,39782.04,23182.38
SHERINGS,2023-05-01,May,15925.57,14012.5,17568.6,14376.68
TASMED (INDIA) PVT LTD(PAS,2023-05-01,May,16789.46,29944.85,40097.45,10759.7
PRIDE&PRIME PHARMACEUTICAL,2023-05-01,May,8897.01,0.0,0.0,8897.01
ENTOD GLOTEK DIVISION,2023-05-01,May,8407.2,17250.87,19757.17,8895.82
TAS MED(INDIA)PVT.LTD(VALL,2023-05-01,May,6592.53,14481.12,14498.12,7691.28
CARE GROUP,2023-05-01,May,8718.0,0.0,2550.0,6498.0
FSD CARE PHRAMA PVT LTD,2023-05-01,May,6208.2,0.0,0.0,6208.2
AUROLAB,2023-05-01,May,12197.74,0.0,7204.4,6067.95
SUBHAM PHARMACEUTICALS,2023-05-01,May,6060.76,0.0,0.0,6060.76
APPLE PHARMACEUTICALS,2023-05-01,May,4370.94,0.0,0.0,4370.94
ALLERGAN INDIA PVT LTD,2023-05-01,May,2860.35,0.0,0.0,2860.35
TASMED(INDIA) PVT.LTD(ASPI,2023-05-01,May,4930.31,1493.94,3904.32,2629.5
AJANTA PHARMA LTD,2023-05-01,May,2457.5,0.0,0.0,2457.5
CIPLA,2023-05-01,May,2369.66,0.0,0.0,2369.66
SURGICARE,2023-05-01,May,860.0,417.5,0.0,1272.5
HIMEDIA LABORATORIES PVT L,2023-05-01,May,1168.75,0.0,0.0,1168.75
MEDIKLIN HEALTHCARE LTD,2023-05-01,May,1330.0,0.0,330.0,1050.0
OTHERS,2023-05-01,May,980.0,0.0,0.0,980.0
NEON LABORATORIES LTD,2023-05-01,May,0.0,834.0,0.0,919.5
RAMAN&WEIL PVT LTD,2023-05-01,May,1090.0,300.0,740.0,755.0
LENORA GLOVE PVT.LTD,2023-05-01,May,662.5,0.0,0.0,662.5
G.T.RAJ TEX,2023-05-01,May,630.0,0.0,0.0,630.0
SHERWYN PHARMACEUTICALS PV,2023-05-01,May,515.9,0.0,0.0,515.9
DIAMOND MEDI CARE,2023-05-01,May,500.0,0.0,0.0,500.0
AUSTRAK PHARMA,2023-05-01,May,1457.39,0.0,1296.42,433.95
DISPOVAN,2023-05-01,May,179.0,716.0,585.0,358.0
THE RAMARAJU COTTON MILLS,2023-05-01,May,0.0,324.0,0.0,324.0
BORN HEALTHCARE PVT LTD,2023-05-01,May,25.25,255.0,0.0,277.75
RAMSONS,2023-05-01,May,900.0,0.0,750.0,225.0
TEKAY PRODUCTS,2023-05-01,May,0.0,200.0,0.0,200.0
SANGAM HEALTHCARE (SAFTI-N,2023-05-01,May,175.0,0.0,0.0,175.0
CLARIS OSTUKA,2023-05-01,May,0.0,107.0,0.0,112.0
BAXTER INDIA PVT LTD,2023-05-01,May,49.0,0.0,0.0,49.0
FDC,2023-05-01,May,42.19,0.0,0.0,42.19
SHERWYN PHARMA(GENORA),2023-05-01,May,38.58,0.0,0.0,38.58
HIS EYENESS OPTHALMICS,2023-06-01,June,330994.96,62377.6,158184.15,255876.44
SUNWAYS PHARMACEUTICALS,2023-06-01,June,160473.18,94715.54,131511.6,138004.6
SUNWAYS PHARMACEUTICALS(OR,2023-06-01,June,46169.46,95270.18,61524.72,86297.04
SUNWAYS PHARMACEUTICALS(RE,2023-06-01,June,77718.08,59624.77,60978.42,84066.62
ZIVIRA LABS PVT.LTD,2023-06-01,June,72056.14,36738.97,40366.0,76834.86
SENSES PHARMACEUTICALS LTD,2023-06-01,June,53005.52,51081.35,49005.59,61566.6
ENTOD PHAMA(ENSIGHT),2023-06-01,June,45781.8,75349.95,83579.54,52139.39
APPASAMY OCULAR DEVICES P,2023-06-01,June,41480.36,46115.05,53152.38,42746.35
HICARE PHARMA,2023-06-01,June,44851.81,25193.9,34008.29,38432.34
ZIVIRA ASTRA DIVISION,2023-06-01,June,44030.8,11135.37,25528.67,36876.19
ENTOD PHARMA-G TECH,2023-06-01,June,32351.99,9086.1,20610.2,23498.57
ENTOD PHARMACEUTICALS LTD,2023-06-01,June,23182.38,14611.04,21810.44,21363.29
SHERINGS,2023-06-01,June,14376.68,11715.1,12605.17,14863.96
TASMED (INDIA) PVT LTD(PAS,2023-06-01,June,10759.7,19007.74,18214.35,13713.45
CARE GROUP,2023-06-01,June,6498.0,3000.0,0.0,9458.0
PRIDE&PRIME PHARMACEUTICAL,2023-06-01,June,8897.01,0.0,0.0,8897.01
ENTOD GLOTEK DIVISION,2023-06-01,June,8895.82,27176.99,32362.35,7560.01
AUROLAB,2023-06-01,June,6067.95,5658.5,6022.84,6900.87
FSD CARE PHRAMA PVT LTD,2023-06-01,June,6208.2,0.0,0.0,6208.2
SUBHAM PHARMACEUTICALS,2023-06-01,June,6060.76,0.0,0.0,6060.76
TAS MED(INDIA)PVT.LTD(VALL,2023-06-01,June,7691.28,0.0,2175.4,5493.77
TASMED(INDIA) PVT.LTD(ASPI,2023-06-01,June,2629.5,5975.76,4555.04,4601.62
ALLERGAN INDIA PVT LTD,2023-06-01,June,2860.35,0.0,0.0,2860.35
AJANTA PHARMA LTD,2023-06-01,June,2457.5,0.0,0.0,2457.5
CIPLA,2023-06-01,June,2369.66,0.0,0.0,2369.66
HIMEDIA LABORATORIES PVT L,2023-06-01,June,1168.75,0.0,0.0,1168.75
OTHERS,2023-06-01,June,980.0,68.0,0.0,1048.0
MEDIKLIN HEALTHCARE LTD,2023-06-01,June,1050.0,145.0,360.0,910.0
CLARIS OSTUKA,2023-06-01,June,112.0,1694.6,941.0,905.8
APPLE PHARMACEUTICALS,2023-06-01,June,4370.94,0.0,3778.88,900.0
SURGICARE,2023-06-01,June,1272.5,0.0,481.25,860.0
LENORA GLOVE PVT.LTD,2023-06-01,June,662.5,0.0,0.0,662.5
G.T.RAJ TEX,2023-06-01,June,630.0,0.0,0.0,630.0
SHERWYN PHARMACEUTICALS PV,2023-06-01,June,515.9,0.0,0.0,515.9
DIAMOND MEDI CARE,2023-06-01,June,500.0,0.0,0.0,500.0
RAMAN&WEIL PVT LTD,2023-06-01,June,755.0,300.0,740.0,420.0
JMS CO LTD,2023-06-01,June,0.0,711.0,375.0,398.0
DISPOVAN,2023-06-01,June,358.0,1037.0,1125.0,358.0
AUSTRAK PHARMA,2023-06-01,June,433.95,0.0,189.0,289.3
RAMSONS,2023-06-01,June,225.0,0.0,0.0,225.0
SANGAM HEALTHCARE (SAFTI-N,2023-06-01,June,175.0,0.0,0.0,175.0
CHC,2023-06-01,June,0.0,300.0,180.0,140.0
LUPIN LTD,2023-06-01,June,0.0,92.0,0.0,92.0
BAXTER INDIA PVT LTD,2023-06-01,June,49.0,0.0,0.0,49.0
FDC,2023-06-01,June,42.19,0.0,0.0,42.19
SHERWYN PHARMA(GENORA),2023-06-01,June,38.58,0.0,0.0,38.58
BORN HEALTHCARE PVT LTD,2023-06-01,June,277.75,128.0,410.0,25.25
SUPERFINE NEEDLES PVT LTD,2023-06-01,June,0.0,25.0,0.0,25.0
EZTEST,2023-06-01,June,0.0,5400.0,5800.0,0.0
THE RAMARAJU COTTON MILLS,2023-06-01,June,324.0,324.0,720.0,0.0
TEKAY PRODUCTS,2023-06-01,June,200.0,0.0,230.0,0.0
NEON LABORATORIES LTD,2023-06-01,June,919.5,834.0,1913.0,0.0
HIS EYENESS OPTHALMICS,2023-07-01,July,255876.76,143242.6,150409.42,265510.59
SUNWAYS PHARMACEUTICALS,2023-07-01,July,138004.69,220812.66,168629.27,197887.49
SUNWAYS PHARMACEUTICALS(OR,2023-07-01,July,86297.25,72062.07,87474.43,78607.78
SUNWAYS PHARMACEUTICALS(RE,2023-07-01,July,84066.75,55878.24,74606.21,73095.09
ENTOD PHAMA(ENSIGHT),2023-07-01,July,52139.39,130489.52,146691.31,64452.46
HICARE PHARMA,2023-07-01,July,38432.37,47226.3,23424.34,64296.25
SENSES PHARMACEUTICALS LTD,2023-07-01,July,61566.6,57318.3,67192.51,61074.81
ZIVIRA LABS PVT.LTD,2023-07-01,July,76834.94,31755.35,72646.18,48217.41
ZIVIRA ASTRA DIVISION,2023-07-01,July,36876.19,35195.51,30755.49,41279.83
APPASAMY OCULAR DEVICES P,2023-07-01,July,42746.35,49001.1,63076.89,38160.0
BERRY&HERBS PHARMA PVT LTD,2023-07-01,July,0.0,35882.7,0.0,34157.52
ENTOD PHARMA-G TECH,2023-07-01,July,23498.6,25290.41,25087.83,28609.01
ENTOD PHARMACEUTICALS LTD,2023-07-01,July,21363.29,11781.17,14333.3,20643.45
SHERINGS,2023-07-01,July,14863.96,6861.8,3043.86,19018.7
TASMED (INDIA) PVT LTD(PAS,2023-07-01,July,13713.45,25720.34,26268.87,15991.28
PRIDE&PRIME PHARMACEUTICAL,2023-07-01,July,8897.01,0.0,0.0,12499.71
ENTOD GLOTEK DIVISION,2023-07-01,July,7560.01,35180.54,35643.3,12444.73
CARE GROUP,2023-07-01,July,9458.0,4550.0,4470.0,10311.82
FSD CARE PHRAMA PVT LTD,2023-07-01,July,6208.2,0.0,0.0,6208.2
SUBHAM PHARMACEUTICALS,2023-07-01,July,6060.76,0.0,0.0,6060.76
TAS MED(INDIA)PVT.LTD(VALL,2023-07-01,July,5493.77,0.0,0.0,5493.77
AUROLAB,2023-07-01,July,6900.87,5653.6,10223.61,4167.93
TASMED(INDIA) PVT.LTD(ASPI,2023-07-01,July,4601.62,7667.5,9650.94,3286.87
ALLERGAN INDIA PVT LTD,2023-07-01,July,2860.35,0.0,0.0,2860.35
CIPLA,2023-07-01,July,2369.66,0.0,0.0,2369.66
OCUZEN HEALTH CARE,2023-07-01,July,0.0,1920.0,595.97,1554.28
SURGICARE,2023-07-01,July,860.0,2112.5,1900.0,1272.5
HIMEDIA LABORATORIES PVT L,2023-07-01,July,1168.75,0.0,0.0,1168.75
MEDIKLIN HEALTHCARE LTD,2023-07-01,July,910.0,450.0,380.0,1050.0
CLARIS OSTUKA,2023-07-01,July,905.8,3293.4,3390.0,1017.8
OTHERS,2023-07-01,July,1048.0,0.0,78.0,980.0
NEON LABORATORIES LTD,2023-07-01,July,0.0,4170.0,3826.0,919.5
APPLE PHARMACEUTICALS,2023-07-01,July,900.0,15700.41,17368.32,900.0
LENORA GLOVE PVT.LTD,2023-07-01,July,662.5,0.0,0.0,662.5
G.T.RAJ TEX,2023-07-01,July,630.0,0.0,0.0,630.0
SHERWYN PHARMACEUTICALS PV,2023-07-01,July,515.9,0.0,0.0,515.9
DIAMOND MEDI CARE,2023-07-01,July,500.0,0.0,0.0,500.0
RAMAN&WEIL PVT LTD,2023-07-01,July,420.0,2240.0,2780.0,420.0
AUSTRAK PHARMA,2023-07-01,July,289.3,0.0,0.0,289.3
CHC,2023-07-01,July,140.0,450.0,400.0,280.0
RAMSONS,2023-07-01,July,225.0,0.0,0.0,225.0
DISPOVAN,2023-07-01,July,358.0,3000.0,3425.0,187.5
DYNAMIC TECHNO MEDICALS PV,2023-07-01,July,0.0,180.0,0.0,180.0
SANGAM HEALTHCARE (SAFTI-N,2023-07-01,July,175.0,637.5,700.0,175.0
THE RAMARAJU COTTON MILLS,2023-07-01,July,0.0,1620.0,1600.0,162.0
BAXTER INDIA PVT LTD,2023-07-01,July,49.0,0.0,0.0,49.0
FDC,2023-07-01,July,42.19,0.0,0.0,42.19
SHERWYN PHARMA(GENORA),2023-07-01,July,38.58,0.0,0.0,38.58
BORN HEALTHCARE PVT LTD,2023-07-01,July,25.25,255.0,280.0,25.25
CADILA,2023-07-01,July,0.0,126.0,140.0,0.0
SUPERFINE NEEDLES PVT LTD,2023-07-01,July,25.0,600.0,675.0,0.0
RANBAXY,2023-07-01,July,0.0,850.0,920.0,0.0
REGAL LABORATORIES,2023-07-01,July,0.0,590.0,620.0,0.0
JMS CO LTD,2023-07-01,July,398.0,714.0,1130.0,0.0
ETHICON,2023-07-01,July,0.0,6382.86,7410.0,0.0
TEKAY PRODUCTS,2023-07-01,July,0.0,200.0,250.0,0.0
LUPIN LTD,2023-07-01,July,92.0,0.0,100.0,0.0
PIONEER,2023-07-01,July,0.0,420.0,460.0,0.0
HIS EYENESS OPTHALMICS,2023-08-01,August,265511.02,98399.6,160354.27,221172.19
SUNWAYS PHARMACEUTICALS,2023-08-01,August,197887.66,187629.75,240040.59,156368.16
SENSES PHARMACEUTICALS LTD,2023-08-01,August,61074.81,76034.69,65413.14,79327.52
SUNWAYS PHARMACEUTICALS(RE,2023-08-01,August,73095.19,88417.39,96861.24,74001.03
SUNWAYS PHARMACEUTICALS(OR,2023-08-01,August,78607.87,36808.42,53418.37,68241.63
ENTOD PHAMA(ENSIGHT),2023-08-01,August,64452.46,123015.44,148740.74,64440.48
HICARE PHARMA,2023-08-01,August,64296.38,29444.0,42729.41,55990.49
ZIVIRA LABS PVT.LTD,2023-08-01,August,48217.43,46186.45,42387.06,55005.77
ENTOD PHARMA-G TECH,2023-08-01,August,28609.01,41069.98,37865.25,38605.77
APPASAMY OCULAR DEVICES P,2023-08-01,August,38160.0,66029.95,75899.31,37240.99
ENTOD PHARMACEUTICALS LTD,2023-08-01,August,20643.45,30825.33,32705.63,26016.22
BERRY&HERBS PHARMA PVT LTD,2023-08-01,August,34157.59,0.0,15620.91,21439.69
ZIVIRA ASTRA DIVISION,2023-08-01,August,41279.89,8464.47,28263.23,21353.03
SHERINGS,2023-08-01,August,19018.7,15980.2,20360.81,16556.22
PRIDE&PRIME PHARMACEUTICAL,2023-08-01,August,12499.71,0.0,0.0,12499.71
TASMED (INDIA) PVT LTD(PAS,2023-08-01,August,15991.36,19885.81,29456.82,10187.04
CARE GROUP,2023-08-01,August,10311.82,2656.3,4290.0,9110.12
ENTOD GLOTEK DIVISION,2023-08-01,August,12444.73,36572.91,47280.46,8911.85
FSD CARE PHRAMA PVT LTD,2023-08-01,August,6208.2,0.0,0.0,6208.2
SUBHAM PHARMACEUTICALS,2023-08-01,August,6060.76,0.0,0.0,6060.76
AUROLAB,2023-08-01,August,4167.93,6903.9,6668.8,5726.73
TAS MED(INDIA)PVT.LTD(VALL,2023-08-01,August,5493.77,0.0,0.0,5493.77
TASMED(INDIA) PVT.LTD(ASPI,2023-08-01,August,3286.87,11024.06,10247.08,4601.62
APPLE PHARMACEUTICALS,2023-08-01,August,900.0,6499.35,3518.2,4167.0
ALLERGAN INDIA PVT LTD,2023-08-01,August,2860.35,0.0,0.0,2860.35
CIPLA,2023-08-01,August,2369.66,0.0,0.0,2369.66
HIMEDIA LABORATORIES PVT L,2023-08-01,August,1168.75,0.0,0.0,1168.75
OTHERS,2023-08-01,August,980.0,0.0,0.0,980.0
MEDIKLIN HEALTHCARE LTD,2023-08-01,August,1050.0,900.0,1325.0,910.0
SURGICARE,2023-08-01,August,1272.5,1650.0,2368.75,860.0
G.T.RAJ TEX,2023-08-01,August,630.0,376.0,200.0,840.0
OCUZEN HEALTH CARE,2023-08-01,August,1554.28,0.0,1217.86,804.58
LENORA GLOVE PVT.LTD,2023-08-01,August,662.5,0.0,0.0,662.5
SHERWYN PHARMACEUTICALS PV,2023-08-01,August,515.9,0.0,0.0,515.9
DIAMOND MEDI CARE,2023-08-01,August,500.0,0.0,0.0,500.0
RAMAN&WEIL PVT LTD,2023-08-01,August,420.0,600.0,740.0,420.0
CHC,2023-08-01,August,280.0,700.0,740.0,420.0
AUSTRAK PHARMA,2023-08-01,August,289.3,0.0,0.0,289.3
RAMSONS,2023-08-01,August,225.0,0.0,0.0,225.0
DYNAMIC TECHNO MEDICALS PV,2023-08-01,August,180.0,0.0,0.0,180.0
SANGAM HEALTHCARE (SAFTI-N,2023-08-01,August,175.0,0.0,0.0,175.0
DISPOVAN,2023-08-01,August,187.5,2314.5,2625.0,70.0
BAXTER INDIA PVT LTD,2023-08-01,August,49.0,0.0,0.0,49.0
FDC,2023-08-01,August,42.19,0.0,0.0,42.19
SHERWYN PHARMA(GENORA),2023-08-01,August,38.58,0.0,0.0,38.58
BORN HEALTHCARE PVT LTD,2023-08-01,August,25.25,255.0,280.0,25.25
ETHICON,2023-08-01,August,0.0,6340.92,7320.0,0.0
MURALI TRADERS,2023-08-01,August,0.0,30.0,35.0,0.0
ALKEM LABORATORIES LTD,2023-08-01,August,0.0,187.0,210.0,0.0
INTAS PHARMACEUTICALS PVT,2023-08-01,August,0.0,400.0,600.0,0.0
BARODA SURGICAL BIOMEDS,2023-08-01,August,0.0,100.0,120.0,0.0
THE RAMARAJU COTTON MILLS,2023-08-01,August,162.0,1620.0,1965.0,0.0
SPECTRUM BIOCIDES INDIA PV,2023-08-01,August,0.0,510.0,570.0,0.0
JMS CO LTD,2023-08-01,August,0.0,1071.0,1125.0,0.0
CLARIS OSTUKA,2023-08-01,August,1017.8,4397.0,5730.0,0.0
LUPIN LTD,2023-08-01,August,0.0,184.0,200.0,0.0
NEON LABORATORIES LTD,2023-08-01,August,919.5,6648.0,8312.0,0.0
CADILA,2023-08-01,August,0.0,252.0,280.0,0.0
HIS EYENESS OPTHALMICS,2023-09-01,September,221172.41,83605.85,85139.78,234082.85
SUNWAYS PHARMACEUTICALS,2023-09-01,September,156368.25,153259.01,134276.07,170729.79
SUNWAYS PHARMACEUTICALS(RE,2023-09-01,September,74001.11,88919.73,66968.43,102580.18
ENTOD PHAMA(ENSIGHT),2023-09-01,September,64440.48,112834.6,105574.33,82455.87
SUNWAYS PHARMACEUTICALS(OR,2023-09-01,September,68241.75,35647.47,36179.77,73066.64
SENSES PHARMACEUTICALS LTD,2023-09-01,September,79327.53,30607.6,44595.99,69090.07
ZIVIRA LABS PVT.LTD,2023-09-01,September,55005.86,46047.4,33208.89,62308.75
APPASAMY OCULAR DEVICES P,2023-09-01,September,37240.99,79367.25,68310.58,60268.79
SHERINGS,2023-09-01,September,16556.22,38316.4,7685.08,48893.96
HICARE PHARMA,2023-09-01,September,55990.57,22098.3,40746.95,43118.58
ENTOD PHARMACEUTICALS LTD,2023-09-01,September,26016.22,9974.54,3838.16,32802.85
BERRY&HERBS PHARMA PVT LTD,2023-09-01,September,21439.69,12173.0,7952.99,25984.27
ENTOD PHARMA-G TECH,2023-09-01,September,38605.77,12142.7,29617.05,23590.14
ZIVIRA ASTRA DIVISION,2023-09-01,September,21353.03,0.0,903.61,20689.15
ENTOD GLOTEK DIVISION,2023-09-01,September,8911.85,27302.27,22168.27,16911.88
TASMED (INDIA) PVT LTD(PAS,2023-09-01,September,10187.04,26454.74,23677.68,15199.95
PRIDE&PRIME PHARMACEUTICAL,2023-09-01,September,12499.71,0.0,0.0,12499.71
APPLE PHARMACEUTICALS,2023-09-01,September,4167.0,10677.15,6760.0,8785.35
CARE GROUP,2023-09-01,September,9110.12,0.0,1600.0,7578.12
AUROLAB,2023-09-01,September,5726.73,5653.6,6302.12,6337.59
FSD CARE PHRAMA PVT LTD,2023-09-01,September,6208.2,0.0,0.0,6208.2
SUBHAM PHARMACEUTICALS,2023-09-01,September,6060.76,0.0,0.0,6060.76
TASMED(INDIA) PVT.LTD(ASPI,2023-09-01,September,4601.62,4409.62,4801.61,4601.62
TAS MED(INDIA)PVT.LTD(VALL,2023-09-01,September,5493.77,0.0,1087.7,4395.02
ALLERGAN INDIA PVT LTD,2023-09-01,September,2860.35,0.0,0.0,2860.35
AUSTRAK PHARMA,2023-09-01,September,289.3,2558.6,0.0,2847.9
CIPLA,2023-09-01,September,2369.66,0.0,0.0,2369.66
OCUZEN HEALTH CARE,2023-09-01,September,804.58,1920.0,594.14,2358.88
DISPOVAN,2023-09-01,September,70.0,4724.5,3285.0,1750.0
HIMEDIA LABORATORIES PVT L,2023-09-01,September,1168.75,0.0,0.0,1168.75
AJANTA PHARMA LTD,2023-09-01,September,813.8,630.0,623.88,856.9
SURGICARE,2023-09-01,September,860.0,825.0,901.25,852.5
RANBAXY,2023-09-01,September,0.0,1700.0,920.0,850.0
THE RAMARAJU COTTON MILLS,2023-09-01,September,0.0,1458.0,720.0,810.0
LENORA GLOVE PVT.LTD,2023-09-01,September,662.5,0.0,0.0,662.5
CLARIS OSTUKA,2023-09-01,September,0.0,6227.2,6070.0,560.0
SHERWYN PHARMACEUTICALS PV,2023-09-01,September,515.9,0.0,0.0,515.9
DIAMOND MEDI CARE,2023-09-01,September,500.0,0.0,0.0,500.0
G.T.RAJ TEX,2023-09-01,September,840.0,420.0,796.0,420.0
RAMAN&WEIL PVT LTD,2023-09-01,September,420.0,600.0,740.0,420.0
GERMAN REMEDIES PHARMACEUT,2023-09-01,September,0.0,390.0,0.0,390.0
MEDIKLIN HEALTHCARE LTD,2023-09-01,September,910.0,300.0,1190.0,140.0
CHC,2023-09-01,September,420.0,280.0,800.0,140.0
SANGAM HEALTHCARE (SAFTI-N,2023-09-01,September,175.0,0.0,70.0,112.5
BAXTER INDIA PVT LTD,2023-09-01,September,49.0,0.0,0.0,49.0
FDC,2023-09-01,September,42.19,0.0,0.0,42.19
SHERWYN PHARMA(GENORA),2023-09-01,September,38.58,0.0,0.0,38.58
BORN HEALTHCARE PVT LTD,2023-09-01,September,25.25,255.0,280.0,25.25
NEON LABORATORIES LTD,2023-09-01,September,0.0,4520.0,4882.5,0.0
JMS CO LTD,2023-09-01,September,0.0,1140.0,1170.0,0.0
OTHERS,2023-09-01,September,980.0,0.0,980.0,0.0
RAMSONS,2023-09-01,September,225.0,0.0,225.0,0.0
CADILA,2023-09-01,September,0.0,252.0,280.0,0.0
DYNAMIC TECHNO MEDICALS PV,2023-09-01,September,180.0,0.0,180.0,0.0
HIS EYENESS OPTHALMICS,2023-10-01,October,234083.15,78628.2,124697.76,205395.14
SUNWAYS PHARMACEUTICALS,2023-10-01,October,170729.98,63610.77,90211.55,153184.87
SUNWAYS PHARMACEUTICALS(RE,2023-10-01,October,102580.29,41877.76,37460.19,112371.51
ENTOD PHAMA(ENSIGHT),2023-10-01,October,82455.95,121499.8,129990.08,100073.75
SENSES PHARMACEUTICALS LTD,2023-10-01,October,69090.07,46349.05,49131.11,73052.6
APPASAMY OCULAR DEVICES P,2023-10-01,October,60268.79,67815.65,76899.83,62301.8
SUNWAYS PHARMACEUTICALS(OR,2023-10-01,October,73066.74,54425.13,77301.98,56465.37
HICARE PHARMA,2023-10-01,October,43118.61,27877.8,20424.16,51367.14
ZIVIRA LABS PVT.LTD,2023-10-01,October,62308.8,-1367.4,28308.88,38130.57
ENTOD PHARMA-G TECH,2023-10-01,October,23590.14,24618.58,19652.58,32202.6
BERRY&HERBS PHARMA PVT LTD,2023-10-01,October,25984.27,0.0,0.0,25984.27
ENTOD PHARMACEUTICALS LTD,2023-10-01,October,32802.85,10226.86,22421.23,24678.09
SHERINGS,2023-10-01,October,48893.96,20117.25,50510.19,23489.25
TAS MED(INDIA)PVT.LTD(VALL,2023-10-01,October,4395.02,19781.06,3263.1,20879.74
ZIVIRA ASTRA DIVISION,2023-10-01,October,20689.15,0.0,0.0,20689.15
TASMED (INDIA) PVT LTD(PAS,2023-10-01,October,15199.95,17793.79,16003.83,18875.71
ENTOD GLOTEK DIVISION,2023-10-01,October,16911.88,27571.0,31541.3,16990.09
PRIDE&PRIME PHARMACEUTICAL,2023-10-01,October,12499.71,0.0,0.0,12499.71
JOHNSON & JOHNSON,2023-10-01,October,0.0,6527.04,0.0,6527.04
FSD CARE PHRAMA PVT LTD,2023-10-01,October,6208.2,0.0,0.0,6208.2
SUBHAM PHARMACEUTICALS,2023-10-01,October,6060.76,0.0,0.0,6060.76
AUROLAB,2023-10-01,October,6337.59,0.0,520.0,5875.86
CARE GROUP,2023-10-01,October,7578.12,0.0,2550.0,5358.12
TASMED(INDIA) PVT.LTD(ASPI,2023-10-01,October,4601.62,3286.87,3578.96,4601.62
APPLE PHARMACEUTICALS,2023-10-01,October,8785.35,0.0,5066.6,4132.35
ALLERGAN INDIA PVT LTD,2023-10-01,October,2860.35,0.0,0.0,2860.35
CIPLA,2023-10-01,October,2369.66,0.0,0.0,2369.66
RAMAN&WEIL PVT LTD,2023-10-01,October,420.0,3794.0,2400.0,2205.0
OCUZEN HEALTH CARE,2023-10-01,October,2358.88,0.0,1185.84,1627.48
DISPOVAN,2023-10-01,October,1750.0,3206.0,3920.0,1320.0
HIMEDIA LABORATORIES PVT L,2023-10-01,October,1168.75,0.0,0.0,1168.75
NEON LABORATORIES LTD,2023-10-01,October,0.0,9055.5,8872.5,843.0
MEDIKLIN HEALTHCARE LTD,2023-10-01,October,140.0,1460.0,1150.0,700.0
LENORA GLOVE PVT.LTD,2023-10-01,October,662.5,0.0,0.0,662.5
SANGAM HEALTHCARE (SAFTI-N,2023-10-01,October,112.5,1275.0,784.0,662.5
THE RAMARAJU COTTON MILLS,2023-10-01,October,810.0,1458.0,1800.0,648.0
SHERWYN PHARMACEUTICALS PV,2023-10-01,October,515.9,0.0,0.0,515.9
AJANTA PHARMA LTD,2023-10-01,October,856.9,0.0,510.0,406.9
RAMSONS,2023-10-01,October,0.0,337.5,0.0,337.5
AUSTRAK PHARMA,2023-10-01,October,2847.9,0.0,2925.24,289.3
ALKEM LABORATORIES LTD,2023-10-01,October,0.0,342.0,130.0,228.0
CLARIS OSTUKA,2023-10-01,October,560.0,7318.4,8125.0,224.0
G.T.RAJ TEX,2023-10-01,October,420.0,630.0,920.0,210.0
BAXTER INDIA PVT LTD,2023-10-01,October,49.0,0.0,0.0,49.0
FDC,2023-10-01,October,42.19,0.0,0.0,42.19
SHERWYN PHARMA(GENORA),2023-10-01,October,38.58,0.0,0.0,38.58
BORN HEALTHCARE PVT LTD,2023-10-01,October,25.25,127.5,140.0,25.25
GERMAN REMEDIES PHARMACEUT,2023-10-01,October,390.0,390.0,880.0,0.0
CADILA,2023-10-01,October,0.0,315.0,350.0,0.0
DIAMOND MEDI CARE,2023-10-01,October,500.0,0.0,600.0,0.0
RANBAXY,2023-10-01,October,850.0,1275.0,2300.0,0.0
BECTON DICKINSON & COMPANY,2023-10-01,October,0.0,670.0,720.0,0.0
REGAL LABORATORIES,2023-10-01,October,0.0,590.0,620.0,0.0
CHC,2023-10-01,October,140.0,420.0,760.0,0.0
SURGICARE,2023-10-01,October,852.5,1650.0,2868.75,0.0
JMS CO LTD,2023-10-01,October,0.0,6188.0,6740.0,0.0
HIS EYENESS OPTHALMICS,2023-11-01,November,205395.22,-3335.17,81192.7,133875.79
SUNWAYS PHARMACEUTICALS,2023-11-01,November,153184.92,93183.09,161777.29,88524.74
SUNWAYS PHARMACEUTICALS(RE,2023-11-01,November,112371.59,33844.55,70072.87,82835.27
ENTOD PHAMA(ENSIGHT),2023-11-01,November,100073.85,108984.51,155917.81,82299.24
APPASAMY OCULAR DEVICES P,2023-11-01,November,62301.8,75623.62,74772.37,75813.07
SENSES PHARMACEUTICALS LTD,2023-11-01,November,73052.71,36348.65,54893.64,60627.97
SUNWAYS PHARMACEUTICALS(OR,2023-11-01,November,56465.37,29144.94,37648.43,52847.36
ENTOD PHARMACEUTICALS LTD,2023-11-01,November,24678.09,24383.51,9351.05,41210.13
ZIVIRA LABS PVT.LTD,2023-11-01,November,38130.57,2914.15,29077.36,36795.34
HICARE PHARMA,2023-11-01,November,51367.22,18447.04,43177.34,33854.99
ENTOD PHARMA-G TECH,2023-11-01,November,32202.67,17295.4,20238.76,31145.96
TAS MED(INDIA)PVT.LTD(VALL,2023-11-01,November,20879.82,5493.78,3299.37,23260.38
TASMED (INDIA) PVT LTD(PAS,2023-11-01,November,18875.71,32016.32,33101.76,21483.71
SHERINGS,2023-11-01,November,23489.25,20864.8,25663.98,21213.52
BERRY&HERBS PHARMA PVT LTD,2023-11-01,November,25984.27,0.0,6059.42,20790.46
ZIVIRA ASTRA DIVISION,2023-11-01,November,20689.15,-5259.11,4352.86,17438.18
ENTOD GLOTEK DIVISION,2023-11-01,November,16990.09,19952.7,29435.74,15063.07
PRIDE&PRIME PHARMACEUTICAL,2023-11-01,November,12499.71,0.0,0.0,12499.71
APPLE PHARMACEUTICALS,2023-11-01,November,4132.35,10444.5,5600.0,9577.35
AUROLAB,2023-11-01,November,5875.86,10021.5,10166.8,7090.51
FSD CARE PHRAMA PVT LTD,2023-11-01,November,6208.2,0.0,0.0,6208.2
SUBHAM PHARMACEUTICALS,2023-11-01,November,6060.76,0.0,0.0,6060.76
CARE GROUP,2023-11-01,November,5358.12,0.0,1650.0,3878.12
TASMED(INDIA) PVT.LTD(ASPI,2023-11-01,November,4601.62,3286.87,5010.54,3286.87
ALLERGAN INDIA PVT LTD,2023-11-01,November,2860.35,0.0,0.0,2860.35
OCUZEN HEALTH CARE,2023-11-01,November,1627.48,1920.0,1815.05,2432.06
CIPLA,2023-11-01,November,2369.66,0.0,0.0,2369.66
DISPOVAN,2023-11-01,November,1320.0,4234.5,3863.0,2046.5
BECTON DICKINSON & COMPANY,2023-11-01,November,0.0,5360.0,3600.0,2010.0
HIMEDIA LABORATORIES PVT L,2023-11-01,November,1168.75,0.0,0.0,1168.75
NEON LABORATORIES LTD,2023-11-01,November,843.0,10430.0,10825.0,1098.0
AJANTA PHARMA LTD,2023-11-01,November,406.9,450.0,0.0,856.9
RAMAN&WEIL PVT LTD,2023-11-01,November,2205.0,1334.0,3220.0,755.0
MEDIKLIN HEALTHCARE LTD,2023-11-01,November,700.0,1040.0,1960.0,720.0
CHC,2023-11-01,November,0.0,1120.0,580.0,700.0
LENORA GLOVE PVT.LTD,2023-11-01,November,662.5,0.0,0.0,662.5
CLARIS OSTUKA,2023-11-01,November,224.0,2978.6,2830.0,560.0
AUSTRAK PHARMA,2023-11-01,November,289.3,0.0,0.0,545.16
SHERWYN PHARMACEUTICALS PV,2023-11-01,November,515.9,0.0,0.0,515.9
THE RAMARAJU COTTON MILLS,2023-11-01,November,648.0,1296.0,1600.0,486.0
G.T.RAJ TEX,2023-11-01,November,210.0,420.0,230.0,420.0
SURGICARE,2023-11-01,November,0.0,825.0,481.25,412.5
BAXTER INDIA PVT LTD,2023-11-01,November,49.0,0.0,0.0,49.0
FDC,2023-11-01,November,42.19,0.0,0.0,42.19
SHERWYN PHARMA(GENORA),2023-11-01,November,38.58,0.0,0.0,38.58
SANGAM HEALTHCARE (SAFTI-N,2023-11-01,November,662.5,0.0,690.0,37.5
BORN HEALTHCARE PVT LTD,2023-11-01,November,25.25,0.0,0.0,25.25
REGAL LABORATORIES,2023-11-01,November,0.0,590.0,620.0,0.0
3MIL,2023-11-01,November,0.0,400.0,470.0,0.0
JOHNSON & JOHNSON,2023-11-01,November,6527.04,0.0,7680.0,0.0
GERMAN REMEDIES,2023-11-01,November,0.0,240.0,280.0,0.0
ALKEM LABORATORIES LTD,2023-11-01,November,228.0,0.0,260.0,0.0
KALPAS INDUSTRIES,2023-11-01,November,0.0,510.0,600.0,0.0
RAMSONS,2023-11-01,November,337.5,112.5,500.0,0.0
SUNWAYS PHARMACEUTICALS,2023-12-01,December,88524.79,127543.56,50161.73,172869.82
HIS EYENESS OPTHALMICS,2023-12-01,December,133875.92,70123.8,117235.72,102802.4
SUNWAYS PHARMACEUTICALS(RE,2023-12-01,December,82835.33,51268.31,56622.33,84121.29
ENTOD PHAMA(ENSIGHT),2023-12-01,December,82299.24,94279.61,131132.81,67179.01
SENSES PHARMACEUTICALS LTD,2023-12-01,December,60628.03,45654.87,46785.87,66213.29
APPASAMY OCULAR DEVICES P,2023-12-01,December,75813.07,50061.99,74750.69,62494.29
SUNWAYS PHARMACEUTICALS(OR,2023-12-01,December,52847.36,38598.8,47190.1,50423.95
ZIVIRA LABS PVT.LTD,2023-12-01,December,36795.34,26367.2,23206.64,39402.43
ENTOD PHARMACEUTICALS LTD,2023-12-01,December,41210.13,30730.75,44269.43,36115.67
BERRY&HERBS PHARMA PVT LTD,2023-12-01,December,20790.46,17605.0,3621.3,34324.66
ENTOD PHARMA-G TECH,2023-12-01,December,31145.96,32176.13,35229.87,32898.16
SHERINGS,2023-12-01,December,21213.52,47065.76,42036.13,30151.14
HICARE PHARMA,2023-12-01,December,33854.99,6740.5,16704.0,25420.01
TASMED (INDIA) PVT LTD(PAS,2023-12-01,December,21483.79,13386.02,16188.62,20159.3
ENTOD GLOTEK DIVISION,2023-12-01,December,15063.07,37095.86,44551.15,17383.3
ZIVIRA ASTRA DIVISION,2023-12-01,December,17438.23,4221.8,4681.5,16037.14
PRIDE&PRIME PHARMACEUTICAL,2023-12-01,December,12499.71,0.0,0.0,12499.71
AICE HEALTH CARE PVT LTD,2023-12-01,December,0.0,12411.46,4303.28,8713.88
AUROLAB,2023-12-01,December,7090.51,12797.8,15442.7,7482.45
FSD CARE PHRAMA PVT LTD,2023-12-01,December,6208.2,0.0,0.0,6208.2
SUBHAM PHARMACEUTICALS,2023-12-01,December,6060.76,0.0,0.0,6060.76
APPLE PHARMACEUTICALS,2023-12-01,December,9577.35,4989.6,12161.8,3394.8
TAS MED(INDIA)PVT.LTD(VALL,2023-12-01,December,23260.46,-15486.7,4750.54,3321.52
CIPLA,2023-12-01,December,2369.66,0.0,0.0,2369.66
TASMED(INDIA) PVT.LTD(ASPI,2023-12-01,December,3286.87,2465.15,3936.86,2136.47
OCUZEN HEALTH CARE,2023-12-01,December,2432.06,0.0,954.04,1846.94
3M,2023-12-01,December,0.0,1540.0,0.0,1540.0
RAMAN&WEIL PVT LTD,2023-12-01,December,755.0,960.0,370.0,1425.0
CARE GROUP,2023-12-01,December,3878.12,0.0,3060.0,1396.3
HIMEDIA LABORATORIES PVT L,2023-12-01,December,1168.75,0.0,0.0,1168.75
NEON LABORATORIES LTD,2023-12-01,December,1098.0,4342.5,4882.5,843.0
SANGAM HEALTHCARE (SAFTI-N,2023-12-01,December,37.5,637.5,0.0,662.5
LENORA GLOVE PVT.LTD,2023-12-01,December,662.5,0.0,0.0,662.5
AUSTRAK PHARMA,2023-12-01,December,545.16,0.0,0.0,630.45
MEDIKLIN HEALTHCARE LTD,2023-12-01,December,720.0,280.0,960.0,560.0
SHERWYN PHARMACEUTICALS PV,2023-12-01,December,515.9,0.0,0.0,515.9
AJANTA PHARMA LTD,2023-12-01,December,856.9,0.0,510.0,406.9
CLARIS OSTUKA,2023-12-01,December,560.0,8478.0,9275.0,270.0
RAMSONS,2023-12-01,December,0.0,450.0,250.0,225.0
DISPOVAN,2023-12-01,December,2046.5,1723.0,3870.0,179.0
BAXTER INDIA PVT LTD,2023-12-01,December,49.0,0.0,0.0,49.0
FDC,2023-12-01,December,42.19,0.0,0.0,42.19
SHERWYN PHARMA(GENORA),2023-12-01,December,38.58,0.0,0.0,38.58
BORN HEALTHCARE PVT LTD,2023-12-01,December,25.25,252.5,280.0,25.25
JMS CO LTD,2023-12-01,December,0.0,1990.0,2200.0,0.0
HINDUSTAN SYRINGS & MEDICA,2023-12-01,December,0.0,265.0,290.0,0.0
CHC,2023-12-01,December,700.0,0.0,1100.0,0.0
THE RAMARAJU COTTON MILLS,2023-12-01,December,486.0,324.0,900.0,0.0
GLASS VAN,2023-12-01,December,0.0,265.0,290.0,0.0
G.T.RAJ TEX,2023-12-01,December,420.0,0.0,460.0,0.0
BECTON DICKINSON & COMPANY,2023-12-01,December,2010.0,0.0,2160.0,0.0
SOMA SCIENTIFICS&SURGICALS,2023-12-01,December,0.0,122.0,150.0,0.0
SURGICARE,2023-12-01,December,412.5,412.5,931.25,0.0
ALLERGAN INDIA PVT LTD,2023-12-01,December,2860.35,-2860.36,0.0,0.0
HIS EYENESS OPTHALMICS,2024-01-01,January,102802.44,124339.0,69265.78,169360.6
SUNWAYS PHARMACEUTICALS,2024-01-01,January,172870.02,111608.98,139949.95,150048.89
ENTOD PHAMA(ENSIGHT),2024-01-01,January,67179.07,105119.88,103938.48,84414.33
SUNWAYS PHARMACEUTICALS(RE,2024-01-01,January,84121.33,49428.79,57033.37,82022.76
SUNWAYS PHARMACEUTICALS(OR,2024-01-01,January,50423.95,54049.09,44144.99,64829.33
APPASAMY OCULAR DEVICES P,2024-01-01,January,62494.29,62972.55,80213.38,57210.4
SENSES PHARMACEUTICALS LTD,2024-01-01,January,66213.29,30548.4,48918.21,53625.49
AMNEAL HEALTHCARE PVT LTD,2024-01-01,January,0.0,44386.0,0.0,44386.0
HICARE PHARMA,2024-01-01,January,25420.01,24506.5,8908.02,41546.39
ENTOD PHARMA-G TECH,2024-01-01,January,32898.16,30217.2,28323.1,38278.49
SENTISS PHARMA PVT LTD,2024-01-01,January,0.0,43513.46,0.0,38146.57
ZIVIRA LABS PVT.LTD,2024-01-01,January,39402.51,22316.1,31228.87,35133.84
ENTOD PHARMACEUTICALS LTD,2024-01-01,January,36115.67,19765.41,36026.13,28188.99
BERRY&HERBS PHARMA PVT LTD,2024-01-01,January,34324.73,0.0,7295.12,27625.06
ZIVIRA ASTRA DIVISION,2024-01-01,January,16037.19,2308.44,1851.21,26733.73
ENTOD GLOTEK DIVISION,2024-01-01,January,17383.3,16730.15,10866.4,25335.17
SHERINGS,2024-01-01,January,30151.14,9547.5,23817.12,18585.75
TASMED (INDIA) PVT LTD(PAS,2024-01-01,January,20159.3,11337.04,16712.15,15923.26
APPLE PHARMACEUTICALS,2024-01-01,January,3394.8,10241.55,0.0,13636.35
AUROLAB,2024-01-01,January,7482.45,17293.9,14700.53,12555.64
PRIDE&PRIME PHARMACEUTICAL,2024-01-01,January,12499.71,0.0,0.0,12499.71
AICE HEALTH CARE PVT LTD,2024-01-01,January,8713.88,8400.19,8629.12,9453.17
TASMED(INDIA) PVT.LTD(ASPI,2024-01-01,January,2136.47,6573.74,2326.32,6573.74
TAS MED(INDIA)PVT.LTD(VALL,2024-01-01,January,3321.52,7746.68,4893.65,6493.07
FSD CARE PHRAMA PVT LTD,2024-01-01,January,6208.2,0.0,0.0,6208.2
SUBHAM PHARMACEUTICALS,2024-01-01,January,6060.76,0.0,0.0,6060.76
ETHICON,2024-01-01,January,0.0,2851.75,0.0,3174.7
OCUZEN HEALTH CARE,2024-01-01,January,1846.94,2194.2,2289.94,2578.34
CIPLA,2024-01-01,January,2369.66,0.0,0.0,2369.66
3M,2024-01-01,January,1540.0,0.0,0.0,1540.0
RAMAN&WEIL PVT LTD,2024-01-01,January,1425.0,0.0,0.0,1425.0
HIMEDIA LABORATORIES PVT L,2024-01-01,January,1168.75,0.0,0.0,1168.75
CARE GROUP,2024-01-01,January,1396.3,0.0,720.0,752.3
MEDIKLIN HEALTHCARE LTD,2024-01-01,January,560.0,560.0,525.0,700.0
LENORA GLOVE PVT.LTD,2024-01-01,January,662.5,0.0,0.0,662.5
AUSTRAK PHARMA,2024-01-01,January,630.45,0.0,0.0,630.45
SANGAM HEALTHCARE (SAFTI-N,2024-01-01,January,662.5,1250.0,1540.0,537.5
SHERWYN PHARMACEUTICALS PV,2024-01-01,January,515.9,0.0,0.0,515.9
AJANTA PHARMA LTD,2024-01-01,January,406.9,0.0,0.0,406.9
3MIL,2024-01-01,January,0.0,270.0,0.0,270.0
RAMSONS,2024-01-01,January,225.0,0.0,0.0,225.0
DYNAMIC TECHNO MEDICALS PV,2024-01-01,January,0.0,200.0,0.0,200.0
TEKAY PRODUCTS,2024-01-01,January,0.0,200.0,0.0,200.0
NEON LABORATORIES LTD,2024-01-01,January,843.0,3053.5,3966.0,178.5
BAXTER INDIA PVT LTD,2024-01-01,January,49.0,0.0,0.0,49.0
FDC,2024-01-01,January,42.19,0.0,0.0,42.19
SHERWYN PHARMA(GENORA),2024-01-01,January,38.58,0.0,0.0,38.58
BORN HEALTHCARE PVT LTD,2024-01-01,January,25.25,378.75,420.0,25.25
SURGICARE,2024-01-01,January,0.0,1650.0,1925.0,0.0
REGAL LABORATORIES,2024-01-01,January,0.0,550.0,620.0,0.0
CHC,2024-01-01,January,0.0,280.0,360.0,0.0
THE RAMARAJU COTTON MILLS,2024-01-01,January,0.0,972.0,1065.0,0.0
HINDUSTAN SYRINGS & MEDICA,2024-01-01,January,0.0,265.0,290.0,0.0
EZTEST,2024-01-01,January,0.0,2100.0,2800.0,0.0
GLASS VAN,2024-01-01,January,0.0,265.0,290.0,0.0
CLARIS OSTUKA,2024-01-01,January,270.0,448.0,780.0,0.0
RANBAXY,2024-01-01,January,0.0,425.0,460.0,0.0
G.T.RAJ TEX,2024-01-01,January,0.0,630.0,730.0,0.0
DISPOVAN,2024-01-01,January,179.0,2572.0,3015.0,0.0
INTAS PHARMACEUTICALS PVT,2024-01-01,January,0.0,400.0,600.0,0.0
ALKEM LABORATORIES LTD,2024-01-01,January,0.0,114.0,130.0,0.0
HIS EYENESS OPTHALMICS,2024-02-01,February,169360.72,105397.2,121118.57,173329.5
SUNWAYS PHARMACEUTICALS,2024-02-01,February,150049.07,44041.05,106310.42,95764.44
SENTISS PHARMA PVT LTD,2024-02-01,February,38146.65,57600.0,3612.08,92666.23
APPASAMY OCULAR DEVICES P,2024-02-01,February,57210.4,91147.29,85126.89,76602.0
SUNWAYS PHARMACEUTICALS(RE,2024-02-01,February,82022.85,36963.5,55534.38,71359.77
ENTOD PHAMA(ENSIGHT),2024-02-01,February,84414.37,102372.26,141983.94,69681.0
SENSES PHARMACEUTICALS LTD,2024-02-01,February,53625.49,49674.75,42442.59,66756.4
ENTOD PHARMACEUTICALS LTD,2024-02-01,February,28188.99,58184.25,24916.64,65753.01
SUNWAYS PHARMACEUTICALS(OR,2024-02-01,February,64829.38,75403.53,96053.6,55573.25
AMNEAL HEALTHCARE PVT LTD,2024-02-01,February,44386.0,0.0,0.0,44386.0
BERRY&HERBS PHARMA PVT LTD,2024-02-01,February,27625.13,91342.0,84506.19,44169.94
HICARE PHARMA,2024-02-01,February,41546.46,28234.3,41117.85,34634.85
ENTOD PHARMA-G TECH,2024-02-01,February,38278.49,28594.24,37515.68,32726.27
NEOMEDIX HEALTHCARE INDIA,2024-02-01,February,0.0,44044.72,9110.0,30925.72
SHERINGS,2024-02-01,February,18585.75,30600.9,22045.38,29138.02
AICE HEALTH CARE PVT LTD,2024-02-01,February,9453.17,20699.95,4865.78,23563.8
ZIVIRA ASTRA DIVISION,2024-02-01,February,26733.86,0.0,5130.58,22519.96
ZIVIRA LABS PVT.LTD,2024-02-01,February,35133.87,5853.2,23757.64,19690.12
TASMED (INDIA) PVT LTD(PAS,2024-02-01,February,15923.26,18717.25,17017.26,19675.12
ENTOD GLOTEK DIVISION,2024-02-01,February,25335.17,20814.08,35008.63,17989.09
PRIDE&PRIME PHARMACEUTICAL,2024-02-01,February,12499.71,0.0,0.0,12499.71
AUROLAB,2024-02-01,February,12555.64,7628.4,11317.02,10889.28
APPLE PHARMACEUTICALS,2024-02-01,February,13636.35,0.0,3518.2,10404.0
TAS MED(INDIA)PVT.LTD(VALL,2024-02-01,February,6493.07,11283.01,8927.12,9524.1
FSD CARE PHRAMA PVT LTD,2024-02-01,February,6208.2,0.0,0.0,6208.2
SUBHAM PHARMACEUTICALS,2024-02-01,February,6060.76,0.0,0.0,6060.76
TASMED(INDIA) PVT.LTD(ASPI,2024-02-01,February,6573.74,3286.87,7157.92,3286.87
ETHICON,2024-02-01,February,3174.7,1120.0,1340.0,3174.7
CIPLA,2024-02-01,February,2369.66,0.0,0.0,2369.66
CARE GROUP,2024-02-01,February,752.3,7574.88,6742.4,2319.74
OCUZEN HEALTH CARE,2024-02-01,February,2578.34,0.0,1311.5,1773.8
3M,2024-02-01,February,1540.0,0.0,0.0,1540.0
HIMEDIA LABORATORIES PVT L,2024-02-01,February,1168.75,0.0,0.0,1168.75
MEDIKLIN HEALTHCARE LTD,2024-02-01,February,700.0,1040.0,1320.0,700.0
LENORA GLOVE PVT.LTD,2024-02-01,February,662.5,0.0,0.0,662.5
AUSTRAK PHARMA,2024-02-01,February,630.45,0.0,0.0,630.45
THE RAMARAJU COTTON MILLS,2024-02-01,February,0.0,3105.0,2840.0,579.0
SANGAM HEALTHCARE (SAFTI-N,2024-02-01,February,537.5,0.0,0.0,537.5
SHERWYN PHARMACEUTICALS PV,2024-02-01,February,515.9,0.0,0.0,515.9
RAMAN&WEIL PVT LTD,2024-02-01,February,1425.0,2345.0,3820.0,420.0
AJANTA PHARMA LTD,2024-02-01,February,406.9,0.0,0.0,406.9
3MIL,2024-02-01,February,270.0,0.0,0.0,270.0
RAMSONS,2024-02-01,February,225.0,0.0,0.0,225.0
CLARIS OSTUKA,2024-02-01,February,0.0,1344.0,1200.0,224.0
DYNAMIC TECHNO MEDICALS PV,2024-02-01,February,200.0,0.0,0.0,200.0
TEKAY PRODUCTS,2024-02-01,February,200.0,0.0,0.0,200.0
NEON LABORATORIES LTD,2024-02-01,February,178.5,12003.0,12779.5,127.5
BAXTER INDIA PVT LTD,2024-02-01,February,49.0,0.0,0.0,49.0
FDC,2024-02-01,February,42.19,0.0,0.0,42.19
SHERWYN PHARMA(GENORA),2024-02-01,February,38.58,0.0,0.0,38.58
BORN HEALTHCARE PVT LTD,2024-02-01,February,25.25,0.0,0.0,25.25
BECTON DICKINSON & COMPANY,2024-02-01,February,0.0,670.0,720.0,0.0
G.T.RAJ TEX,2024-02-01,February,0.0,420.0,500.0,0.0
DISPOVAN,2024-02-01,February,0.0,2157.0,2340.0,0.0
JMS CO LTD,2024-02-01,February,0.0,1990.0,2200.0,0.0
GERMAN REMEDIES PHARMACEUT,2024-02-01,February,0.0,390.0,440.0,0.0
ALKEM LABORATORIES LTD,2024-02-01,February,0.0,276.0,294.0,0.0
CHC,2024-02-01,February,0.0,420.0,540.0,0.0
RANBAXY,2024-02-01,February,0.0,1275.0,1380.0,0.0
HIS EYENESS OPTHALMICS,2024-03-01,March,173329.79,120929.1,120958.34,193991.74
SENTISS PHARMA PVT LTD,2024-03-01,March,92666.5,57244.0,23524.01,129687.9
SENSES PHARMACEUTICALS LTD,2024-03-01,March,66756.45,94555.73,84914.3,88206.81
SUNWAYS PHARMACEUTICALS,2024-03-01,March,95764.49,28028.26,52048.86,78528.57
ENTOD PHAMA(ENSIGHT),2024-03-01,March,69681.1,114721.86,132537.66,77440.36
APPASAMY OCULAR DEVICES P,2024-03-01,March,76602.08,33891.35,68111.09,53469.65
AMNEAL HEALTHCARE PVT LTD,2024-03-01,March,44386.0,0.0,4296.0,40090.0
ENTOD PHARMACEUTICALS LTD,2024-03-01,March,65753.09,-2762.74,28120.65,39761.0
BERRY&HERBS PHARMA PVT LTD,2024-03-01,March,44170.04,33498.0,44809.16,36861.34
SUNWAYS PHARMACEUTICALS(RE,2024-03-01,March,71359.77,-60.27,39540.1,36319.29
SUNWAYS PHARMACEUTICALS(OR,2024-03-01,March,55573.26,8774.65,37660.63,30584.33
NEOMEDIX HEALTHCARE INDIA,2024-03-01,March,30925.72,0.0,1987.0,28065.02
AICE HEALTH CARE PVT LTD,2024-03-01,March,23563.8,12536.0,11438.03,24494.46
ENTOD PHARMA-G TECH,2024-03-01,March,32726.27,10762.77,28361.89,19244.4
ZIVIRA LABS PVT.LTD,2024-03-01,March,19690.12,10041.75,21896.35,18833.62
SHERINGS,2024-03-01,March,29138.02,8135.4,21841.06,17580.46
ENTOD GLOTEK DIVISION,2024-03-01,March,17989.09,6562.71,17279.55,14679.05
PRIDE&PRIME PHARMACEUTICAL,2024-03-01,March,12499.71,0.0,0.0,12499.71
WELNINNOV PHARMACEUTICALS,2024-03-01,March,0.0,13563.4,1392.9,11996.4
HICARE PHARMA,2024-03-01,March,34634.85,24085.21,58988.47,9087.04
AUROLAB,2024-03-01,March,10889.28,14579.5,22529.4,6989.12
TAS MED(INDIA)PVT.LTD(VALL,2024-03-01,March,9524.1,0.0,2724.46,6942.98
CARE GROUP,2024-03-01,March,2319.74,4440.0,0.0,6759.74
ZIVIRA ASTRA DIVISION,2024-03-01,March,22520.0,10558.86,26458.65,6229.07
FSD CARE PHRAMA PVT LTD,2024-03-01,March,6208.2,0.0,0.0,6208.2
TASMED (INDIA) PVT LTD(PAS,2024-03-01,March,19675.12,-813.37,14410.8,6163.75
APPLE PHARMACEUTICALS,2024-03-01,March,10404.0,0.0,5929.0,4959.0
ETHICON,2024-03-01,March,3174.7,7619.28,9360.0,3174.7
OCUZEN HEALTH CARE,2024-03-01,March,1773.8,3291.3,3188.72,2980.58
SANGAM HEALTHCARE (SAFTI-N,2024-03-01,March,537.5,0.0,0.0,537.5
AJANTA PHARMA LTD,2024-03-01,March,406.9,0.0,0.0,406.9
AUSTRAK PHARMA,2024-03-01,March,630.45,-362.12,0.0,289.3
3MIL,2024-03-01,March,270.0,0.0,0.0,270.0
MEDIKLIN HEALTHCARE LTD,2024-03-01,March,700.0,-560.0,0.0,140.0
FDC,2024-03-01,March,42.19,0.0,0.0,42.19
SURGICARE,2024-03-01,March,0.0,412.5,481.25,0.0
BAXTER INDIA PVT LTD,2024-03-01,March,49.0,-49.0,0.0,0.0
CADILA,2024-03-01,March,0.0,126.0,140.0,0.0
NEON LABORATORIES LTD,2024-03-01,March,127.5,1695.0,2420.0,0.0
RAMSONS,2024-03-01,March,225.0,-225.0,0.0,0.0
THE RAMARAJU COTTON MILLS,2024-03-01,March,579.0,2220.0,3035.0,0.0
RAMAN&WEIL PVT LTD,2024-03-01,March,420.0,-290.0,0.0,0.0
BECTON DICKINSON & COMPANY,2024-03-01,March,0.0,1675.0,1800.0,0.0
CLARIS OSTUKA,2024-03-01,March,224.0,181.0,450.0,0.0
SOMA SCIENTIFICS&SURGICALS,2024-03-01,March,0.0,122.0,150.0,0.0
TASMED(INDIA) PVT.LTD(ASPI,2024-03-01,March,3286.87,0.0,3578.96,0.0
TEKAY PRODUCTS,2024-03-01,March,200.0,-200.0,0.0,0.0
SHERWYN PHARMA(GENORA),2024-03-01,March,38.58,-37.93,0.0,0.0
SUBHAM PHARMACEUTICALS,2024-03-01,March,6060.76,-6647.71,0.0,0.0
3M,2024-03-01,March,1540.0,-1540.0,0.0,0.0
BORN HEALTHCARE PVT LTD,2024-03-01,March,25.25,-19.0,0.0,0.0
HIMEDIA LABORATORIES PVT L,2024-03-01,March,1168.75,-1168.75,0.0,0.0
CHC,2024-03-01,March,0.0,280.0,440.0,0.0
DYNAMIC TECHNO MEDICALS PV,2024-03-01,March,200.0,-200.0,0.0,0.0
CIPLA,2024-03-01,March,2369.66,-2369.65,0.0,0.0
REGAL LABORATORIES,2024-03-01,March,0.0,1180.0,1240.0,0.0
JMS CO LTD,2024-03-01,March,0.0,1194.0,1320.0,0.0
SHERWYN PHARMACEUTICALS PV,2024-03-01,March,515.9,-792.06,0.0,0.0
DISPOVAN,2024-03-01,March,0.0,1048.0,1140.0,0.0
LENORA GLOVE PVT.LTD,2024-03-01,March,662.5,-662.5,0.0,0.0
EYEKENZ HEALTHCARE PVT LTD,2024-04-01,April,0.0,361346.21,33259.6,321434.32
HIS EYENESS OPTHALMICS,2024-04-01,April,195224.6,173385.4,157519.2,237584.14
SENTISS PHARMA PVT LTD,2024-04-01,April,129170.38,82381.0,67096.68,154108.29
ENTOD PHAMA(ENSIGHT),2024-04-01,April,79397.39,65618.95,78207.71,79379.14
SUNWAYS PHARMACEUTICALS,2024-04-01,April,79224.07,59099.78,73187.32,77429.97
SENSES PHARMACEUTICALS LTD,2024-04-01,April,88021.35,33586.5,62202.23,67955.72
NEOMEDIX HEALTHCARE INDIA,2024-04-01,April,28065.02,41920.1,4487.0,63749.42
APPASAMY OCULAR DEVICES P,2024-04-01,April,54587.92,36446.78,39507.27,57362.5
SUNWAYS PHARMACEUTICALS(OR,2024-04-01,April,30584.72,72938.67,54445.1,56447.83
BERRY&HERBS PHARMA PVT LTD,2024-04-01,April,36023.93,33498.0,23579.21,49143.94
AMNEAL HEALTHCARE PVT LTD,2024-04-01,April,40090.0,0.0,0.0,40090.0
ENTOD PHARMACEUTICALS LTD,2024-04-01,April,39804.49,35357.11,55810.65,38251.31
LAVUE PHARMA. PVT LTD,2024-04-01,April,0.0,35140.6,0.0,35140.6
SUNWAYS PHARMACEUTICALS(RE,2024-04-01,April,36439.47,14924.5,21569.88,34962.39
ENTOD PHARMA-G TECH,2024-04-01,April,18009.86,50234.96,42803.1,29597.43
ZIVIRA LABS PVT.LTD,2024-04-01,April,23162.99,39389.7,35602.13,29301.97
ENTOD GLOTEK DIVISION,2024-04-01,April,14139.75,43555.52,35194.58,29265.04
AICE HEALTH CARE PVT LTD,2024-04-01,April,23120.78,0.0,2865.19,20537.45
SHERINGS,2024-04-01,April,17367.57,13476.5,13785.73,18796.42
HICARE PHARMA,2024-04-01,April,8894.3,14946.6,13708.79,16092.09
PRIDE&PRIME PHARMACEUTICAL,2024-04-01,April,12499.71,0.0,0.0,12499.71
WELNINNOV PHARMACEUTICALS,2024-04-01,April,11996.4,3907.4,5400.21,11056.2
TAS MED(INDIA)PVT.LTD(VALL,2024-04-01,April,6956.87,7381.98,5394.45,9796.07
AUROLAB,2024-04-01,April,7057.72,7960.3,8083.16,8498.4
CARE GROUP,2024-04-01,April,6759.74,0.0,170.0,6611.74
FSD CARE PHRAMA PVT LTD,2024-04-01,April,6208.2,0.0,0.0,6208.2
APPLE PHARMACEUTICALS,2024-04-01,April,4959.0,13602.6,14580.0,5487.43
OCUZEN HEALTH CARE,2024-04-01,April,2980.58,3291.3,3241.54,4150.82
TASMED(INDIA) PVT.LTD(ASPI,2024-04-01,April,0.0,8217.17,5368.44,3286.87
ETHICON,2024-04-01,April,3174.7,0.0,0.0,3174.7
ZIVIRA ASTRA DIVISION,2024-04-01,April,6300.2,165.97,4846.04,2836.74
TASMED (INDIA) PVT LTD(PAS,2024-04-01,April,6163.76,5853.77,11346.62,1932.42
SANGAM HEALTHCARE (SAFTI-N,2024-04-01,April,537.5,0.0,0.0,537.5
AJANTA PHARMA LTD,2024-04-01,April,406.9,0.0,0.0,406.9
DISPOVAN,2024-04-01,April,0.0,786.0,465.0,358.0
AUSTRAK PHARMA,2024-04-01,April,289.3,0.0,0.0,289.3
3MIL,2024-04-01,April,270.0,0.0,0.0,270.0
MEDIKLIN HEALTHCARE LTD,2024-04-01,April,140.0,0.0,0.0,140.0
CADILA,2024-04-01,April,0.0,126.0,0.0,126.0
FDC,2024-04-01,April,42.19,0.0,0.0,42.19
JMS CO LTD,2024-04-01,April,0.0,398.0,440.0,0.0
CLARIS OSTUKA,2024-04-01,April,0.0,382.0,420.0,0.0
BECTON DICKINSON & COMPANY,2024-04-01,April,0.0,335.0,370.0,0.0
RAMAN&WEIL PVT LTD,2024-04-01,April,0.0,3265.0,3721.0,0.0
BORN HEALTHCARE PVT LTD,2024-04-01,April,0.0,505.0,560.0,0.0
G.T.RAJ TEX,2024-04-01,April,0.0,210.0,250.0,0.0
THE RAMARAJU COTTON MILLS,2024-04-01,April,0.0,324.0,360.0,0.0
TEKAY PRODUCTS,2024-04-01,April,0.0,240.0,300.0,0.0
EYEKENZ HEALTHCARE PVT LTD,2024-05-01,May,321434.52,97495.16,106614.87,300553.17
SENTISS PHARMA PVT LTD,2024-05-01,May,154108.59,60478.5,29289.11,189698.97
HIS EYENESS OPTHALMICS,2024-05-01,May,237584.3,55260.5,136468.15,180175.17
SENSES PHARMACEUTICALS LTD,2024-05-01,May,67955.77,91030.45,58834.69,107172.3
BERRY&HERBS PHARMA PVT LTD,2024-05-01,May,49143.98,79169.0,52915.69,80051.84
SUNWAYS PHARMACEUTICALS,2024-05-01,May,77430.05,63818.24,73613.99,74927.42
NEOMEDIX HEALTHCARE INDIA,2024-05-01,May,63749.42,0.0,0.0,63749.42
SUNWAYS PHARMACEUTICALS(OR,2024-05-01,May,56447.88,58986.18,61940.05,59300.35
ENTOD PHAMA(ENSIGHT),2024-05-01,May,79379.23,81337.78,138024.33,52435.16
LAVUE PHARMA. PVT LTD,2024-05-01,May,35140.6,15682.8,12077.45,41574.35
ENTOD GLOTEK DIVISION,2024-05-01,May,29265.04,34429.61,34423.41,38291.59
ENTOD PHARMACEUTICALS LTD,2024-05-01,May,38251.31,37411.15,51916.12,32938.92
ENTOD PHARMA-G TECH,2024-05-01,May,29597.46,42665.7,48218.17,32450.03
SHERINGS,2024-05-01,May,18796.42,27548.64,18424.61,29904.55
AMNEAL HEALTHCARE PVT LTD,2024-05-01,May,40090.0,0.0,9172.5,29807.0
SUNWAYS PHARMACEUTICALS(RE,2024-05-01,May,34962.39,21406.95,30805.51,29115.56
HICARE PHARMA,2024-05-01,May,16092.09,26391.3,15464.21,28329.65
ZIVIRA LABS PVT.LTD,2024-05-01,May,29301.97,25441.93,30413.48,25786.82
APPASAMY OCULAR DEVICES P,2024-05-01,May,57362.5,40321.04,84758.21,25510.32
ZIVIRA ASTRA DIVISION,2024-05-01,May,2836.74,29247.3,14354.03,25361.07
AICE HEALTH CARE PVT LTD,2024-05-01,May,20537.45,6750.0,8799.79,19887.02
PRIDE&PRIME PHARMACEUTICAL,2024-05-01,May,12499.71,0.0,0.0,12499.71
TASMED (INDIA) PVT LTD(PAS,2024-05-01,May,1932.42,18935.85,13692.81,8829.74
APPLE PHARMACEUTICALS,2024-05-01,May,5487.43,9172.35,6468.0,8719.78
AUROLAB,2024-05-01,May,8498.4,9701.3,12336.4,8393.28
FSD CARE PHRAMA PVT LTD,2024-05-01,May,6208.2,0.0,0.0,6208.2
TASMED(INDIA) PVT.LTD(ASPI,2024-05-01,May,3286.87,3286.87,3578.96,3286.87
ETHICON,2024-05-01,May,3174.7,0.0,0.0,3174.7
TAS MED(INDIA)PVT.LTD(VALL,2024-05-01,May,9796.07,19594.2,29780.4,2778.48
CARE GROUP,2024-05-01,May,6611.74,0.0,4620.0,2467.74
OCUZEN HEALTH CARE,2024-05-01,May,4150.82,0.0,4047.96,1408.06
SANGAM HEALTHCARE (SAFTI-N,2024-05-01,May,537.5,0.0,0.0,537.5
AJANTA PHARMA LTD,2024-05-01,May,406.9,0.0,0.0,406.9
AUSTRAK PHARMA,2024-05-01,May,289.3,0.0,0.0,289.3
3MIL,2024-05-01,May,270.0,0.0,0.0,270.0
MEDIKLIN HEALTHCARE LTD,2024-05-01,May,140.0,0.0,0.0,140.0
FDC,2024-05-01,May,42.19,0.0,0.0,42.19
BORN HEALTHCARE PVT LTD,2024-05-01,May,0.0,631.25,700.0,0.0
CLARIS OSTUKA,2024-05-01,May,0.0,382.0,420.0,0.0
ALKEM LABORATORIES LTD,2024-05-01,May,0.0,228.0,260.0,0.0
DISPOVAN,2024-05-01,May,358.0,607.0,1050.0,0.0
WELNINNOV PHARMACEUTICALS,2024-05-01,May,11056.2,-11056.2,0.0,0.0
REGAL LABORATORIES,2024-05-01,May,0.0,560.0,620.0,0.0
THE RAMARAJU COTTON MILLS,2024-05-01,May,0.0,486.0,540.0,0.0
G.T.RAJ TEX,2024-05-01,May,0.0,610.0,750.0,0.0
CADILA,2024-05-01,May,126.0,0.0,140.0,0.0
RAMAN&WEIL PVT LTD,2024-05-01,May,0.0,2210.0,2600.0,0.0
SURGICARE,2024-05-01,May,0.0,1627.5,1868.75,0.0
