itemdescri,qty,value,e,f,g,h,i,j,k
"","","","","","","","","",""
"ALKEM LABORATORIES LTD","","","","","","","","",""
"ENTISEP                       1000ML","  1","92.00","  -","0.00","  1","98.00","  -","0.00","  -"
"POVIKEM                       500ML","  1","114.00","  1","114.00","  2","250.00","  -","0.00","  -"
" TOTAL","  2","206.00","  1","114.00","  3","348.00","  0","0.00","  0"
"","","","","","","","","",""
"ALLERGAN INDIA PVT LTD","","","","","","","","",""
"COMBIGAN                      5ML","  5","1611.15","  -","0.00","  5","1698.71","  -","0.00","  -"
"L-PRED                        5ML","  3","403.55","  -","0.00","  -","0.00","  3","403.55","  1"
"LUMIGAN 0.01%                 3ML","  5","2133.68","  -","0.00","  -","0.00","  5","2133.68","  5"
"OPTIVE                        10ML"," 16","1624.21","  -","0.00"," 16","1719.09","  -","0.00","  -"
"PREDFORTE                     10ML"," 10","456.76","  -","0.00","  9","424.07","  1","45.68","  -"
"REFRESH LIQUIGEL              10ML"," 20","3118.43","  -","0.00","  4","664.36"," 16","2494.74","  -"
"REFRESH TEARS                 10ML"," 19","2136.23","  -","0.00"," 19","2252.33","  -","0.00","  -"
"TEARSPLUS                     10ML"," 13","927.26","  -","0.00","  5","378.35","  8","570.62","  -"
"ZYMAR E/O                     5GM"," 10","740.20","  -","0.00","  -","0.00"," 10","740.20","  8"
" TOTAL","101","13151.47","  0","0.00"," 58","7136.91"," 43","6388.47","  0"
"","","","","","","","","",""
"APPASAMY OCULAR DEVICES P LTD","","","","","","","","",""
"A-CAINE                       5ML"," 28","990.08"," 50","1768.00"," 23","903.90"," 55","1944.80","  5"
"AFLUR                         5ML","  -","0.00"," 60","1574.50","  -","0.00"," 60","1574.50","  -"
"APIDINE-5                     5ML"," 25","489.75"," 50","937.00"," 35","695.80"," 40","783.60","  -"
"APPAMIDE PLUS                 5ML"," 40","1527.27"," 30","1050.00"," 35","1633.45"," 35","1336.36","  -"
"APPAVISC 5ML                  5ML","120","6109.09","  -","0.00"," 65","4046.25"," 55","2800.00","  -"
"APPAVISC PFS 3ML              3ML"," 51","4554.81"," 30","2435.70"," 30","2707.50"," 51","4554.81","  -"
"APPAVISC VAIL 3ML             3ML"," 25","1096.14","  -","0.00","  -","0.00"," 25","1096.14","  -"
"ART                           10ML","  -","0.00"," 45","2509.20"," 45","2788.20","  -","0.00","  -"
"ART GEL                       10ML"," 78","3954.08"," 75","3802.00"," 76","4388.41"," 77","3903.38","  -"
"ART PLUS                      10ML"," 83","3658.64","  -","0.00"," 58","2880.02"," 25","1102.00","  -"
"B-CAINE 10ML                  1S","  5","123.75","  -","0.00","  -","0.00","  5","123.75","  5"
"C-PENT                        5ML"," 39","931.78"," 60","1433.50"," 49","1536.29"," 50","1194.59","  -"
"CLEARSOL 500ML                1S"," 24","2832.00"," 36","4248.00"," 12","1560.00"," 48","5664.00","  -"
"COHEVISC 1.4                  1S"," 10","3000.00"," 10","3000.00"," 10","3500.00"," 10","3000.00","  -"
"HYLOR                         1S"," 40","4040.00","  -","0.00"," 40","4506.00","  -","0.00","  -"
"MIOCHOL 1ML                   1ML"," 33","636.30"," 33","636.30"," 40","942.80"," 26","501.33","  -"
"MOXIFUR 5ML                   5ML","  -","0.00"," 24","1454.60"," 24","1616.20","  -","0.00","  -"
"MOXIFUR INJ 1ML               1ML"," 48","1851.49","110","4243.00"," 88","4148.32"," 70","2700.09","  -"
"MOXIFUR-LP                    5ML"," 24","1540.20","  -","0.00","  -","0.00"," 24","1540.20"," 24"
"MYOPED                        5ML"," 10","1171.42"," 24","2635.80"," 10","1195.87"," 24","2811.40","  -"
"RHEX-ID 1ML                   1ML","104","5481.75","154","8117.20","165","10630.95"," 93","4901.95","  -"
"SUPRACOAT PLUS                1ML","  1","990.00","  -","0.00","  -","0.00","  1","990.00","  -"
" TOTAL","788","44978.54","791","39844.80","805","49679.96","774","42522.9","  0"
"","","","","","","","","",""
"APPLE PHARMACEUTICALS","","","","","","","","",""
"ADD-LUBI                      10ML"," 12","900.00","  -","0.00","  -","0.00"," 12","900.00"," 12"
"MOXAP-LP                      5ML"," 36","3166.02","  -","0.00"," 36","3510.00","  -","0.00","  -"
"NEPAFLO E/D                   5ML"," 60","5445.00","  -","0.00"," 60","5929.00","  -","0.00","  -"
" TOTAL","108","9511.02","  0","0.00"," 96","9439.00"," 12","900.00","  0"
"","","","","","","","","",""
"TOTAL","1068","74117.84","792","39958.80","982","67469.00","878","55252.3","  0"
"","","","Continued .","","","","","",""
"SRI HANUMAN MEDICAL DISTRIBUTORS","","","","","","","","",""
"","","","Page No..2","","","","","",""
"STOCK & SALES ANALYSIS","","","","","","","","",""
"ITEM DESCRIPTION","   OPENING","","   RECEIPT","","   ISSUE","","   CLOSING","","DUMP"
"","QTY.","VALUE","QTY.","VALUE","QTY.","VALUE","QTY.","VALUE","QTY."
"","","","","","","","","",""
"","","","","","","","","",""
"AUROLAB","","","","","","","","",""
"AUROCAINE                     5ML","  -","0.00"," 20","775.00"," 20","900.00","  -","0.00","  -"
"AUROMIDE PLUS                 5ML","  1","40.91"," 22","900.00"," 15","846.72","  8","327.27","  1"
"FLURES                        3ML"," 20","1882.00","  -","0.00"," 10","1000.00"," 10","941.00"," 10"
"LID CLEAN                     50ML","  -","0.00"," 15","1687.50"," 10","1300.00","  5","562.50","  -"
"PILO                          5ML","  1","39.33","  -","0.00","  -","0.00","  1","39.33","  -"
"TPROST                        3ML"," 40","3625.00","  -","0.00"," 40","4547.20","  -","0.00","  -"
"VOZOLE E/D                    30MG"," 19","4275.00","  -","0.00","  5","1372.00"," 14","3150.00","  2"
" TOTAL"," 81","9862.24"," 57","3362.50","100","9965.92"," 38","5020.10","  0"
"","","","","","","","","",""
"BARODA SURGICAL BIOMEDS","","","","","","","","",""
"FORMALIN TAB                  100S","  -","0.00","  1","56.00","  1","64.00","  -","0.00","  -"
" TOTAL","  0","0.00","  1","56.00","  1","64.00","  0","0.00","  0"
"","","","","","","","","",""
"BORN HEALTHCARE PVT LTD","","","","","","","","",""
"NS-500ML                      500ML","  1","23.50","  -","0.00","  -","0.00","  1","23.50","  1"
" TOTAL","  1","23.50","  0","0.00","  0","0.00","  1","23.50","  0"
"","","","","","","","","",""
"CADILA","","","","","","","","",""
"DEXASONE 2ML                  2ML"," 10","63.00"," 20","126.00"," 30","210.00","  -","0.00","  -"
" TOTAL"," 10","63.00"," 20","126.00"," 30","210.00","  0","0.00","  0"
"","","","","","","","","",""
"CARE GROUP","","","","","","","","",""
"CANNULA NEEDLE                1S","270","270.00","  -","0.00","  -","0.00","270","270.00","270"
"CARELUB                       10ML"," 59","4068.05","  -","0.00","  -","0.00"," 59","4068.05","  -"
"CARELUB-DS                    10ML"," 33","2275.35","  -","0.00","  -","0.00"," 33","2275.35","  -"
"CONTACAINE SOL                5ML"," 24","802.32","  -","0.00","  -","0.00"," 24","802.32"," 10"
"CONTASOL BSS(PP)              250ML"," 24","1425.60","  -","0.00","  -","0.00"," 24","1425.60","  -"
"CONTASOL BSS(PP)              500ML","  1","110.00","  -","0.00","  -","0.00","  1","110.00","  1"
"CONTASOL GLASS 500ML          1'S","  7","824.18","  -","0.00","  -","0.00","  7","824.18","  1"
"FLUO STRIPS                   100S","  4","600.00"," 15","2250.00"," 11","1980.00","  8","1200.00","  -"
"MOCARE-LP                     5ML"," 60","4137.00","  -","0.00","  -","0.00"," 60","4137.00"," 12"
"NEPACON                       5ML"," 48","3298.56","  -","0.00","  -","0.00"," 48","3298.56"," 48"
"ROSE BENGAL STRIPS            100S","  -","0.00","  2","400.00","  -","0.00","  2","400.00","  -"
"TEAR STRIPS                   100S","  -","0.00","  2","400.00","  -","0.00","  2","400.00","  -"
"VISCOLON VAILS                5ML","  -","0.00"," 51","2277.00"," 51","2601.00","  -","0.00","  -"
" TOTAL","530","17811.06"," 70","5327.00"," 62","4581.00","538","19211.0","  0"
"","","","","","","","","",""
"CIPLA","","","","","","","","",""
"ITRANOX 200                   4S"," 40","1724.80","  -","0.00","  -","0.00"," 40","1724.80"," 40"
"OMNIX 200DT                   10S"," 10","567.08","  -","0.00","  -","0.00"," 10","567.08"," 10"
"OMNIX-O TAB                   10S","  1","77.78","  -","0.00","  -","0.00","  1","77.78","  1"
" TOTAL"," 51","2369.66","  0","0.00","  0","0.00"," 51","2369.66","  0"
"","","","","","","","","",""
"CLARIS OSTUKA","","","","","","","","",""
"RL-500ML                      1S","  -","0.00"," 56","1503.60"," 56","1568.00","  -","0.00","  -"
"","","","","","","","","",""
"TOTAL","1741","104247.29","996","50333.90","1231","83857.92","1506","81876.6","  0"
"","","","Continued .","","","","","",""
"","","","","","","","","",""
"SRI HANUMAN MEDICAL DISTRIBUTORS","","","","","","","","",""
"","","","Page No..3","","","","","",""
"STOCK & SALES ANALYSIS","","","","","","","","",""
"ITEM DESCRIPTION","   OPENING","","   RECEIPT","","   ISSUE","","   CLOSING","","DUMP"
"","QTY.","VALUE","QTY.","VALUE","QTY.","VALUE","QTY.","VALUE","QTY."
"","","","","","","","","",""
"ST WATER 10ML                 50","  2","214.00","  1","105.00","  3","335.00","  -","0.00","  -"
" TOTAL","  2","214.00"," 57","1608.60"," 59","1903.00","  0","0.00","  0"
"","","","","","","","","",""
"COASTAL HEALTH CARE","","","","","","","","",""
"ULTRA SCAN GEL                1S","  2","44.00","  -","0.00","  -","0.00","  2","44.00","  -"
" TOTAL","  2","44.00","  0","0.00","  0","0.00","  2","44.00","  0"
"","","","","","","","","",""
"DIAMOND MEDI CARE","","","","","","","","",""
"DI.BUFFANT CAP BL             1'S","  -","0.00","100","150.00","100","180.00","  -","0.00","  -"
"DI.EYE PAD 6*6                1S"," 50","500.00","  -","0.00","  -","0.00"," 50","500.00"," 50"
"DI.SHOE COVER                 1S","  -","0.00","200","320.00","200","350.00","  -","0.00","  -"
" TOTAL"," 50","500.00","300","470.00","300","530.00"," 50","500.00","  0"
"","","","","","","","","",""
"DISPOVAN","","","","","","","","",""
"DISPOVAN 2ML SYG              1S","200","350.00","600","1050.00","800","1490.00","  -","0.00","  -"
"DISPOVAN NDL 24               100S","  -","0.00","  1","68.00","  1","75.00","  -","0.00","  -"
"DISPOVAN NDL 26               100S","  5","355.00"," 11","724.00"," 16","1200.00","  -","0.00","  -"
"DISPOVAN SYG 10ML             1S","  -","0.00"," 50","182.50"," 50","192.50","  -","0.00","  -"
"DISPOVAN SYG 5ML              1S","100","235.00","300","705.00","400","980.00","  -","0.00","  -"
" TOTAL","305","940.00","962","2729.50","1267","3937.50","  0","0.00","  0"
"","","","","","","","","",""
"DYNAMIC TECHNO MEDICALS PVT LTD","","","","","","","","",""
"KNEECAP TYNOR L               1P","  1","175.00","  -","0.00","  -","0.00","  1","175.00","  -"
" TOTAL","  1","175.00","  0","0.00","  0","0.00","  1","175.00","  0"
"","","","","","","","","",""
"ENTOD PHAMA(ENSIGHT)","","","","","","","","",""
"AB-PRESS PF                   10ML","  2","468.79"," 62","12188.19"," 50","10925.00"," 14","3281.51","  -"
"ABPRESS                       5ML","  9","1300.46"," 25","3444.00"," 25","4464.50","  9","1300.46","  -"
"ADBROM                        5ML"," 87","6012.44","145","10020.74","156","11799.20"," 76","5252.25","  -"
"BITOD LS                      3ML","  -","0.00"," 50","4178.88"," 50","4875.00","  -","0.00","  -"
"CATAGON                       10ML"," 92","4964.15","  -","0.00"," 78","5337.94"," 14","755.41","  -"
"CYCLOFEZ                      5ML"," 38","1588.02","  -","0.00"," 13","600.80"," 25","1044.75","  -"
"E-FLO DROPS                   5ML"," 61","3305.39"," 70","3793.08"," 94","5849.73"," 37","2004.91","  1"
"ENGATT E/D                    5ML"," 72","3366.36"," 75","2531.30"," 71","2623.95"," 76","3553.38","  3"
"ENLUBE                        10ML"," 90","6735.68"," 75","5896.19"," 78","6799.77"," 87","6511.16","  -"
"ENLUBE FUSION E/D             5ML"," 73","6392.87","  -","0.00"," 56","5924.30"," 17","1488.75","  -"
"ENTRAK SOOTHE                 5GM","  -","0.00","100","16689.37"," 50","10476.65"," 50","9375.75","  -"
"FLUBI E/D                     5ML","  6","283.31","  -","0.00","  -","0.00","  6","283.31","  -"
"FLUBICHLOR E/D                5ML"," 14","688.10","  -","0.00","  -","0.00"," 14","688.10","  -"
"FLUBIGAT                      5ML"," 25","1359.50","  -","0.00","  6","463.50"," 19","1033.22","  -"
"FLUCOCID                      5ML"," 20","687.80","280","6878.14","219","6083.79"," 81","2785.59","  -"
"GANCIGEL                      5GM"," 27","2237.36"," 50","3085.82"," 50","4114.40"," 27","2237.36","  -"
"HOMACID                       5ML"," 25","570.50","150","3808.50","115","3171.24"," 60","1369.20","  -"
"LACRYL HYDRATE                10ML","  3","805.18","  -","0.00","  2","694.25","  1","268.39","  1"
"LACRYL SOOTHE                 10ML","  9","580.64"," 75","4838.67","  9","903.24"," 75","4838.67","  -"
"LACRYL ULTRA E/D              10ML"," 16","3506.01","  -","0.00","  4","1139.34"," 12","2629.51","  -"
"LACRYL-PF                     5GM"," 24","1573.74","165","10388.12","169","12896.45"," 20","1311.45","  -"
"LACRYL-PLUS                   10ML"," 13","550.23","  -","0.00","  2","110.60"," 11","465.58"," 12"
"LOT OINTMENT                  5GM","  4","278.01","240","16354.42","238","18920.76","  6","417.02","  -"
"","","","","","","","","",""
"TOTAL","2811","153374.83","3821","157733.82","4336","206834.83","2296","135491.","  0"
"","","","Continued .","","","","","",""
"","","","","","","","","",""
"SRI HANUMAN MEDICAL DISTRIBUTORS","","","","","","","","",""
"","","","Page No..4","","","","","",""
"STOCK & SALES ANALYSIS","","","","","","","","",""
"ITEM DESCRIPTION","   OPENING","","   RECEIPT","","   ISSUE","","   CLOSING","","DUMP"
"","QTY.","VALUE","QTY.","VALUE","QTY.","VALUE","QTY.","VALUE","QTY."
"","","","","","","","","",""
"LOT-LS                        5ML"," 18","1109.04","  -","0.00"," 18","1207.46","  -","0.00","  -"
"MACUSHIELD TAB                10S","  1","79.66","150","11715.59","140","13017.00"," 11","876.28","  1"
"MOTOGRAM E/D                  5ML"," 30","3150.25","  -","0.00"," 12","1400.00"," 18","1890.15","  -"
"MYATRO E/D                    5ML"," 49","6073.50"," 50","5371.60"," 70","8854.56"," 29","3594.52","  -"
"NATACIN                       5ML"," 60","5043.31","  -","0.00"," 32","2560.74"," 28","2353.55","  -"
"OMEFLOX E/D                   5ML","  -","0.00","130","3920.84","124","4357.00","  6","180.96","  -"
"OMEFLOX-BM                    5GM"," 35","573.65"," 40","703.60"," 35","611.45"," 40","655.60","  -"
"OPTICOOL E/D                  10ML"," 59","3224.00","  -","0.00","  1","76.30"," 58","3169.35","  -"
"PRESS-DT                      10S","  -","0.00"," 50","1380.00"," 50","1500.00","  -","0.00","  -"
"RHOPRESS E/D                  2.5ML","  6","1398.20","  -","0.00","  -","0.00","  6","1398.20","  -"
"SOLINE 5                      10ML"," 78","4193.61","  -","0.00"," 26","1333.19"," 52","2795.74","  -"
"SOLINE-6                      3GM","  3","252.20","240","16726.07","176","15572.30"," 67","5632.41","  -"
"T-1                           3ML"," 26","4042.34"," 50","7773.72"," 66","11840.12"," 10","1554.75","  -"
"TIMOL P                       10ML"," 76","3461.04","  -","0.00"," 76","3091.20","  -","0.00","  -"
"TOBRACID E/D                  5ML","  -","0.00"," 50","1885.69"," 35","1634.40"," 15","735.45","  -"
"TOBRACID-F                    5ML","  5","333.53","  -","0.00","  -","0.00","  5","333.53","  -"
"TROMIDE-PLUS                  5ML","  -","0.00"," 60","2652.22"," 28","1617.04"," 32","1414.52","  -"
" TOTAL","1156","80188.86","2382","156224.75","2424","186847.17","1114","79480.7","  0"
"","","","","","","","","",""
"ENTOD PHARMA-G TECH","","","","","","","","",""
"AUDIOVIT CAP                  10S"," 30","4580.62"," 60","9161.23"," 75","12507.34"," 15","2290.31","  -"
"AUDIOVIT-Z                    10C","  6","948.28","  -","0.00","  -","0.00","  6","948.28","  -"
"AZENATE NASAL SPRAY           9.8ML","  1","192.34","  -","0.00","  -","0.00","  1","192.34","  -"
"E-SALIVA PLUS MOUTHSPRAY      15ML"," 27","3399.08","  -","0.00","  2","299.60"," 25","3147.29","  -"
"ENTOMED PLUS CAP              10S"," 14","502.48","  -","0.00","  -","0.00"," 14","502.48","  -"
"FEXAGON PLUS TAB              10S"," 18","1277.81"," 60","4259.34"," 48","3709.89"," 30","2129.68","  -"
"MEFENTOD-P SYP                60ML","  6","161.21","  -","0.00","  -","0.00","  6","161.21","  -"
"MOMFIT NASAL SPRAY            10ML"," 12","1575.00","  -","0.00","  -","0.00"," 12","1575.00","  -"
"NASOLINE NASAL SPRAY          10ML","  8","207.88","  -","0.00","  2","67.89","  6","155.91","  4"
"ORINASE-A                     10ML"," 24","841.86","  -","0.00","  -","0.00"," 24","841.86","  -"
"OTOBIOTIC                     5ML","144","9643.97","  -","0.00"," 56","4001.77"," 88","5893.54","  -"
"OTOBIOTIC PLUS NEW            5ML"," 12","462.90","  -","0.00"," 12","470.70","  -","0.00","  -"
"OTOFUNGIN E/D                 10ML"," 68","2622.60","  -","0.00","  -","0.00"," 68","2622.60","  -"
"OTOGON EAR DROPS              10ML","  2","191.80","  -","0.00","  -","0.00","  2","191.80","  -"
"RHINASE NASAL DROPS           10ML","  2","143.58","  -","0.00","  -","0.00","  2","143.58","  -"
"RHINOFIT-F                    6GMS","  6","1221.45","  -","0.00","  -","0.00","  6","1221.45","  -"
"TINNITOD CAP                  10S"," 23","4374.38"," 30","5705.71"," 30","5891.13"," 23","4374.38","  -"
"WAXONIL ACTIV                 10ML"," 48","3681.12","  -","0.00"," 42","3256.24","  6","460.14","  -"
"WAXONIL KID                   10ML"," 38","2104.54","  -","0.00","  -","0.00"," 38","2104.54","  1"
" TOTAL","489","38132.89","150","19126.28","267","30204.56","372","28956.3","  0"
"","","","","","","","","",""
"ENTOD PHARMACEUTICALS LTD","","","","","","","","",""
"4QUIN                         5ML"," 25","1671.59","200","13372.67","203","15156.28"," 22","1470.99"," 15"
"4QUIN E/O                     5GM"," 50","2628.93","  -","0.00"," 26","1796.11"," 24","1261.89","  -"
"4QUIN KT E/D                  5ML"," 20","1280.44","  -","0.00","  -","0.00"," 20","1280.44"," 19"
"4QUIN-D                       5ML"," 66","2828.90","100","4286.21"," 65","3571.50","101","4329.07","  -"
"CYCLOTEARS E/D                3ML","  -","0.00"," 75","11472.07","  -","0.00"," 75","11472.0","  -"
"ENTODASE                      10","  1","1228.18","  -","0.00","  -","0.00","  1","1228.18","  -"
"EYECIRQUE PRO                 1S","  2","526.96"," 11","2898.33","  -","0.00"," 13","3425.26","  -"
"HYSIGHT                       5ML"," 28","2963.05","  -","0.00","  -","0.00"," 28","2963.05","  -"
"I-BORIC                       10ML"," 35","1929.77","  -","0.00"," 26","1592.10","  9","496.23","  4"
"I-DEW DS                      10ML"," 71","6736.65","150","11385.57"," 58","5543.92","163","15465.8","  -"
"I-DEW MEGA CAP                10S"," 12","1446.51","  -","0.00","  -","0.00"," 12","1446.51","  -"
"I-DEW OINT                    5GM"," 66","4998.00","  -","0.00"," 65","5553.50","  1","75.73","  -"
"I-DEW SOOTH                   5ML"," 11","858.22","  -","0.00","  -","0.00"," 11","858.22","  1"
"","","","","","","","","",""
"TOTAL","4133","253539.24","5327","272404.28","5935","338925.56","3525","236806.","  0"
"","","","Continued .","","","","","",""
"","","","","","","","","",""
"SRI HANUMAN MEDICAL DISTRIBUTORS","","","","","","","","",""
"","","","Page No..5","","","","","",""
"STOCK & SALES ANALYSIS","","","","","","","","",""
"ITEM DESCRIPTION","   OPENING","","   RECEIPT","","   ISSUE","","   CLOSING","","DUMP"
"","QTY.","VALUE","QTY.","VALUE","QTY.","VALUE","QTY.","VALUE","QTY."
"","","","","","","","","",""
"KLS DROPS                     5ML"," 24","1109.60","  -","0.00","  -","0.00"," 24","1109.60","  -"
"LOCTEARS FUSION               10ML"," 15","1423.13","  -","0.00","  8","1106.93","  7","664.13","  -"
"MONODEXA                      5ML","  -","0.00"," 60","3278.76"," 60","3643.00","  -","0.00","  -"
"NEPATOP FREE                  5ML"," 14","1837.50"," 24","3150.00","  -","0.00"," 38","4987.50","  -"
"OPTIHIST E/D                  5ML"," 20","747.83","  -","0.00","  -","0.00"," 20","747.83","  -"
"OPTIHIST-CROMZ                5ML","  7","354.38","  -","0.00","  1","66.15","  6","303.75","  4"
"OPTIHIST-PLUS                 5ML","160","9818.18","131","7096.77","213","10831.32"," 78","4786.36","  -"
"OPTITHROCIN OINT              5GM","171","11359.53","  -","0.00"," 61","5107.00","110","7307.30","  -"
"OPTIVIRAL OINT                5GM","  -","0.00"," 30","1052.33"," 24","915.00","  6","210.47","  -"
"P-CAIN E/D                    5ML","  -","0.00"," 50","1966.50"," 50","2137.50","  -","0.00","  -"
"PHENOCAINE PLUS               5AMP*1ML"," 12","4661.07"," 24","9321.40"," 23","11910.78"," 13","5049.49","  -"
"PREDPLUS                      10ML"," 25","1069.50"," 25","1069.50"," 25","1162.50"," 25","1069.50","  -"
" TOTAL","835","61477.91","880","70350.11","908","70093.59","807","72009.4","  0"
"","","","","","","","","",""
"EXELTIS","","","","","","","","",""
"IRIGAN-P                      500ML","  1","131.42","120","15770.38","120","19200.00","  1","131.42","  -"
" TOTAL","  1","131.42","120","15770.38","120","19200.00","  1","131.42","  0"
"","","","","","","","","",""
"FSD CARE PHRAMA PVT LTD","","","","","","","","",""
"LUBI DROPS-ULTRA              10ML"," 13","2188.80","  -","0.00","  -","0.00"," 13","2188.80"," 13"
"LUBIDROPS 10ML                10ML"," 26","1716.40","  -","0.00","  -","0.00"," 26","1716.40"," 26"
"MOXY DROPS                    5ML"," 14","852.60","  -","0.00","  -","0.00"," 14","852.60"," 14"
"OLOACT                        5ML"," 26","1450.40","  -","0.00","  -","0.00"," 26","1450.40"," 26"
" TOTAL"," 79","6208.20","  0","0.00","  0","0.00"," 79","6208.20","  0"
"","","","","","","","","",""
"G.T.RAJ TEX","","","","","","","","",""
"GAUZE CLOTH 18M               1S","  2","376.00","  -","0.00","  2","396.00","  -","0.00","  -"
" TOTAL","  2","376.00","  0","0.00","  2","396.00","  0","0.00","  0"
"","","","","","","","","",""
"GLASS VAN","","","","","","","","",""
"GLASSVAN BLD 15               1S","  -","0.00","200","500.00","200","540.00","  -","0.00","  -"
" TOTAL","  0","0.00","200","500.00","200","540.00","  0","0.00","  0"
"","","","","","","","","",""
"HICARE PHARMA","","","","","","","","",""
"CD EYE OINT                   5GM"," 20","1157.60","  -","0.00"," 13","643.10","  7","405.16","  7"
"HIBROM E/D                    5ML"," 60","5176.20","  -","0.00"," 28","1878.66"," 32","2760.64","  -"
"HICOOL E/D                    5ML"," 28","1878.04"," 22","1347.40"," 26","1497.00"," 24","1609.74","  -"
"HICOOL EXCEL                  10ML"," 40","8775.20","  -","0.00","  -","0.00"," 40","8775.20","  -"
"HICOOL PF GEL                 5GM"," 55","6682.50","  -","0.00"," 35","4023.00"," 20","2430.00","  -"
"HIMYCIN E/O                   5GM","176","12355.20"," 80","5616.00","250","15600.00","  6","421.20","  -"
"HIOXY TAB                     10S","  9","676.23","  -","0.00","  -","0.00","  9","676.23","  9"
"IOMIDE                        10'S"," 15","419.10","100","2794.00"," 84","1825.74"," 31","866.14","  -"
"MAXDIL PLUS                   5ML"," 40","1960.40","  -","0.00","  -","0.00"," 40","1960.40"," 40"
"OCULATE                       5ML"," 20","772.80","  -","0.00","  -","0.00"," 20","772.80"," 20"
"ONEMOX E/D                    5ML"," 20","1055.80","  -","0.00"," 20","1173.00","  -","0.00","  -"
"ONEMOX-DM                     5ML"," 35","2126.25","  -","0.00"," 35","2362.50","  -","0.00","  -"
"ONEZINE 10MG                  10S"," 30","1169.10","  -","0.00"," 30","1299.30","  -","0.00","  -"
"OPTICHIL                      10ML","  1","82.35","  -","0.00","  -","0.00","  1","82.35","  1"
"ZOBRA E/D                     5ML"," 20","1016.60","  -","0.00"," 20","1129.60","  -","0.00","  -"
"","","","","","","","","",""
"TOTAL","5232","337938.93","6193","325367.32","7263","427373.64","4162","290141.","  0"
"","","","Continued .","","","","","",""
"","","","","","","","","",""
"SRI HANUMAN MEDICAL DISTRIBUTORS","","","","","","","","",""
"","","","Page No..6","","","","","",""
"STOCK & SALES ANALYSIS","","","","","","","","",""
"ITEM DESCRIPTION","   OPENING","","   RECEIPT","","   ISSUE","","   CLOSING","","DUMP"
"","QTY.","VALUE","QTY.","VALUE","QTY.","VALUE","QTY.","VALUE","QTY."
"","","","","","","","","",""
"ZOBRA OINT                    5GM"," 23","1160.81","  -","0.00"," 13","560.80"," 10","504.70","  -"
"ZOBRA-F                       5ML"," 25","1957.50","  -","0.00","  -","0.00"," 25","1957.50"," 25"
" TOTAL","617","48421.67","202","9757.40","554","31992.70","265","23222.0","  0"
"","","","","","","","","",""
"HIMEDIA LABORATORIES PVT LTD","","","","","","","","",""
"ST.COTTON SWABS               100S","  1","1168.75","  -","0.00","  -","0.00","  1","1168.75","  1"
" TOTAL","  1","1168.75","  0","0.00","  0","0.00","  1","1168.75","  0"
"","","","","","","","","",""
"HIS EYENESS OPTHALMICS","","","","","","","","",""
"ACCUNAC E/D                   5ML"," 75","8530.39","195","22179.00","130","16396.15","140","15923.3","  -"
"ALFABET PF E/D                10ML"," 52","13320.00","  -","0.00","  -","0.00"," 52","13320.0","  -"
"AQUIM                         5ML","179","16263.94","  -","0.00","  -","0.00","179","16263.9"," 25"
"AQUIM GEL                     10GM","152","27295.14"," 75","13468.00"," 75","14665.21","152","27295.1","  -"
"AQUIM LID WIPES               10S"," 38","3338.83","  -","0.00"," 35","3348.50","  3","263.59","  2"
"AQUIM LID WIPES               20S"," 33","6040.65"," 60","10983.00"," 31","5979.72"," 62","11349.1","  -"
"AQUIM PF                      10ML"," 23","6710.51"," 39","11378.70"," 10","4108.94"," 52","15171.6","  -"
"AQUIM T E/D                   10ML","  -","0.00","130","29829.00"," 65","16571.50"," 65","14914.5","  -"
"AQUIM T E/D                   5ML"," 88","10792.19"," 65","7971.50"," 72","10936.63"," 81","9933.72","  -"
"AWARENE PF                    5ML"," 36","11304.28","  -","0.00","  1","444.50"," 35","10990.2","  -"
"DORBET PF                     10ML","  6","2214.65","  -","0.00","  -","0.00","  6","2214.65","  -"
"ERPETOL E/D                   5ML"," 76","5439.57","150","10736.00"," 75","5845.21","151","10807.5","  1"
"EYEMAC E/D                    10ML"," 69","4162.83"," 65","4564.50"," 60","5071.50"," 74","4464.48","  -"
"EYEMAC GB                     10ML"," 37","3549.44"," 65","6235.50"," 27","2851.77"," 75","7194.81","  8"
"EYEMAC GEL                    10ML","  -","0.00"," 24","2520.00"," 12","1400.00"," 12","1163.08","  -"
"EYENESS WIPES                 20S"," 65","7932.00","  -","0.00"," 26","3525.40"," 39","4759.20","  -"
"LAURICA K                     10S"," 39","5439.11"," 26","3905.00","  -","0.00"," 65","9065.18","  -"
"MAXIM E/D                     5ML"," 63","6043.64","  -","0.00"," 26","2771.40"," 37","3549.44","  -"
"MAXIM GEL                     5ML","305","30979.86"," 75","7618.00","150","16590.42","230","23361.8","  -"
"MAXIM L                       5ML","227","20625.22","225","20443.50","152","15133.91","300","27258.0","  -"
"MAXIM-D                       5ML","113","10533.22","375","32625.00","337","32253.80","151","14075.3","  -"
"PREDINA E/D                   10ML"," 50","1848.00","150","5881.50"," 75","3052.68","125","4620.00","  -"
"VCOLUX                        10'S"," 95","10523.07","140","14400.00"," 95","11200.00","140","15507.6","  -"
"VCOLUX C TAB                  10S","152","13108.48","150","12936.00","150","14373.00","152","13108.4","  2"
" TOTAL","1973","225995.01","2009","217674.20","1604","186520.24","2378","276575.","  0"
"","","","","","","","","",""
"JMS CO LTD","","","","","","","","",""
"MEDITAPE 310                  12S","  5","1770.00"," 11","3861.00"," 16","5920.00","  -","0.00","  -"
" TOTAL","  5","1770.00"," 11","3861.00"," 16","5920.00","  0","0.00","  0"
"","","","","","","","","",""
"LENORA GLOVE PVT.LTD","","","","","","","","",""
"LAT.POW.FRE 7                 1S"," 50","662.50","  -","0.00","  -","0.00"," 50","662.50"," 50"
" TOTAL"," 50","662.50","  0","0.00","  0","0.00"," 50","662.50","  0"
"","","","","","","","","",""
"MADHU INSTRUMENTS PVT. LTD.","","","","","","","","",""
"FLURESCIEN STRIPS             1BOX","  2","460.00","  -","0.00","  -","0.00","  2","460.00","  -"
" TOTAL","  2","460.00","  0","0.00","  0","0.00","  2","460.00","  0"
"","","","","","","","","",""
"MEDIKLIN HEALTHCARE LTD","","","","","","","","",""
"FACE MASK                     1S","650","942.50","  -","0.00","  -","0.00","650","942.50","100"
"","","","","","","","","",""
"TOTAL","7961","572056.00","8213","546902.52","8896","620374.68","7278","572412.","  0"
"","","","Continued .","","","","","",""
"SRI HANUMAN MEDICAL DISTRIBUTORS","","","","","","","","",""
"","","","Page No..7","","","","","",""
"STOCK & SALES ANALYSIS","","","","","","","","",""
"ITEM DESCRIPTION","   OPENING","","   RECEIPT","","   ISSUE","","   CLOSING","","DUMP"
"","QTY.","VALUE","QTY.","VALUE","QTY.","VALUE","QTY.","VALUE","QTY."
"","","","","","","","","",""
" TOTAL","650","942.50","  0","0.00","  0","0.00","650","942.50","  0"
"","","","","","","","","",""
"NEON LABORATORIES LTD","","","","","","","","",""
"ANAWIN0.5% 20ML               1S","  -","0.00"," 10","615.00"," 10","650.00","  -","0.00","  -"
"LOX 2% 30ML                   1S"," 20","470.00","  -","0.00"," 20","464.00","  -","0.00","  -"
"VANKING 500                   1S","  3","201.00","  -","0.00","  3","270.00","  -","0.00","  -"
" TOTAL"," 23","671.00"," 10","615.00"," 33","1384.00","  0","0.00","  0"
"","","","","","","","","",""
"OCUZEN HEALTH CARE","","","","","","","","",""
"FLURO E/D                     5ML"," 87","5568.00","  -","0.00","  -","0.00"," 87","5568.00","  -"
" TOTAL"," 87","5568.00","  0","0.00","  0","0.00"," 87","5568.00","  0"
"","","","","","","","","",""
"OTHERS","","","","","","","","",""
"H-2 O-2 400ML                 400ML","  2","33.00","  -","0.00","  2","39.00","  -","0.00","  -"
"NEBULISER                     1S","  1","980.00","  -","0.00","  -","0.00","  1","980.00","  -"
"NECK PILLOW                   1S","  1","175.00","  -","0.00","  -","0.00","  1","175.00","  -"
"RED GLOVES 5%                 1S","  1","55.00","  -","0.00","  -","0.00","  1","55.00","  -"
" TOTAL","  5","1243.00","  0","0.00","  2","39.00","  3","1210.00","  0"
"","","","","","","","","",""
"PIONEER","","","","","","","","",""
"LAT.EXAMI.GLOVES ME           100","  -","0.00","  2","400.00","  2","460.00","  -","0.00","  -"
" TOTAL","  0","0.00","  2","400.00","  2","460.00","  0","0.00","  0"
"","","","","","","","","",""
"PRIDE&PRIME PHARMACEUTICALS","","","","","","","","",""
"BACTO-PRIDE                   5GM"," 44","2079.91","  -","0.00","  -","0.00"," 44","2079.91"," 44"
"CANZO PRIDE TAB               10S"," 70","5062.40","  -","0.00","  -","0.00"," 70","5062.40","  -"
"HEALTHY-PRIDE LZ              10S"," 90","2718.45","  -","0.00","  -","0.00"," 90","2718.45","  -"
"RI PRIDE DSR                  10S"," 30","848.55","  -","0.00","  -","0.00"," 30","848.55"," 30"
" TOTAL","234","10709.31","  0","0.00","  0","0.00","234","10709.3","  0"
"","","","","","","","","",""
"RAMAN&WEIL PVT LTD","","","","","","","","",""
"BACILLOCID EXTRA              500ML","  1","300.00","  -","0.00","  -","0.00","  1","300.00","  -"
"BACTORUB BLUE                 500ML","  2","420.00","  -","0.00","  -","0.00","  2","420.00","  2"
" TOTAL","  3","720.00","  0","0.00","  0","0.00","  3","720.00","  0"
"","","","","","","","","",""
"RAMSONS","","","","","","","","",""
"ALCO SWAB                     1S","  -","0.00","500","425.00","500","475.00","  -","0.00","  -"
"FACE MASK RAMSONS             1S"," 50","112.50","  -","0.00","  -","0.00"," 50","112.50"," 50"
" TOTAL"," 50","112.50","500","425.00","500","475.00"," 50","112.50","  0"
"","","","","","","","","",""
"SEARLE","","","","","","","","",""
"GEROGEN                       2ML"," 10","57.50","  -","0.00"," 10","65.00","  -","0.00","  -"
" TOTAL"," 10","57.50","  0","0.00"," 10","65.00","  0","0.00","  0"
"","","","","","","","","",""
"TOTAL","8373","591137.31","8725","548342.52","9443","622797.68","7655","590732.","  0"
"","","","Continued .","","","","","",""
"SRI HANUMAN MEDICAL DISTRIBUTORS","","","","","","","","",""
"","","","Page No..8","","","","","",""
"STOCK & SALES ANALYSIS","","","","","","","","",""
"ITEM DESCRIPTION","   OPENING","","   RECEIPT","","   ISSUE","","   CLOSING","","DUMP"
"","QTY.","VALUE","QTY.","VALUE","QTY.","VALUE","QTY.","VALUE","QTY."
"","","","","","","","","",""
"","","","","","","","","",""
"SENSES PHARMACEUTICALS LTD","","","","","","","","",""
"ALLERPAT                      5ML"," 12","996.40"," 12","996.40"," 12","1079.81"," 12","996.40","  1"
"ATROZEN E/O                   5GM"," 16","200.16","  -","0.00","  -","0.00"," 16","200.16"," 16"
"CELLWET                       10ML","  6","1125.00"," 24","4500.00","  8","1710.00"," 22","4125.00","  -"
"CELWET ULTRA                  10ML"," 30","6428.50"," 12","2571.40"," 32","7542.75"," 10","2142.83","  -"
"COMPU .5%                     10ML"," 16","1131.47"," 48","3394.40"," 35","2760.81"," 29","2050.78","  1"
"COMPU 1%                      10ML"," 12","1060.70"," 60","5882.00"," 35","3840.27"," 37","3270.49","  4"
"DORSENZ                       5ML"," 16","2571.47","  6","964.30","  4","831.45"," 18","2892.90"," 15"
"DORSENZ-T                     5ML"," 18","3664.35","  -","0.00","  -","0.00"," 18","3664.35"," 16"
"DUOBRIM LS                    5ML","161","7762.89","220","10200.42","232","12584.03","149","7184.29","  -"
"DUOBRIM-T                     5ML","126","8099.70","  -","0.00"," 22","1847.92","104","6685.46","  5"
"FLI                           5ML","  6","385.70","  -","0.00","  -","0.00","  6","385.70"," 11"
"FLUNAREST 10                  10S"," 66","1827.10","  -","0.00"," 12","367.50"," 54","1494.90","  -"
"FLUNAREST 5MG                 10S"," 36","621.00"," 30","517.50"," 30","551.25"," 36","621.00","  6"
"HYPERSENZ OINT                5GM"," 21","1890.00","  -","0.00","  -","0.00"," 21","1890.00"," 21"
"LEOS                          5ML","  8","642.87","  -","0.00","  2","207.85","  6","482.15","  3"
"LEOS-MX DROPS                 5ML"," 17","1593.75","  -","0.00","  -","0.00"," 17","1593.75"," 16"
"MACUVIT CAP                   10S","  6","488.15","  -","0.00","  -","0.00","  6","488.15","  6"
"NATASOL                       5ML"," 20","1357.00","  -","0.00","  -","0.00"," 20","1357.00"," 18"
"OBRIN E/D                     5ML"," 14","674.94","  -","0.00","  -","0.00"," 14","674.94"," 14"
"OBRIN E/O                     5GM"," 20","822.83","  -","0.00","  -","0.00"," 20","822.83"," 20"
"SENSOFI                       5ML"," 10","241.08","  -","0.00","  -","0.00"," 10","241.08"," 10"
"SENSONAC                      5ML","  6","514.30","  -","0.00","  -","0.00","  6","514.30","  6"
"SENZCLOR E/O                  5GM","  5","72.45","  -","0.00","  -","0.00","  5","72.45","  5"
"SENZCLOR-H E/O                5GM"," 15","618.75"," 12","495.00"," 12","539.00"," 15","618.75","  4"
"SENZGAT                       5ML","112","2768.99","272","6749.40","375","10145.20","  9","222.51","  -"
"SENZMOX                       5ML","  7","581.23"," 12","996.40","  6","542.48"," 13","1079.43","  2"
"SENZMOX OINT                  5GM"," 10","412.50","  -","0.00","  -","0.00"," 10","412.50"," 10"
"SENZMOX-GX                    5ML","  4","600.00","  -","0.00","  -","0.00","  4","600.00","  4"
"SENZOPT E/D                   3ML"," 29","1864.41","  -","0.00","  -","0.00"," 29","1864.41"," 30"
"SENZOPT-T                     3ML","  6","501.42","  5","417.85","  -","0.00"," 11","919.27","  4"
"T-PLUS                        5ML"," 10","385.70","  -","0.00","  -","0.00"," 10","385.70"," 10"
"VOLVIT                        10S","  6","564.40"," 24","2257.60"," 15","1591.58"," 15","1411.00","  -"
"ZYTAMIN TAB                   10S"," 38","1089.84","  -","0.00","  -","0.00"," 38","1089.84"," 38"
" TOTAL","885","53559.04","737","39942.67","832","46141.90","790","52454.3","  0"
"","","","","","","","","",""
"SHERINGS","","","","","","","","",""
"CATOBAR                       10ML","  8","254.56","130","6364.00"," 16","1036.62","122","3882.04","  -"
"DIMPLE E/D                    10ML"," 39","1909.20","  -","0.00","  3","207.89"," 36","1762.34","  -"
"DURALUB E/D                   10ML","  4","482.17","  -","0.00","  -","0.00","  4","482.17","  -"
"NEPAVAC E/D                   5ML","  7","746.26","  -","0.00","  -","0.00","  7","746.26","  -"
"PATARID KT                    5ML"," 15","1086.50","  -","0.00","  -","0.00"," 15","1086.50","  -"
"RETIGARD TAB                  10S"," 12","823.74","  -","0.00","  -","0.00"," 12","823.74","  -"
"STARLUB E/D                   10ML","  8","1500.00","  -","0.00","  -","0.00","  8","1500.00","  -"
"TAGAMOX E/D                   5ML"," 12","964.30","  -","0.00","  -","0.00"," 12","964.30"," 12"
"TAGAMOX-KT                    5ML","  9","911.25","  -","0.00","  -","0.00","  9","911.25","  5"
"TAGAMOX-LP                    5ML","  3","280.38","  -","0.00","  -","0.00","  3","280.38","  -"
"TEARLUB E/D                   10ML"," 12","867.90","  -","0.00","  -","0.00"," 12","867.90","  -"
"TEARLUB GEL                   10ML","  4","316.49","  -","0.00","  -","0.00","  4","316.49","  -"
"TOBRAVAS                      5ML"," 39","1909.50","  -","0.00","  -","0.00"," 39","1909.50","  -"
" TOTAL","172","12052.25","130","6364.00"," 19","1244.51","283","15532.8","  0"
"","","","","","","","","",""
"SHERWYN PHARMA(GENORA)","","","","","","","","",""
"PENTOGAST40 TAB               10S","  1","38.58","  -","0.00","  -","0.00","  1","38.58","  1"
"","","","","","","","","",""
"TOTAL","9431","656787.17","9592","594649.19","10294","670184.09","8729","658758.","  0"
"","","","Continued .","","","","","",""
"","","","","","","","","",""
"SRI HANUMAN MEDICAL DISTRIBUTORS","","","","","","","","",""
"","","","Page No..9","","","","","",""
"STOCK & SALES ANALYSIS","","","","","","","","",""
"ITEM DESCRIPTION","   OPENING","","   RECEIPT","","   ISSUE","","   CLOSING","","DUMP"
"","QTY.","VALUE","QTY.","VALUE","QTY.","VALUE","QTY.","VALUE","QTY."
"","","","","","","","","",""
" TOTAL","  1","38.58","  0","0.00","  0","0.00","  1","38.58","  0"
"","","","","","","","","",""
"SHERWYN PHARMACEUTICALS PVT LTD","","","","","","","","",""
"FLUNAWYN-5                    10S"," 15","241.13","  -","0.00","  -","0.00"," 15","241.13"," 15"
"ITROWYN E/D                   5ML"," 14","274.77","  -","0.00","  -","0.00"," 14","274.77"," 14"
" TOTAL"," 29","515.89","  0","0.00","  0","0.00"," 29","515.89","  0"
"","","","","","","","","",""
"SUBHAM PHARMACEUTICALS","","","","","","","","",""
"G-MOX                         5ML"," 43","1307.49","  -","0.00","  -","0.00"," 43","1307.49"," 43"
"LUBRY                         10ML","  1","46.46","  -","0.00","  -","0.00","  1","46.46","  1"
"PANTOZING DSR CAP             10S","  7","251.30","  -","0.00","  -","0.00","  7","251.30","  7"
"UFER SUSPENSION               200ML"," 60","4428.00","  -","0.00","  -","0.00"," 60","4428.00"," 60"
"VITAZING CAP                  10S","  1","27.51","  -","0.00","  -","0.00","  1","27.51","  1"
" TOTAL","112","6060.75","  0","0.00","  0","0.00","112","6060.75","  0"
"","","","","","","","","",""
"SUNWAYS PHARMACEUTICALS","","","","","","","","",""
"ALCATOP 5ML                   5ML"," 60","5946.26","  -","0.00","  -","0.00"," 60","5946.26","  -"
"ATROSUN E/D                   5ML"," 46","582.36"," 25","316.50"," 36","504.06"," 35","443.10","  -"
"CARPINOL 0.5%                 1ML","390","5885.10","  -","0.00","260","4357.60","130","1961.70"," 20"
"CATAPRED E/D                  10ML"," 50","1174.00","  -","0.00"," 50","1300.00","  -","0.00","  -"
"EPITRATE 1ML                  1ML","180","1850.40","  -","0.00"," 50","571.00","130","1336.40"," 10"
"ESTOCIN E/O                   5GM"," 66","3263.82"," 65","3214.37"," 68","3873.04"," 63","3115.46","  -"
"EYEVITAL CAP                  30S","  -","0.00"," 65","3664.35","  -","0.00"," 65","3664.35","  -"
"EYEVITAL LX CAP               10S","379","31108.85","325","26676.44","300","32529.00","404","33160.8","  -"
"HYCLO 0.05%                   5ML"," 13","3099.28"," 65","15496.38","  -","0.00"," 78","18595.6"," 13"
"HYPROSOL PFS 3ML              3ML"," 20","1553.20","  -","0.00","  -","0.00"," 20","1553.20","  3"
"HYPROSOL VIAL                 5ML","445","16705.39","910","31533.74","418","16622.96","937","35175.1","  7"
"HYVET0.18%                    5ML","360","53225.24","325","44033.23","308","60247.37","377","55738.6","  -"
"JUST TEARS                    10ML"," 55","3152.75"," 65","3439.36"," 42","2629.53"," 78","4471.17","  2"
"JUST TEARS LIQUIGEL E/D       10ML","251","18156.21","195","14105.43","242","23949.11","204","14756.4","  1"
"JUST TEARS WIPES              30*1"," 14","2076.87","  -","0.00","  5","1050.02","  9","1335.13","  6"
"LACRIGEL                      5GM"," 94","5538.73","195","9739.11"," 83","4669.77","206","12138.0"," 15"
"LYMOVITA                      200ML"," 63","6593.92","  -","0.00","  -","0.00"," 63","6593.92"," 24"
"NEBRACIN E/D                  5ML"," 19","521.16"," 65","1782.93","  -","0.00"," 84","2304.09"," 14"
"OCCUCOM E/D                   10ML","109","6510.68","255","14216.94","199","11939.79","165","9855.62","  -"
"OCCUMOX                       5ML"," 31","1931.47","  -","0.00","  -","0.00"," 31","1931.47","  3"
"OCCUMOX E/O                   5GM","  -","0.00","130","3888.84"," 65","2117.29"," 65","1944.42","  -"
"OCCUMOX KT E/D                5ML"," 31","2077.16","  -","0.00","  -","0.00"," 31","2077.16"," 31"
"OCCUMOX PFS-0.5ML             0.5ML","168","20270.33","156","18822.45","150","17550.00","174","20994.2","  -"
"OCULAN AMP                    2ML","100","1128.00","100","1128.00","  -","0.00","200","2256.00"," 50"
"PARACAIN                      5ML","528","17313.12","550","20498.50","569","23189.60","509","16690.1"," 19"
"REFFRON TAB                   15S"," 16","3050.68","  -","0.00","  -","0.00"," 16","3050.68"," 16"
"RIBOCROSS RAPID               3ML","  1","2475.00","  2","4950.00","  -","0.00","  3","7425.00","  -"
"RIBOCROSS-3ML                 3ML","  1","2247.43","  1","2247.43","  1","2497.14","  1","2247.43","  -"
"SIMPLOVIR E/O                 5GM"," 46","1989.60"," 65","2811.39"," 39","1836.91"," 72","3114.16","  7"
"SUNEPHRINE 10%                5ML","  -","0.00","120","2267.91","  -","0.00","120","2267.92","  -"
"T+ULTRA 1ML                   5*2"," 12","6428.34"," 12","6428.34"," 16","10714.35","  8","4285.56","  -"
"TROPICACYL 1%                 5ml"," 53","1217.72","  -","0.00"," 10","331.90"," 43","987.96"," 15"
"TROPICACYL PLUS               5ML","352","13925.12","520","20571.18","300","11400.00","572","22628.3"," 15"
"XINEP E/D                     5ML"," 29","2624.17","  -","0.00","  -","0.00"," 29","2624.17"," 14"
"XLHA DROPS 10ML               10ML","  7","1687.46","  -","0.00","  -","0.00","  7","1687.46","  7"
"ZONAT                         5ML"," 26","1765.93","  -","0.00","  -","0.00"," 26","1765.93","  -"
" TOTAL","4015","247075.74","4211","251832.82","3211","233880.44","5015","310123.","  0"
"","","","","","","","","",""
"TOTAL","13587","910439.55","13803","846482.01","13505","904064.53","13885","975458.","  0"
"","","","Continued .","","","","","",""
"SRI HANUMAN MEDICAL DISTRIBUTORS","","","","","","","","",""
"","","","Page No..10","","","","","",""
"STOCK & SALES ANALYSIS","","","","","","","","",""
"ITEM DESCRIPTION","   OPENING","","   RECEIPT","","   ISSUE","","   CLOSING","","DUMP"
"","QTY.","VALUE","QTY.","VALUE","QTY.","VALUE","QTY.","VALUE","QTY."
"","","","","","","","","",""
"","","","","","","","","",""
"SUNWAYS PHARMACEUTICALS(ORIZO)","","","","","","","","",""
"BPROS                         5ML"," 33","4817.26","  -","0.00"," 33","5839.20","  -","0.00","  -"
"BPROS-T                       5ML","  1","161.78","  -","0.00","  -","0.00","  1","161.78","  1"
"BRIO                          5ML","  -","0.00","  4","535.68","  -","0.00","  4","535.68","  -"
"CAP-SR CAPS                   10S"," 20","595.20","  -","0.00","  -","0.00"," 20","595.20","  -"
"CIBRIM T E/D                  5ML"," 39","3238.17","  -","0.00"," 13","1192.35"," 26","2158.78","  4"
"CIBRIM Z E/D                  5ML","  4","317.12"," 36","2854.09","  -","0.00"," 40","3171.21","  3"
"DORSUN                        5ML"," 50","5463.95"," 60","6556.74"," 38","4541.45"," 72","7868.09","  -"
"DORSUN T                      5ML"," 54","6711.03"," 30","3728.35"," 17","2430.97"," 67","8326.65","  -"
"DOVAS CAPS                    10S"," 18","1783.88","  -","0.00","  -","0.00"," 18","1783.88","  -"
"HYPERTONE E/D                 10ML"," 10","239.49","  -","0.00","  -","0.00"," 10","239.49","  -"
"LACRIGUARD CAP                10'S"," 13","1330.17","  -","0.00","  3","367.50"," 10","1023.21","  -"
"TIMANOL 0.5%                  5ML"," 34","936.95"," 36","992.06"," 30","900.37"," 40","1102.29","  1"
"TRAVOSUN E/D                  3ML"," 84","9629.51","  -","0.00"," 57","7179.81"," 27","3095.20","  -"
"TRAVOSUN-T                    2.5ML","  2","331.05","  -","0.00","  -","0.00","  2","331.05","  -"
" TOTAL","362","35555.55","166","14666.92","191","22451.65","337","30392.5","  0"
"","","","","","","","","",""
"SUNWAYS PHARMACEUTICALS(RETENT)","","","","","","","","",""
"ARA E/D                       10ML","  1","120.16","  -","0.00","  -","0.00","  1","120.16","  4"
"CAROKID JELLIES               75GM"," 78","10945.96"," 65","9121.64"," 64","10054.42"," 79","11086.2","  -"
"DRU DROPS                     10ML","  -","0.00"," 12","1086.36"," 12","1207.10","  -","0.00","  -"
"GATSUN E/D                    5ML"," 76","1878.89"," 65","1478.44"," 51","1288.10"," 90","2225.00"," 16"
"GATSUN FORTE E/D              5ML"," 65","2596.90"," 65","2596.90"," 75","3422.20"," 55","2197.38","  -"
"NETIWASH 15'S                 15SA","  6","893.52"," 11","1639.32","  5","892.49"," 12","1787.03","  -"
"NETIWASH 30'S                 30S","  6","1171.16","  -","0.00","  -","0.00","  6","1171.16","  -"
"OCULACT                       5ML"," 30","4419.57"," 24","3535.66"," 24","3928.60"," 30","4419.57","  -"
"OFLO E/D                      5ML","  8","156.39"," 60","1172.95"," 36","782.10"," 32","625.57","  -"
"OMNIDASE INJ                  1ML"," 20","2140.80","  -","0.00","  -","0.00"," 20","2140.80","  -"
"OTOFLU DROPS                  5ML"," 61","1900.30","130","4049.84","125","4277.70"," 66","2056.07","  -"
"POLYCHLOR DM E/D              5ML","  2","101.78","  -","0.00","  -","0.00","  2","101.78","  2"
"POLYCHLOR DM E/O              5GM"," 63","3146.48","130","6492.74"," 94","5084.06"," 99","4944.48","  2"
"POLYCHLOR E/D                 5ML","  9","217.91","  -","0.00","  -","0.00","  9","217.91","  9"
"POLYCHLOR E/O                 5GM"," 11","385.99","  -","0.00","  -","0.00"," 11","385.99"," 12"
"REDIF E/D                     10ML","  6","213.74"," 24","854.97","  5","232.75"," 25","890.60","  5"
"SYNOX NASAL DROPS             10ML","  3","55.64","  -","0.00","  -","0.00","  3","55.64","  3"
"TINNICAR CAP                  10S"," 26","3913.71","  -","0.00","  2","361.21"," 24","3612.66","  3"
"TRYBLUE 1ML                   1ML"," 33","2068.19","  -","0.00"," 15","1253.55"," 18","1128.11","  3"
"ULTRA GEL E/D                 10ML"," 48","3458.07","130","9365.63"," 44","3568.84","134","9653.79","  -"
"VITREON SACHET                30*4GM"," 21","3470.29"," 48","7932.08"," 36","6720.38"," 33","5453.31","  -"
" TOTAL","573","43255.45","764","49326.53","588","43073.50","749","54273.2","  0"
"","","","","","","","","",""
"SURGICARE","","","","","","","","",""
"STERILE GLOVES 6              1PAIR"," 75","1320.00","  -","0.00","  -","0.00"," 75","1320.00"," 25"
"STERILE GLOVES 7              1S","  -","0.00"," 25","425.00"," 25","481.25","  -","0.00","  -"
"STERILED GLOVES 7.5           1PAIR"," 25","420.00","  -","0.00","  -","0.00"," 25","420.00","  -"
" TOTAL","100","1740.00"," 25","425.00"," 25","481.25","100","1740.00","  0"
"","","","","","","","","",""
"TAS MED(INDIA)PVT.LTD(VALLIANT)","","","","","","","","",""
"ACTIFUL                       15S"," 12","3278.47","-12","-3278.47","  -","0.00","  -","0.00","  -"
"AMITOP PLUS H                 10'S"," 30","486.23","-30","-486.23","  -","0.00","  -","0.00","  -"
"CINZINE-25                    10S","120","1542.94","-20","-257.16","  -","0.00","100","1285.78","  -"
"DIAGLIT SOFT                  50G"," 14","2956.51"," 12","2745.69"," 14","3477.91"," 12","2534.15","  -"
"","","","","","","","","",""
"TOTAL","14798","999254.70","14708","909624.29","14323","973548.84","15183","1065683","  0"
"","","","Continued .","","","","","",""
"","","","","","","","","",""
"SRI HANUMAN MEDICAL DISTRIBUTORS","","","","","","","","",""
"","","","Page No..11","","","","","",""
"STOCK & SALES ANALYSIS","","","","","","","","",""
"ITEM DESCRIPTION","   OPENING","","   RECEIPT","","   ISSUE","","   CLOSING","","DUMP"
"","QTY.","VALUE","QTY.","VALUE","QTY.","VALUE","QTY.","VALUE","QTY."
"","","","","","","","","",""
"DROVOTAS-80                   10S"," 60","3181.88","-60","-2892.88","  -","0.00","  -","0.00","  -"
"FRACBON                       10S"," 30","3775.35","-30","-3775.35","  -","0.00","  -","0.00","  -"
"LAMREST 5                     15S"," 18","1208.05","-18","-1208.05","  -","0.00","  -","0.00","  -"
"LAXITAS SYP                   200ML"," 17","1639.87","-17","-1596.04","  -","0.00","  -","0.00","  -"
"MOXICHECK 0.2                 15'S","  2","122.60"," -2","-122.60","  -","0.00","  -","0.00","  -"
"MOXICHECK 0.3                 15'S","  4","340.22"," -4","-340.22","  -","0.00","  -","0.00","  -"
"RUTOR                         10S"," 30","2709.89","-30","-2709.89","  -","0.00","  -","0.00","  -"
"RUTOR D                       10S"," 10","966.78","-10","-1028.60","  -","0.00","  -","0.00","  -"
"STONIL                        200ML","  6","342.29"," -6","-342.29","  -","0.00","  -","0.00","  -"
"TIGLAZ-DM                     15S"," 15","1433.02","-15","-1433.02","  -","0.00","  -","0.00","  -"
"WELHART 150                   10S","  6","3097.26","  -","0.00","  6","3269.35","  -","0.00","  -"
"WELHART 50                    10S","  6","876.61","  3","350.65","  -","0.00","  9","1314.91","  -"
" TOTAL","380","27957.95","-239","-16374.46"," 20","6747.26","121","5134.84","  0"
"","","","","","","","","",""
"TASMED (INDIA) PVT LTD(PASSION)","","","","","","","","",""
"GAPITAS-L                     30G","  2","246.25"," -2","-246.25","  -","0.00","  -","0.00","  -"
"LAMREST 10                    15S"," 30","3654.35","144","17540.89","137","18568.97"," 37","4507.04","  -"
"LAMREST 3                     15'S"," 12","503.38","-12","-503.38","  -","0.00","  -","0.00","  -"
"LAMREST GN                    10S"," 33","2009.89"," 66","4019.79"," 59","3979.30"," 40","2436.24","  -"
"MIBETA PLUS 10                10S"," 60","2456.21"," 90","3991.34"," 90","4346.04"," 60","2456.21","  -"
"NERSAVE TRIO                  15'S"," 65","9160.14","-65","-9923.48","  -","0.00","  -","0.00","  -"
" TOTAL","202","18030.23","221","14878.91","286","26894.31","137","9399.48","  0"
"","","","","","","","","",""
"TASMED(INDIA) PVT.LTD(ASPIRE)","","","","","","","","",""
"IMACIN                        10S","120","2987.88","120","2987.88","120","3253.60","120","2987.88","  -"
" TOTAL","120","2987.88","120","2987.88","120","3253.60","120","2987.88","  0"
"","","","","","","","","",""
"THE RAMARAJU COTTON MILLS PVT LTD","","","","","","","","",""
"COTTON ROLL400GM              1S","  -","0.00","  1","162.00","  1","175.00","  -","0.00","  -"
" TOTAL","  0","0.00","  1","162.00","  1","175.00","  0","0.00","  0"
"","","","","","","","","",""
"VKEY","","","","","","","","",""
"EYE SHIELDS                   1S","100","210.00","  -","0.00","100","300.00","  -","0.00","  -"
" TOTAL","100","210.00","  0","0.00","100","300.00","  0","0.00","  0"
"","","","","","","","","",""
"ZIVIRA LABS PVT.LTD","","","","","","","","",""
"BEPIREX                       5ML"," 85","12840.95","  -","0.00","  -","0.00"," 85","12840.9"," 31"
"BRITIVIN E/D                  5ML","  8","1774.32","  6","0.00","  -","0.00"," 14","3105.06","  5"
"DUCIRA GEL                    10GM"," 13","3426.41","  -","0.00","  -","0.00"," 13","3426.41"," 13"
"ENVISA TAB                    10S"," 50","8298.50","160","18122.40"," 89","11349.99","121","20082.3","  1"
"FOMIRA E/D                    10ML"," 14","3887.94"," 86","15158.40"," 16","3301.15"," 84","23327.6","  -"
"HYNIZA                        1S","  4","320.01","  -","0.00","  -","0.00","  4","320.01","  4"
"LATOBEST                      2.5ML","  7","1230.74"," 52","4395.50"," 26","3829.06"," 33","5802.06","  2"
"LOTIVIZ E/D                   5ML","126","13445.46"," 34","0.00","  -","0.00","160","17073.6"," 87"
"MACUMER TAB                   10S"," 51","9180.00","  -","0.00"," 51","8000.00","  -","0.00","  -"
"NEPAWEL E/D                   5ML"," 13","1621.23","387","24942.00","190","19877.85","210","26189.1","  7"
"PATVIRA E/D                   2.5ML"," 57","7456.74"," 32","3924.60"," 51","5785.33"," 38","4971.16","  -"
"PREDIRA E/D                   10ML","  -","0.00"," 50","1768.00","  -","0.00"," 50","1768.00","  -"
"STRIOS LID WIPES              24S"," 94","14350.98","163","18320.40","206","24187.87"," 51","7786.17","  -"
"","","","","","","","","",""
"TOTAL","15946","1118009.89","15831","999186.09","15465","1083772.3","16312","1206078","  0"
"","","","Continued .","","","","","",""
"","","","","","","","","",""
"SRI HANUMAN MEDICAL DISTRIBUTORS","","","","","","","","",""
"","","","Page No..12","","","","","",""
"STOCK & SALES ANALYSIS","","","","","","","","",""
"ITEM DESCRIPTION","   OPENING","","   RECEIPT","","   ISSUE","","   CLOSING","","DUMP"
"","QTY.","VALUE","QTY.","VALUE","QTY.","VALUE","QTY.","VALUE","QTY."
"","","","","","","","","",""
"TIMOBEST E/D                  5ML"," 73","2628.00","  -","0.00","  -","0.00"," 73","2628.00","  -"
"TIZTA 10ML                    10ML"," 67","15075.00","  -","0.00"," 67","13000.00","  -","0.00","  -"
"TIZTA 5ML                     5ML"," 58","7457.06","  -","0.00","  3","417.15"," 55","7071.35"," 51"
"TOBRAWIN                      5ML","130","10446.80"," 20","0.00"," 83","5178.82"," 67","5384.12","  -"
"TOBRAWIN LP                   5ML"," 11","1237.50","  -","0.00","  6","625.00","  5","562.50","  5"
"VITTLES JELLY                 50G","  2","385.72","160","25071.80"," 56","8824.45","106","20443.1","  2"
"XIATRA E/D                    2.5ML","  6","1659.00","  -","0.00","  -","0.00","  6","1659.00","  6"
"ZIVIFRESH E/D                 10ML"," 42","3294.06","362","8757.00","216","15301.40","188","14744.8","  2"
"ZIVIFRESH GEL                 10ML"," 11","1336.50"," 84","6075.00","  -","0.00"," 95","11542.5"," 13"
"ZIVIMOX E/D                   5ML"," 21","1957.41"," 72","4660.50"," 12","1014.98"," 81","7550.01","  -"
"ZIVIMOX-D E/D                 5ML"," 44","4695.24","  -","0.00","  -","0.00"," 44","4695.24"," 20"
"ZIVIMOX-LP                    5ML"," 30","2818.61","  -","0.00","  -","0.00"," 30","2818.61"," 23"
" TOTAL","1017","130824.19","1668","131195.60","1072","120693.05","1613","205791.","  0"
"TOTAL","16441","1171000.80","16529","1043750.3","15908","1128134.1","17062","1285177","  0"
